[2025-07-14 09:01:52] Запуск парсера. Стартовая страница: 21547
[2025-07-14 09:01:52] Initialization started
[2025-07-14 09:01:52] Directories created - Download: /Users/txcslm/~RIDER/JannyAI/JannyAI/bin/Debug/net9.0/jannyai_characters, Temp: /Users/txcslm/~RIDER/JannyAI/JannyAI/bin/Debug/net9.0/temp_downloads
[2025-07-14 09:01:52] Character index loaded, found 0 existing characters
[2025-07-14 09:01:55] WebDriver initialized
[2025-07-14 09:01:55] Initialization completed successfully
[2025-07-14 09:01:55] Начало парсинга
[2025-07-14 09:01:59] Переход на стартовую страницу: https://jannyai.com/?tag_id=&page=21547
[2025-07-14 09:01:59] Стартовая статистика - страница: 21547, уже скачано: 0
[2025-07-14 09:01:59] Начало обработки страницы 21547
[2025-07-14 09:02:09] WARNING: Грид персонажей не найден на странице 21547. Exception: Timed out after 10 seconds
[2025-07-14 09:02:09] Страница 21547 завершена - обработано: 0, всего: 0
[2025-07-14 09:02:09] Attempting to go to previous page from 21547
[2025-07-14 09:02:09] WARNING: Кнопка 'Prev' не найдена. Exception: no such element: Unable to locate element: {"method":"xpath","selector":"/html/body/div[2]/div[2]/div[2]/nav/ul/li[1]"}
  (Session info: chrome=138.0.7204.101); For documentation on this error, please visit: https://www.selenium.dev/documentation/webdriver/troubleshooting/errors#no-such-element-exception
[2025-07-14 09:02:09] Парсинг завершен - достигнута первая страница
[2025-07-14 09:02:09] ПАРСИНГ ЗАВЕРШЕН - Обработано новых персонажей: 0, Общее количество: 0
[2025-07-14 09:02:09] Cleanup started
[2025-07-14 09:02:09] WebDriver disposed successfully
[2025-07-14 09:02:09] Temporary download folder deleted
[2025-07-14 09:02:09] Cleanup completed
[2025-07-14 09:03:40] Запуск парсера. Стартовая страница: 21547
[2025-07-14 09:03:40] Initialization started
[2025-07-14 09:03:40] Directories created - Download: /Users/txcslm/~RIDER/JannyAI/JannyAI/bin/Debug/net9.0/jannyai_characters, Temp: /Users/txcslm/~RIDER/JannyAI/JannyAI/bin/Debug/net9.0/temp_downloads
[2025-07-14 09:03:40] Character index loaded, found 0 existing characters
[2025-07-14 09:03:41] WebDriver initialized
[2025-07-14 09:03:41] Initialization completed successfully
[2025-07-14 09:03:41] Начало парсинга
[2025-07-14 09:03:44] Переход на стартовую страницу: https://jannyai.com/?tag_id=&page=21547
[2025-07-14 09:03:44] Стартовая статистика - страница: 21547, уже скачано: 0
[2025-07-14 09:03:44] Начало обработки страницы 21547
[2025-07-14 09:03:54] WARNING: Грид персонажей не найден на странице 21547. Exception: Timed out after 10 seconds
[2025-07-14 09:03:54] Страница 21547 завершена - обработано: 0, всего: 0
[2025-07-14 09:03:54] Attempting to go to previous page from 21547
[2025-07-14 09:03:54] WARNING: Кнопка 'Prev' не найдена. Exception: no such element: Unable to locate element: {"method":"xpath","selector":"/html/body/div[2]/div[2]/div[2]/nav/ul/li[1]"}
  (Session info: chrome=138.0.7204.101); For documentation on this error, please visit: https://www.selenium.dev/documentation/webdriver/troubleshooting/errors#no-such-element-exception
[2025-07-14 09:03:54] Парсинг завершен - достигнута первая страница
[2025-07-14 09:03:54] ПАРСИНГ ЗАВЕРШЕН - Обработано новых персонажей: 0, Общее количество: 0
[2025-07-14 09:03:54] Cleanup started
[2025-07-14 09:03:54] WebDriver disposed successfully
[2025-07-14 09:03:54] Temporary download folder deleted
[2025-07-14 09:03:54] Cleanup completed
[2025-07-14 09:04:03] Запуск парсера. Стартовая страница: 1
[2025-07-14 09:04:03] Initialization started
[2025-07-14 09:04:03] Directories created - Download: /Users/txcslm/~RIDER/JannyAI/JannyAI/bin/Debug/net9.0/jannyai_characters, Temp: /Users/txcslm/~RIDER/JannyAI/JannyAI/bin/Debug/net9.0/temp_downloads
[2025-07-14 09:04:03] Character index loaded, found 0 existing characters
[2025-07-14 09:04:04] WebDriver initialized
[2025-07-14 09:04:04] Initialization completed successfully
[2025-07-14 09:04:04] Начало парсинга
[2025-07-14 09:04:07] Переход на стартовую страницу: https://jannyai.com/?tag_id=&page=1
[2025-07-14 09:04:07] Стартовая статистика - страница: 1, уже скачано: 0
[2025-07-14 09:04:07] Начало обработки страницы 1
[2025-07-14 09:04:17] WARNING: Грид персонажей не найден на странице 1. Exception: Timed out after 10 seconds
[2025-07-14 09:04:17] Страница 1 завершена - обработано: 0, всего: 0
[2025-07-14 09:04:17] Attempting to go to previous page from 1
[2025-07-14 09:04:17] ERROR: Ошибка при переходе на предыдущую страницу с 1: no such window: target window already closed
from unknown error: web view not found
  (Session info: chrome=138.0.7204.101)
Stack Trace:    at OpenQA.Selenium.WebDriver.UnpackAndThrowOnError(Response errorResponse, String commandToExecute)
   at OpenQA.Selenium.WebDriver.Execute(String driverCommandToExecute, Dictionary`2 parameters)
   at OpenQA.Selenium.WebDriver.FindElement(String mechanism, String value)
   at OpenQA.Selenium.By.<.ctor>b__11_0(ISearchContext context)
   at OpenQA.Selenium.By.FindElement(ISearchContext context)
   at OpenQA.Selenium.WebDriver.FindElement(By by)
   at ChubDownloader.Program.NavigateToPreviousPageAsync(Int32 currentPageNumber) in /Users/txcslm/~RIDER/JannyAI/JannyAI/Program.cs:line 689
[2025-07-14 09:04:17] Парсинг завершен - достигнута первая страница
[2025-07-14 09:04:17] ПАРСИНГ ЗАВЕРШЕН - Обработано новых персонажей: 0, Общее количество: 0
[2025-07-14 09:04:17] Cleanup started
[2025-07-14 09:04:17] WebDriver disposed successfully
[2025-07-14 09:04:17] Temporary download folder deleted
[2025-07-14 09:04:17] Cleanup completed
[2025-07-14 09:09:29] Запуск парсера. Стартовая страница: 21547
[2025-07-14 09:09:29] Initialization started
[2025-07-14 09:09:29] Directories created - Download: /Users/txcslm/~RIDER/JannyAI/JannyAI/bin/Debug/net9.0/jannyai_characters, Temp: /Users/txcslm/~RIDER/JannyAI/JannyAI/bin/Debug/net9.0/temp_downloads
[2025-07-14 09:09:29] Character index loaded, found 0 existing characters
[2025-07-14 09:09:29] WebDriver initialized
[2025-07-14 09:09:29] Initialization completed successfully
[2025-07-14 09:09:29] Начало парсинга
[2025-07-14 09:09:33] Переход на стартовую страницу: https://jannyai.com/?tag_id=&page=21547
[2025-07-14 09:09:33] Стартовая статистика - страница: 21547, уже скачано: 0
[2025-07-14 09:09:33] Начало обработки страницы 21547
[2025-07-14 09:09:43] WARNING: Грид персонажей не найден на странице 21547. Exception: Timed out after 10 seconds
[2025-07-14 09:09:43] Страница 21547 завершена - обработано: 0, всего: 0
[2025-07-14 09:09:43] Attempting to go to previous page from 21547
[2025-07-14 09:09:43] WARNING: Кнопка 'Prev' не найдена. Exception: no such element: Unable to locate element: {"method":"xpath","selector":"/html/body/div[2]/div[2]/div[2]/nav/ul/li[1]"}
  (Session info: chrome=138.0.7204.101); For documentation on this error, please visit: https://www.selenium.dev/documentation/webdriver/troubleshooting/errors#no-such-element-exception
[2025-07-14 09:09:43] Парсинг завершен - достигнута первая страница
[2025-07-14 09:09:43] ПАРСИНГ ЗАВЕРШЕН - Обработано новых персонажей: 0, Общее количество: 0
[2025-07-14 09:09:43] Cleanup started
[2025-07-14 09:09:43] WebDriver disposed successfully
[2025-07-14 09:09:43] Temporary download folder deleted
[2025-07-14 09:09:43] Cleanup completed
[2025-07-14 09:10:39] Запуск парсера. Стартовая страница: 1
[2025-07-14 09:10:39] Initialization started
[2025-07-14 09:10:39] Directories created - Download: /Users/txcslm/~RIDER/JannyAI/JannyAI/bin/Debug/net9.0/jannyai_characters, Temp: /Users/txcslm/~RIDER/JannyAI/JannyAI/bin/Debug/net9.0/temp_downloads
[2025-07-14 09:10:39] Character index loaded, found 0 existing characters
[2025-07-14 09:10:40] WebDriver initialized
[2025-07-14 09:10:40] Initialization completed successfully
[2025-07-14 09:10:40] Начало парсинга
[2025-07-14 09:10:43] Переход на стартовую страницу: https://jannyai.com/?tag_id=&page=1
[2025-07-14 09:10:43] Стартовая статистика - страница: 1, уже скачано: 0
[2025-07-14 09:10:43] Начало обработки страницы 1
[2025-07-14 09:15:25] Запуск парсера. Стартовая страница: 1
[2025-07-14 09:15:25] Initialization started
[2025-07-14 09:15:25] Directories created - Download: /Users/txcslm/~RIDER/JannyAI/JannyAI/bin/Debug/net9.0/jannyai_characters, Temp: /Users/txcslm/~RIDER/JannyAI/JannyAI/bin/Debug/net9.0/temp_downloads, Profile: /Users/txcslm/~RIDER/JannyAI/JannyAI/bin/Debug/net9.0/ChromeProfile
[2025-07-14 09:15:25] Character index loaded, found 0 existing characters
[2025-07-14 09:15:25] WebDriver initialized with Chrome profile
[2025-07-14 09:15:25] Initialization completed successfully
[2025-07-14 09:15:25] Начало парсинга
[2025-07-14 09:15:28] Переход на стартовую страницу: https://jannyai.com/?tag_id=&page=1
[2025-07-14 09:15:35] User confirmation completed, starting parsing
[2025-07-14 09:15:35] Стартовая статистика - страница: 1, уже скачано: 0
[2025-07-14 09:15:35] Начало обработки страницы 1
[2025-07-14 09:15:46] WARNING: Грид персонажей не найден на странице 1. Exception: Timed out after 10 seconds
[2025-07-14 09:15:46] Страница 1 завершена - обработано: 0, всего: 0
[2025-07-14 09:15:46] Attempting to go to previous page from 1
[2025-07-14 09:15:46] WARNING: Кнопка 'Prev' не найдена. Exception: no such element: Unable to locate element: {"method":"xpath","selector":"/html/body/div[2]/div[2]/div[2]/nav/ul/li[1]"}
  (Session info: chrome=138.0.7204.101); For documentation on this error, please visit: https://www.selenium.dev/documentation/webdriver/troubleshooting/errors#no-such-element-exception
[2025-07-14 09:15:46] Парсинг завершен - достигнута первая страница
[2025-07-14 09:15:46] ПАРСИНГ ЗАВЕРШЕН - Обработано новых персонажей: 0, Общее количество: 0
[2025-07-14 09:15:46] Cleanup started
[2025-07-14 09:15:56] WebDriver disposed successfully
[2025-07-14 09:15:56] Temporary download folder deleted
[2025-07-14 09:15:56] Cleanup completed
[2025-07-14 09:19:29] Запуск парсера. Стартовая страница: 1
[2025-07-14 09:19:29] Initialization started
[2025-07-14 09:19:29] Directories created - Download: /Users/txcslm/~RIDER/JannyAI/JannyAI/bin/Debug/net9.0/jannyai_characters, Temp: /Users/txcslm/~RIDER/JannyAI/JannyAI/bin/Debug/net9.0/temp_downloads, Profile: /Users/txcslm/~RIDER/JannyAI/JannyAI/bin/Debug/net9.0/ChromeProfile
[2025-07-14 09:19:29] Character index loaded, found 0 existing characters
[2025-07-14 09:19:30] CRITICAL ERROR: Критическая ошибка: session not created: probably user data directory is already in use, please specify a unique value for --user-data-dir argument, or don't use --user-data-dir (SessionNotCreated)
Stack trace:    at OpenQA.Selenium.WebDriver.UnpackAndThrowOnError(Response errorResponse, String commandToExecute)
   at OpenQA.Selenium.WebDriver.Execute(String driverCommandToExecute, Dictionary`2 parameters)
   at OpenQA.Selenium.WebDriver.StartSession(ICapabilities desiredCapabilities)
   at OpenQA.Selenium.WebDriver..ctor(ICommandExecutor executor, ICapabilities capabilities)
   at OpenQA.Selenium.Chromium.ChromiumDriver..ctor(ChromiumDriverService service, ChromiumOptions options, TimeSpan commandTimeout)
   at OpenQA.Selenium.Chrome.ChromeDriver..ctor(ChromeDriverService service, ChromeOptions options, TimeSpan commandTimeout)
   at OpenQA.Selenium.Chrome.ChromeDriver..ctor(ChromeOptions options)
   at ChubDownloader.Program.CreateWebDriverInstance() in /Users/txcslm/~RIDER/JannyAI/JannyAI/Program.cs:line 190
   at ChubDownloader.Program.InitializeParserAsync() in /Users/txcslm/~RIDER/JannyAI/JannyAI/Program.cs:line 145
   at ChubDownloader.Program.Main(String[] args) in /Users/txcslm/~RIDER/JannyAI/JannyAI/Program.cs:line 64
[2025-07-14 09:19:30] Cleanup started
[2025-07-14 09:19:30] WebDriver disposed successfully
[2025-07-14 09:19:30] Temporary download folder deleted
[2025-07-14 09:19:30] Cleanup completed
[2025-07-14 09:19:46] Запуск парсера. Стартовая страница: 21547
[2025-07-14 09:19:46] Initialization started
[2025-07-14 09:19:46] Directories created - Download: /Users/txcslm/~RIDER/JannyAI/JannyAI/bin/Debug/net9.0/jannyai_characters, Temp: /Users/txcslm/~RIDER/JannyAI/JannyAI/bin/Debug/net9.0/temp_downloads, Profile: /Users/txcslm/~RIDER/JannyAI/JannyAI/bin/Debug/net9.0/ChromeProfile
[2025-07-14 09:19:46] Character index loaded, found 0 existing characters
[2025-07-14 09:19:47] WebDriver initialized with Chrome profile
[2025-07-14 09:19:47] Initialization completed successfully
[2025-07-14 09:19:47] Начало парсинга
[2025-07-14 09:19:48] Переход на стартовую страницу: https://jannyai.com/?tag_id=&page=21547
[2025-07-14 09:19:55] User confirmation completed, starting parsing
[2025-07-14 09:19:55] Стартовая статистика - страница: 21547, уже скачано: 0
[2025-07-14 09:19:55] Начало обработки страницы 21547
[2025-07-14 09:20:06] WARNING: Грид персонажей не найден на странице 21547. Exception: Timed out after 10 seconds
[2025-07-14 09:20:06] Страница 21547 завершена - обработано: 0, всего: 0
[2025-07-14 09:20:06] Attempting to go to previous page from 21547
[2025-07-14 09:20:06] WARNING: Кнопка 'Prev' не найдена. Exception: no such element: Unable to locate element: {"method":"xpath","selector":"/html/body/div[2]/div[2]/div[2]/nav/ul/li[1]"}
  (Session info: chrome=138.0.7204.101); For documentation on this error, please visit: https://www.selenium.dev/documentation/webdriver/troubleshooting/errors#no-such-element-exception
[2025-07-14 09:20:06] Парсинг завершен - достигнута первая страница
[2025-07-14 09:20:06] ПАРСИНГ ЗАВЕРШЕН - Обработано новых персонажей: 0, Общее количество: 0
[2025-07-14 09:20:06] Cleanup started
[2025-07-14 09:20:06] WebDriver disposed successfully
[2025-07-14 09:20:06] Temporary download folder deleted
[2025-07-14 09:20:06] Cleanup completed
[2025-07-14 09:20:25] Запуск парсера. Стартовая страница: 11111
[2025-07-14 09:20:26] Initialization started
[2025-07-14 09:20:26] Directories created - Download: /Users/txcslm/~RIDER/JannyAI/JannyAI/bin/Debug/net9.0/jannyai_characters, Temp: /Users/txcslm/~RIDER/JannyAI/JannyAI/bin/Debug/net9.0/temp_downloads, Profile: /Users/txcslm/~RIDER/JannyAI/JannyAI/bin/Debug/net9.0/ChromeProfile
[2025-07-14 09:20:26] Character index loaded, found 0 existing characters
[2025-07-14 09:20:26] WebDriver initialized with Chrome profile
[2025-07-14 09:20:26] Initialization completed successfully
[2025-07-14 09:20:26] Начало парсинга
[2025-07-14 09:20:30] Переход на стартовую страницу: https://jannyai.com/?tag_id=&page=11111
[2025-07-14 09:20:40] User confirmation completed, starting parsing
[2025-07-14 09:20:40] Стартовая статистика - страница: 11111, уже скачано: 0
[2025-07-14 09:20:40] Начало обработки страницы 11111
[2025-07-14 09:26:43] Запуск парсера. Стартовая страница: 21547
[2025-07-14 09:26:43] Initialization started
[2025-07-14 09:26:43] Directories created - Download: /Users/txcslm/~RIDER/JannyAI/JannyAI/bin/Debug/net9.0/jannyai_characters, Temp: /Users/txcslm/~RIDER/JannyAI/JannyAI/bin/Debug/net9.0/temp_downloads, Profile: /Users/txcslm/~RIDER/JannyAI/JannyAI/bin/Debug/net9.0/ChromeProfile
[2025-07-14 09:26:43] Character index loaded, found 0 existing characters
[2025-07-14 09:26:44] WebDriver initialized with Chrome profile
[2025-07-14 09:26:44] Initialization completed successfully
[2025-07-14 09:26:44] Начало парсинга
[2025-07-14 09:26:48] Переход на стартовую страницу: https://jannyai.com/?tag_id=&page=21547
[2025-07-14 09:26:53] User confirmation completed, starting parsing
[2025-07-14 09:26:53] Стартовая статистика - страница: 21547, уже скачано: 0
[2025-07-14 09:26:53] Начало обработки страницы 21547
[2025-07-14 09:26:53] Грид персонажей загружен на странице 21547
[2025-07-14 09:26:53] Сохранен URL страницы для возврата: https://jannyai.com/?tag_id=&page=21547
[2025-07-14 09:26:53] Processing character 1/40: 27f8d290-43c4-4191-89ef-19acd28befbe, URL: https://jannyai.com/characters/27f8d290-43c4-4191-89ef-19acd28befbe_character-akane
[2025-07-14 09:26:53] Download attempt 1/3 for character 27f8d290-43c4-4191-89ef-19acd28befbe
[2025-07-14 09:26:54] Navigated to character page: https://jannyai.com/characters/27f8d290-43c4-4191-89ef-19acd28befbe_character-akane
[2025-07-14 09:26:54] Download button found for character 27f8d290-43c4-4191-89ef-19acd28befbe
[2025-07-14 09:26:54] Files before download: 0 for character 27f8d290-43c4-4191-89ef-19acd28befbe
[2025-07-14 09:26:54] Download button clicked for character 27f8d290-43c4-4191-89ef-19acd28befbe
[2025-07-14 09:26:54] Waiting for download file for character 27f8d290-43c4-4191-89ef-19acd28befbe, files before: 0
[2025-07-14 09:27:02] Download timeout for character 27f8d290-43c4-4191-89ef-19acd28befbe after 8000ms
[2025-07-14 09:27:02] WARNING: Файл не скачался для персонажа 27f8d290-43c4-4191-89ef-19acd28befbe (попытка 1)
[2025-07-14 09:27:06] Download attempt 2/3 for character 27f8d290-43c4-4191-89ef-19acd28befbe
[2025-07-14 09:27:07] Navigated to character page: https://jannyai.com/characters/27f8d290-43c4-4191-89ef-19acd28befbe_character-akane
[2025-07-14 09:27:07] Download button found for character 27f8d290-43c4-4191-89ef-19acd28befbe
[2025-07-14 09:27:07] Files before download: 0 for character 27f8d290-43c4-4191-89ef-19acd28befbe
[2025-07-14 09:27:07] Download button clicked for character 27f8d290-43c4-4191-89ef-19acd28befbe
[2025-07-14 09:27:07] Waiting for download file for character 27f8d290-43c4-4191-89ef-19acd28befbe, files before: 0
[2025-07-14 09:27:15] Download timeout for character 27f8d290-43c4-4191-89ef-19acd28befbe after 8000ms
[2025-07-14 09:27:15] WARNING: Файл не скачался для персонажа 27f8d290-43c4-4191-89ef-19acd28befbe (попытка 2)
[2025-07-14 09:27:20] Download attempt 3/3 for character 27f8d290-43c4-4191-89ef-19acd28befbe
[2025-07-14 09:27:21] Navigated to character page: https://jannyai.com/characters/27f8d290-43c4-4191-89ef-19acd28befbe_character-akane
[2025-07-14 09:27:21] Download button found for character 27f8d290-43c4-4191-89ef-19acd28befbe
[2025-07-14 09:27:21] Files before download: 0 for character 27f8d290-43c4-4191-89ef-19acd28befbe
[2025-07-14 09:27:21] Download button clicked for character 27f8d290-43c4-4191-89ef-19acd28befbe
[2025-07-14 09:27:21] Waiting for download file for character 27f8d290-43c4-4191-89ef-19acd28befbe, files before: 0
[2025-07-14 09:27:29] Download timeout for character 27f8d290-43c4-4191-89ef-19acd28befbe after 8000ms
[2025-07-14 09:27:29] WARNING: Файл не скачался для персонажа 27f8d290-43c4-4191-89ef-19acd28befbe (попытка 3)
[2025-07-14 09:27:30] FAILED: Could not download character 27f8d290-43c4-4191-89ef-19acd28befbe
[2025-07-14 09:27:31] Processing character 2/40: 86337e39-5782-4751-881e-e4b94b7edec3, URL: https://jannyai.com/characters/86337e39-5782-4751-881e-e4b94b7edec3_character-zhenya
[2025-07-14 09:27:31] Download attempt 1/3 for character 86337e39-5782-4751-881e-e4b94b7edec3
[2025-07-14 09:27:32] Navigated to character page: https://jannyai.com/characters/86337e39-5782-4751-881e-e4b94b7edec3_character-zhenya
[2025-07-14 09:27:32] Download button found for character 86337e39-5782-4751-881e-e4b94b7edec3
[2025-07-14 09:27:32] Files before download: 0 for character 86337e39-5782-4751-881e-e4b94b7edec3
[2025-07-14 09:27:32] Download button clicked for character 86337e39-5782-4751-881e-e4b94b7edec3
[2025-07-14 09:27:32] Waiting for download file for character 86337e39-5782-4751-881e-e4b94b7edec3, files before: 0
[2025-07-14 09:34:36] Запуск парсера. Стартовая страница: 21692
[2025-07-14 09:34:36] Initialization started
[2025-07-14 09:34:36] Directories created - Download: /Users/txcslm/~RIDER/JannyAI/JannyAI/bin/Debug/net9.0/jannyai_characters, Temp: /Users/txcslm/~RIDER/JannyAI/JannyAI/bin/Debug/net9.0/temp_downloads, Profile: /Users/txcslm/~RIDER/JannyAI/JannyAI/bin/Debug/net9.0/ChromeProfile
[2025-07-14 09:34:36] Character index loaded, found 0 existing characters
[2025-07-14 09:34:37] WebDriver initialized with Chrome profile
[2025-07-14 09:34:37] Initialization completed successfully
[2025-07-14 09:34:37] Начало парсинга
[2025-07-14 09:34:39] Переход на стартовую страницу: https://jannyai.com/?tag_id=&page=21692
[2025-07-14 09:34:42] User confirmation completed, starting parsing
[2025-07-14 09:34:42] Стартовая статистика - страница: 21692, уже скачано: 0
[2025-07-14 09:34:42] Начало обработки страницы 21692
[2025-07-14 09:34:42] Грид персонажей загружен на странице 21692
[2025-07-14 09:34:42] Сохранен URL страницы для возврата: https://jannyai.com/?tag_id=&page=21692
[2025-07-14 09:34:42] Processing character 1/40: 46f61c2d-ffdb-43cc-b71b-a0fa2a2c0fcb, URL: https://jannyai.com/characters/46f61c2d-ffdb-43cc-b71b-a0fa2a2c0fcb_character-jane
[2025-07-14 09:34:42] Download attempt 1/3 for character 46f61c2d-ffdb-43cc-b71b-a0fa2a2c0fcb
[2025-07-14 09:34:43] Navigated to character page: https://jannyai.com/characters/46f61c2d-ffdb-43cc-b71b-a0fa2a2c0fcb_character-jane
[2025-07-14 09:34:43] Download button found for character 46f61c2d-ffdb-43cc-b71b-a0fa2a2c0fcb
[2025-07-14 09:34:43] Files before download: 0 for character 46f61c2d-ffdb-43cc-b71b-a0fa2a2c0fcb
[2025-07-14 09:34:43] Download button clicked for character 46f61c2d-ffdb-43cc-b71b-a0fa2a2c0fcb
[2025-07-14 09:34:43] Waiting for download file for character 46f61c2d-ffdb-43cc-b71b-a0fa2a2c0fcb, files before: 0
[2025-07-14 09:34:52] Download timeout for character 46f61c2d-ffdb-43cc-b71b-a0fa2a2c0fcb after 8000ms
[2025-07-14 09:34:52] WARNING: Файл не скачался для персонажа 46f61c2d-ffdb-43cc-b71b-a0fa2a2c0fcb (попытка 1)
[2025-07-14 09:34:56] Download attempt 2/3 for character 46f61c2d-ffdb-43cc-b71b-a0fa2a2c0fcb
[2025-07-14 09:34:57] Navigated to character page: https://jannyai.com/characters/46f61c2d-ffdb-43cc-b71b-a0fa2a2c0fcb_character-jane
[2025-07-14 09:34:57] Download button found for character 46f61c2d-ffdb-43cc-b71b-a0fa2a2c0fcb
[2025-07-14 09:34:57] Files before download: 0 for character 46f61c2d-ffdb-43cc-b71b-a0fa2a2c0fcb
[2025-07-14 09:34:57] Download button clicked for character 46f61c2d-ffdb-43cc-b71b-a0fa2a2c0fcb
[2025-07-14 09:34:57] Waiting for download file for character 46f61c2d-ffdb-43cc-b71b-a0fa2a2c0fcb, files before: 0
[2025-07-14 09:35:05] Download timeout for character 46f61c2d-ffdb-43cc-b71b-a0fa2a2c0fcb after 8000ms
[2025-07-14 09:35:05] WARNING: Файл не скачался для персонажа 46f61c2d-ffdb-43cc-b71b-a0fa2a2c0fcb (попытка 2)
[2025-07-14 09:35:10] Download attempt 3/3 for character 46f61c2d-ffdb-43cc-b71b-a0fa2a2c0fcb
[2025-07-14 09:35:11] Navigated to character page: https://jannyai.com/characters/46f61c2d-ffdb-43cc-b71b-a0fa2a2c0fcb_character-jane
[2025-07-14 09:35:11] Download button found for character 46f61c2d-ffdb-43cc-b71b-a0fa2a2c0fcb
[2025-07-14 09:35:11] Files before download: 0 for character 46f61c2d-ffdb-43cc-b71b-a0fa2a2c0fcb
[2025-07-14 09:35:11] Download button clicked for character 46f61c2d-ffdb-43cc-b71b-a0fa2a2c0fcb
[2025-07-14 09:35:11] Waiting for download file for character 46f61c2d-ffdb-43cc-b71b-a0fa2a2c0fcb, files before: 0
[2025-07-14 09:35:19] Download timeout for character 46f61c2d-ffdb-43cc-b71b-a0fa2a2c0fcb after 8000ms
[2025-07-14 09:35:19] WARNING: Файл не скачался для персонажа 46f61c2d-ffdb-43cc-b71b-a0fa2a2c0fcb (попытка 3)
[2025-07-14 09:35:20] FAILED: Could not download character 46f61c2d-ffdb-43cc-b71b-a0fa2a2c0fcb
[2025-07-14 09:35:20] Processing character 2/40: 30b1d68c-c4fd-44ca-a5d5-edbce82285ca, URL: https://jannyai.com/characters/30b1d68c-c4fd-44ca-a5d5-edbce82285ca_character-han-ju-ri
[2025-07-14 09:35:20] Download attempt 1/3 for character 30b1d68c-c4fd-44ca-a5d5-edbce82285ca
[2025-07-14 09:35:21] Navigated to character page: https://jannyai.com/characters/30b1d68c-c4fd-44ca-a5d5-edbce82285ca_character-han-ju-ri
[2025-07-14 09:35:21] Download button found for character 30b1d68c-c4fd-44ca-a5d5-edbce82285ca
[2025-07-14 09:35:21] Files before download: 0 for character 30b1d68c-c4fd-44ca-a5d5-edbce82285ca
[2025-07-14 09:35:21] Download button clicked for character 30b1d68c-c4fd-44ca-a5d5-edbce82285ca
[2025-07-14 09:35:21] Waiting for download file for character 30b1d68c-c4fd-44ca-a5d5-edbce82285ca, files before: 0
[2025-07-14 09:35:29] Download timeout for character 30b1d68c-c4fd-44ca-a5d5-edbce82285ca after 8000ms
[2025-07-14 09:35:29] WARNING: Файл не скачался для персонажа 30b1d68c-c4fd-44ca-a5d5-edbce82285ca (попытка 1)
[2025-07-14 09:52:35] Запуск парсера. Стартовая страница: 1000
[2025-07-14 09:52:35] Initialization started
[2025-07-14 09:52:35] Directories created - Download: /Users/txcslm/~RIDER/JannyAI/JannyAI/bin/Debug/net9.0/jannyai_characters, Temp: /Users/txcslm/~RIDER/JannyAI/JannyAI/bin/Debug/net9.0/temp_downloads, Profile: /Users/txcslm/~RIDER/JannyAI/JannyAI/bin/Debug/net9.0/ChromeProfile
[2025-07-14 09:52:35] Character index loaded, found 0 existing characters
[2025-07-14 09:52:36] WebDriver initialized with Chrome profile
[2025-07-14 09:52:36] Initialization completed successfully
[2025-07-14 09:52:36] Начало парсинга
[2025-07-14 09:52:39] Переход на стартовую страницу: https://jannyai.com/?tag_id=&page=1000
[2025-07-14 09:52:42] User confirmation completed, starting parsing
[2025-07-14 09:52:42] Стартовая статистика - страница: 1000, уже скачано: 0
[2025-07-14 09:52:42] Начало обработки страницы 1000
[2025-07-14 09:52:42] Грид персонажей загружен на странице 1000
[2025-07-14 09:52:42] Сохранен URL страницы для возврата: https://jannyai.com/?tag_id=&page=1000
[2025-07-14 09:52:42] Processing character 1/40: 6b209812-370d-4267-96f1-4bd89f91c15e, URL: https://jannyai.com/characters/6b209812-370d-4267-96f1-4bd89f91c15e_character-darth-talon
[2025-07-14 09:52:42] Download attempt 1/1 for character 6b209812-370d-4267-96f1-4bd89f91c15e
[2025-07-14 09:52:43] Navigated to character page: https://jannyai.com/characters/6b209812-370d-4267-96f1-4bd89f91c15e_character-darth-talon
[2025-07-14 09:52:43] Download button found for character 6b209812-370d-4267-96f1-4bd89f91c15e
[2025-07-14 09:52:43] PNG files before download: 0 for character 6b209812-370d-4267-96f1-4bd89f91c15e
[2025-07-14 09:52:43] Download button clicked for character 6b209812-370d-4267-96f1-4bd89f91c15e
[2025-07-14 09:52:43] Waiting for download file for character 6b209812-370d-4267-96f1-4bd89f91c15e, files before: 0
[2025-07-14 09:52:43] New file detected for 6b209812-370d-4267-96f1-4bd89f91c15e: /Users/txcslm/~RIDER/JannyAI/JannyAI/bin/Debug/net9.0/temp_downloads/Darth talon.card.png, size: 1282235 bytes
[2025-07-14 09:52:44] File download confirmed for 6b209812-370d-4267-96f1-4bd89f91c15e - stable size: 1282235 bytes
[2025-07-14 09:52:44] Processing PNG file: /Users/txcslm/~RIDER/JannyAI/JannyAI/bin/Debug/net9.0/temp_downloads/Darth talon.card.png for character 6b209812-370d-4267-96f1-4bd89f91c15e
[2025-07-14 09:52:44] ERROR: Could not extract character data from PNG for 6b209812-370d-4267-96f1-4bd89f91c15e
[2025-07-14 09:52:45] Returned to list page after downloading 6b209812-370d-4267-96f1-4bd89f91c15e
[2025-07-14 09:52:45] FAILED: Could not download character 6b209812-370d-4267-96f1-4bd89f91c15e
[2025-07-14 09:52:45] Завершена обработка страницы 1000, обработано персонажей: 0
[2025-07-14 09:52:45] Страница 1000 завершена - обработано: 0, всего: 0
[2025-07-14 09:52:45] Attempting to go to previous page from 1000
[2025-07-14 09:52:45] WARNING: Кнопка 'Prev' не найдена. Exception: no such element: Unable to locate element: {"method":"xpath","selector":"/html/body/div[2]/div[2]/div[2]/nav/ul/li[1]"}
  (Session info: chrome=138.0.7204.101); For documentation on this error, please visit: https://www.selenium.dev/documentation/webdriver/troubleshooting/errors#no-such-element-exception
[2025-07-14 09:52:45] Парсинг завершен - достигнута первая страница
[2025-07-14 09:52:45] ПАРСИНГ ЗАВЕРШЕН - Обработано новых персонажей: 0, Общее количество: 0
[2025-07-14 09:52:45] Cleanup started
[2025-07-14 09:52:46] WebDriver disposed successfully
[2025-07-14 09:52:46] Temporary download folder deleted
[2025-07-14 09:52:46] Cleanup completed
[2025-07-14 09:55:48] Запуск парсера. Стартовая страница: 1000
[2025-07-14 09:55:48] Initialization started
[2025-07-14 09:55:48] Directories created - Download: /Users/txcslm/~RIDER/JannyAI/JannyAI/bin/Debug/net9.0/jannyai_characters, Temp: /Users/txcslm/~RIDER/JannyAI/JannyAI/bin/Debug/net9.0/temp_downloads, Profile: /Users/txcslm/~RIDER/JannyAI/JannyAI/bin/Debug/net9.0/ChromeProfile
[2025-07-14 09:55:48] Character index loaded, found 0 existing characters
[2025-07-14 09:55:49] WebDriver initialized with Chrome profile
[2025-07-14 09:55:49] Initialization completed successfully
[2025-07-14 09:55:49] Начало парсинга
[2025-07-14 09:55:51] Переход на стартовую страницу: https://jannyai.com/?tag_id=&page=1000
[2025-07-14 09:55:54] User confirmation completed, starting parsing
[2025-07-14 09:55:54] Стартовая статистика - страница: 1000, уже скачано: 0
[2025-07-14 09:55:54] Начало обработки страницы 1000
[2025-07-14 09:55:54] Грид персонажей загружен на странице 1000
[2025-07-14 09:55:54] Сохранен URL страницы для возврата: https://jannyai.com/?tag_id=&page=1000
[2025-07-14 09:55:54] Processing character 1/40: 6b209812-370d-4267-96f1-4bd89f91c15e, URL: https://jannyai.com/characters/6b209812-370d-4267-96f1-4bd89f91c15e_character-darth-talon
[2025-07-14 09:55:54] Download attempt 1/1 for character 6b209812-370d-4267-96f1-4bd89f91c15e
[2025-07-14 09:55:55] Navigated to character page: https://jannyai.com/characters/6b209812-370d-4267-96f1-4bd89f91c15e_character-darth-talon
[2025-07-14 09:55:55] Download button found for character 6b209812-370d-4267-96f1-4bd89f91c15e
[2025-07-14 09:55:55] PNG files before download: 0 for character 6b209812-370d-4267-96f1-4bd89f91c15e
[2025-07-14 09:55:55] Download button clicked for character 6b209812-370d-4267-96f1-4bd89f91c15e
[2025-07-14 09:55:55] Waiting for download file for character 6b209812-370d-4267-96f1-4bd89f91c15e, files before: 0
[2025-07-14 09:55:56] New file detected for 6b209812-370d-4267-96f1-4bd89f91c15e: /Users/txcslm/~RIDER/JannyAI/JannyAI/bin/Debug/net9.0/temp_downloads/Darth talon.card.png, size: 1282235 bytes
[2025-07-14 09:55:56] File download confirmed for 6b209812-370d-4267-96f1-4bd89f91c15e - stable size: 1282235 bytes
[2025-07-14 09:55:56] Processing PNG file: /Users/txcslm/~RIDER/JannyAI/JannyAI/bin/Debug/net9.0/temp_downloads/Darth talon.card.png for character 6b209812-370d-4267-96f1-4bd89f91c15e
[2025-07-14 09:55:56] ERROR: Could not extract character data from PNG for 6b209812-370d-4267-96f1-4bd89f91c15e
[2025-07-14 09:55:57] Returned to list page after downloading 6b209812-370d-4267-96f1-4bd89f91c15e
[2025-07-14 09:55:57] FAILED: Could not download character 6b209812-370d-4267-96f1-4bd89f91c15e
[2025-07-14 09:55:57] Завершена обработка страницы 1000, обработано персонажей: 0
[2025-07-14 09:55:57] Страница 1000 завершена - обработано: 0, всего: 0
[2025-07-14 09:55:57] Attempting to go to previous page from 1000
[2025-07-14 09:55:57] WARNING: Кнопка 'Prev' не найдена. Exception: no such element: Unable to locate element: {"method":"xpath","selector":"/html/body/div[2]/div[2]/div[2]/nav/ul/li[1]"}
  (Session info: chrome=138.0.7204.101); For documentation on this error, please visit: https://www.selenium.dev/documentation/webdriver/troubleshooting/errors#no-such-element-exception
[2025-07-14 09:55:57] Парсинг завершен - достигнута первая страница
[2025-07-14 09:55:57] ПАРСИНГ ЗАВЕРШЕН - Обработано новых персонажей: 0, Общее количество: 0
[2025-07-14 09:55:57] Cleanup started
[2025-07-14 09:55:58] WebDriver disposed successfully
[2025-07-14 09:55:58] Temporary download folder deleted
[2025-07-14 09:55:58] Cleanup completed
[2025-07-14 10:06:59] Запуск парсера. Стартовая страница: 1000
[2025-07-14 10:06:59] Initialization started
[2025-07-14 10:06:59] Directories created - Download: /Users/txcslm/~RIDER/JannyAI/JannyAI/bin/Debug/net9.0/jannyai_characters, Temp: /Users/txcslm/~RIDER/JannyAI/JannyAI/bin/Debug/net9.0/temp_downloads, Profile: /Users/txcslm/~RIDER/JannyAI/JannyAI/bin/Debug/net9.0/ChromeProfile
[2025-07-14 10:06:59] Character index loaded, found 0 existing characters
[2025-07-14 10:07:01] WebDriver initialized with Chrome profile
[2025-07-14 10:07:01] Initialization completed successfully
[2025-07-14 10:07:01] Начало парсинга
[2025-07-14 10:07:03] Переход на стартовую страницу: https://jannyai.com/?tag_id=&page=1000
[2025-07-14 10:07:06] User confirmation completed, starting parsing
[2025-07-14 10:07:06] Стартовая статистика - страница: 1000, уже скачано: 0
[2025-07-14 10:07:06] Начало обработки страницы 1000
[2025-07-14 10:07:06] Грид персонажей загружен на странице 1000
[2025-07-14 10:07:06] Сохранен URL страницы для возврата: https://jannyai.com/?tag_id=&page=1000
[2025-07-14 10:07:06] Processing character 1/40: 6b209812-370d-4267-96f1-4bd89f91c15e, URL: https://jannyai.com/characters/6b209812-370d-4267-96f1-4bd89f91c15e_character-darth-talon
[2025-07-14 10:07:06] Download attempt 1/1 for character 6b209812-370d-4267-96f1-4bd89f91c15e
[2025-07-14 10:07:07] Navigated to character page: https://jannyai.com/characters/6b209812-370d-4267-96f1-4bd89f91c15e_character-darth-talon
[2025-07-14 10:07:07] Download button found for character 6b209812-370d-4267-96f1-4bd89f91c15e
[2025-07-14 10:07:07] PNG files before download: 0 for character 6b209812-370d-4267-96f1-4bd89f91c15e
[2025-07-14 10:07:07] Download button clicked for character 6b209812-370d-4267-96f1-4bd89f91c15e
[2025-07-14 10:07:07] Waiting for download file for character 6b209812-370d-4267-96f1-4bd89f91c15e, files before: 0
[2025-07-14 10:07:08] New file detected for 6b209812-370d-4267-96f1-4bd89f91c15e: /Users/txcslm/~RIDER/JannyAI/JannyAI/bin/Debug/net9.0/temp_downloads/Darth talon.card.png, size: 1282235 bytes
[2025-07-14 10:07:08] File download confirmed for 6b209812-370d-4267-96f1-4bd89f91c15e - stable size: 1282235 bytes
[2025-07-14 10:07:08] Processing PNG file: /Users/txcslm/~RIDER/JannyAI/JannyAI/bin/Debug/net9.0/temp_downloads/Darth talon.card.png for character 6b209812-370d-4267-96f1-4bd89f91c15e
[2025-07-14 10:07:08] JSON file successfully created for 6b209812-370d-4267-96f1-4bd89f91c15e, size: 13437 bytes
[2025-07-14 10:07:09] Returned to list page after downloading 6b209812-370d-4267-96f1-4bd89f91c15e
[2025-07-14 10:07:09] SUCCESS: Character 6b209812-370d-4267-96f1-4bd89f91c15e downloaded successfully
[2025-07-14 10:07:10] Завершена обработка страницы 1000, обработано персонажей: 1
[2025-07-14 10:07:10] Страница 1000 завершена - обработано: 1, всего: 1
[2025-07-14 10:07:10] Attempting to go to previous page from 1000
[2025-07-14 10:07:10] WARNING: Кнопка 'Prev' не найдена. Exception: no such element: Unable to locate element: {"method":"xpath","selector":"/html/body/div[2]/div[2]/div[2]/nav/ul/li[1]"}
  (Session info: chrome=138.0.7204.101); For documentation on this error, please visit: https://www.selenium.dev/documentation/webdriver/troubleshooting/errors#no-such-element-exception
[2025-07-14 10:07:10] Парсинг завершен - достигнута первая страница
[2025-07-14 10:07:10] ПАРСИНГ ЗАВЕРШЕН - Обработано новых персонажей: 1, Общее количество: 1
[2025-07-14 10:07:10] Cleanup started
[2025-07-14 10:07:10] WebDriver disposed successfully
[2025-07-14 10:07:10] Temporary download folder deleted
[2025-07-14 10:07:10] Cleanup completed
[2025-07-14 10:37:46] Initialization started
[2025-07-14 10:37:46] Directories created - Download: /Users/txcslm/~RIDER/JannyAI/JannyAI/bin/Debug/net9.0/jannyai_characters, Temp: /Users/txcslm/~RIDER/JannyAI/JannyAI/bin/Debug/net9.0/temp_downloads, Profile: /Users/txcslm/~RIDER/JannyAI/JannyAI/bin/Debug/net9.0/ChromeProfile
[2025-07-14 10:37:46] Character index loaded, found 1 existing characters
[2025-07-14 10:37:46] WebDriver initialized with Chrome profile
[2025-07-14 10:37:46] Initialization completed successfully
[2025-07-14 10:37:48] Last page detected: 1
[2025-07-14 10:37:54] Запуск парсера. Стартовая страница: 1, последняя страница: 1
[2025-07-14 10:37:54] Начало парсинга
[2025-07-14 10:37:55] Переход на стартовую страницу: https://jannyai.com/?tag_id=&page=1
[2025-07-14 10:37:55] Starting parsing
[2025-07-14 10:37:55] Стартовая статистика - страница: 1, уже скачано: 1
[2025-07-14 10:37:55] Начало обработки страницы 1
[2025-07-14 10:37:55] Грид персонажей загружен на странице 1
[2025-07-14 10:37:55] Сохранен URL страницы для возврата: https://jannyai.com/?tag_id=&page=1
[2025-07-14 10:37:55] Processing character 1/40: ac485aff-071f-4a58-9f1c-c07f35a13a0f, URL: https://jannyai.com/characters/ac485aff-071f-4a58-9f1c-c07f35a13a0f_character-olivia
[2025-07-14 10:37:55] Download attempt 1/3 for character ac485aff-071f-4a58-9f1c-c07f35a13a0f
[2025-07-14 10:37:56] Navigated to character page: https://jannyai.com/characters/ac485aff-071f-4a58-9f1c-c07f35a13a0f_character-olivia
[2025-07-14 10:37:56] Download button found for character ac485aff-071f-4a58-9f1c-c07f35a13a0f
[2025-07-14 10:37:56] PNG files before download: 0 for character ac485aff-071f-4a58-9f1c-c07f35a13a0f
[2025-07-14 10:37:56] Download button clicked for character ac485aff-071f-4a58-9f1c-c07f35a13a0f
[2025-07-14 10:37:56] Waiting for download file for character ac485aff-071f-4a58-9f1c-c07f35a13a0f, files before: 0
[2025-07-14 10:38:04] Download timeout for character ac485aff-071f-4a58-9f1c-c07f35a13a0f after 8000ms
[2025-07-14 10:38:04] WARNING: Файл не скачался для персонажа ac485aff-071f-4a58-9f1c-c07f35a13a0f (попытка 1)
[2025-07-14 10:38:09] Download attempt 2/3 for character ac485aff-071f-4a58-9f1c-c07f35a13a0f
[2025-07-14 10:38:10] Navigated to character page: https://jannyai.com/characters/ac485aff-071f-4a58-9f1c-c07f35a13a0f_character-olivia
[2025-07-14 10:38:10] Download button found for character ac485aff-071f-4a58-9f1c-c07f35a13a0f
[2025-07-14 10:38:10] PNG files before download: 0 for character ac485aff-071f-4a58-9f1c-c07f35a13a0f
[2025-07-14 10:38:10] Download button clicked for character ac485aff-071f-4a58-9f1c-c07f35a13a0f
[2025-07-14 10:38:10] Waiting for download file for character ac485aff-071f-4a58-9f1c-c07f35a13a0f, files before: 0
[2025-07-14 10:38:18] Download timeout for character ac485aff-071f-4a58-9f1c-c07f35a13a0f after 8000ms
[2025-07-14 10:38:18] WARNING: Файл не скачался для персонажа ac485aff-071f-4a58-9f1c-c07f35a13a0f (попытка 2)
[2025-07-14 10:38:22] Download attempt 3/3 for character ac485aff-071f-4a58-9f1c-c07f35a13a0f
[2025-07-14 10:38:23] Navigated to character page: https://jannyai.com/characters/ac485aff-071f-4a58-9f1c-c07f35a13a0f_character-olivia
[2025-07-14 10:38:23] Download button found for character ac485aff-071f-4a58-9f1c-c07f35a13a0f
[2025-07-14 10:38:23] PNG files before download: 0 for character ac485aff-071f-4a58-9f1c-c07f35a13a0f
[2025-07-14 10:38:23] Download button clicked for character ac485aff-071f-4a58-9f1c-c07f35a13a0f
[2025-07-14 10:38:23] Waiting for download file for character ac485aff-071f-4a58-9f1c-c07f35a13a0f, files before: 0
[2025-07-14 10:43:06] Initialization started
[2025-07-14 10:43:06] Directories created - Download: /Users/txcslm/~RIDER/JannyAI/JannyAI/bin/Debug/net9.0/jannyai_characters, Temp: /Users/txcslm/~RIDER/JannyAI/JannyAI/bin/Debug/net9.0/temp_downloads, Profile: /Users/txcslm/~RIDER/JannyAI/JannyAI/bin/Debug/net9.0/ChromeProfile
[2025-07-14 10:43:06] Character index loaded, found 1 existing characters
[2025-07-14 10:43:06] WebDriver initialized with Chrome profile
[2025-07-14 10:43:06] Initialization completed successfully
[2025-07-14 10:43:09] Last page detected: 21692
[2025-07-14 10:43:14] Запуск парсера. Стартовая страница: 21692, последняя страница: 21692
[2025-07-14 10:43:14] Начало парсинга
[2025-07-14 10:43:15] Переход на стартовую страницу: https://jannyai.com/?tag_id=&page=21692
[2025-07-14 10:43:15] Starting parsing
[2025-07-14 10:43:15] Стартовая статистика - страница: 21692, уже скачано: 1
[2025-07-14 10:43:15] Начало обработки страницы 21692
[2025-07-14 10:43:25] WARNING: Грид персонажей не найден на странице 21692. Exception: Timed out after 10 seconds
[2025-07-14 10:43:25] Страница 21692 завершена - обработано: 0, всего: 0
[2025-07-14 10:43:25] Attempting to go to previous page from 21692
[2025-07-14 10:43:25] WARNING: Не удалось найти способ перехода на предыдущую страницу
[2025-07-14 10:43:25] Парсинг завершен - достигнута первая страница
[2025-07-14 10:43:25] ПАРСИНГ ЗАВЕРШЕН - Обработано новых персонажей: 0, Общее количество: 1
[2025-07-14 10:43:25] Cleanup started
[2025-07-14 10:43:36] WebDriver disposed successfully
[2025-07-14 10:43:36] Temporary download folder deleted
[2025-07-14 10:43:36] Cleanup completed
[2025-07-14 10:50:15] Initialization started
[2025-07-14 10:50:15] Directories created - Download: /Users/txcslm/~RIDER/JannyAI/JannyAI/bin/Debug/net9.0/jannyai_characters, Temp: /Users/txcslm/~RIDER/JannyAI/JannyAI/bin/Debug/net9.0/temp_downloads, Profile: /Users/txcslm/~RIDER/JannyAI/JannyAI/bin/Debug/net9.0/ChromeProfile
[2025-07-14 10:50:15] Character index loaded, found 1 existing characters
[2025-07-14 10:50:16] WebDriver initialized with Chrome profile
[2025-07-14 10:50:16] Initialization completed successfully
[2025-07-14 10:50:20] Last page detected: 21692
[2025-07-14 10:50:25] Запуск парсера. Стартовая страница: 21692, последняя страница: 21692
[2025-07-14 10:50:25] Начало парсинга
[2025-07-14 10:50:26] Переход на стартовую страницу: https://jannyai.com/?tag_id=&page=21692
[2025-07-14 10:50:26] Starting parsing
[2025-07-14 10:50:26] Стартовая статистика - страница: 21692, уже скачано: 1
[2025-07-14 10:50:26] Начало обработки страницы 21692
[2025-07-14 10:50:26] Грид персонажей загружен на странице 21692
[2025-07-14 10:50:26] Сохранен URL страницы для возврата: https://jannyai.com/?tag_id=&page=21692
[2025-07-14 10:50:26] Processing character 1/40: 46f61c2d-ffdb-43cc-b71b-a0fa2a2c0fcb, URL: https://jannyai.com/characters/46f61c2d-ffdb-43cc-b71b-a0fa2a2c0fcb_character-jane
[2025-07-14 10:50:26] Download attempt 1/3 for character 46f61c2d-ffdb-43cc-b71b-a0fa2a2c0fcb
[2025-07-14 10:50:27] Navigated to character page: https://jannyai.com/characters/46f61c2d-ffdb-43cc-b71b-a0fa2a2c0fcb_character-jane
[2025-07-14 10:50:28] Download button found for character 46f61c2d-ffdb-43cc-b71b-a0fa2a2c0fcb
[2025-07-14 10:50:28] Files before download: 0 for character 46f61c2d-ffdb-43cc-b71b-a0fa2a2c0fcb
[2025-07-14 10:50:28] Download button clicked for character 46f61c2d-ffdb-43cc-b71b-a0fa2a2c0fcb
[2025-07-14 10:50:28] Waiting for download file for character 46f61c2d-ffdb-43cc-b71b-a0fa2a2c0fcb, files before: 0
[2025-07-14 10:50:28] New file detected for 46f61c2d-ffdb-43cc-b71b-a0fa2a2c0fcb: /Users/txcslm/~RIDER/JannyAI/JannyAI/bin/Debug/net9.0/temp_downloads/Jane.card.png, size: 764672 bytes
[2025-07-14 10:50:29] File download confirmed for 46f61c2d-ffdb-43cc-b71b-a0fa2a2c0fcb - stable size: 764672 bytes
[2025-07-14 10:50:29] Moving file from /Users/txcslm/~RIDER/JannyAI/JannyAI/bin/Debug/net9.0/temp_downloads/Jane.card.png to /Users/txcslm/~RIDER/JannyAI/JannyAI/bin/Debug/net9.0/jannyai_characters/46f61c2d-ffdb-43cc-b71b-a0fa2a2c0fcb.png
[2025-07-14 10:50:29] File successfully saved for 46f61c2d-ffdb-43cc-b71b-a0fa2a2c0fcb, size: 764672 bytes
[2025-07-14 10:50:30] Returned to list page after downloading 46f61c2d-ffdb-43cc-b71b-a0fa2a2c0fcb
[2025-07-14 10:50:30] SUCCESS: Character 46f61c2d-ffdb-43cc-b71b-a0fa2a2c0fcb downloaded successfully
[2025-07-14 10:50:30] Processing character 2/40: 30b1d68c-c4fd-44ca-a5d5-edbce82285ca, URL: https://jannyai.com/characters/30b1d68c-c4fd-44ca-a5d5-edbce82285ca_character-han-ju-ri
[2025-07-14 10:50:30] Download attempt 1/3 for character 30b1d68c-c4fd-44ca-a5d5-edbce82285ca
[2025-07-14 10:50:31] Navigated to character page: https://jannyai.com/characters/30b1d68c-c4fd-44ca-a5d5-edbce82285ca_character-han-ju-ri
[2025-07-14 10:50:32] Download button found for character 30b1d68c-c4fd-44ca-a5d5-edbce82285ca
[2025-07-14 10:50:32] Files before download: 0 for character 30b1d68c-c4fd-44ca-a5d5-edbce82285ca
[2025-07-14 10:50:32] Download button clicked for character 30b1d68c-c4fd-44ca-a5d5-edbce82285ca
[2025-07-14 10:50:32] Waiting for download file for character 30b1d68c-c4fd-44ca-a5d5-edbce82285ca, files before: 0
[2025-07-14 10:50:33] New file detected for 30b1d68c-c4fd-44ca-a5d5-edbce82285ca: /Users/txcslm/~RIDER/JannyAI/JannyAI/bin/Debug/net9.0/temp_downloads/Han Ju-ri.card.png, size: 1282226 bytes
[2025-07-14 10:50:33] File download confirmed for 30b1d68c-c4fd-44ca-a5d5-edbce82285ca - stable size: 1282226 bytes
[2025-07-14 10:50:33] Moving file from /Users/txcslm/~RIDER/JannyAI/JannyAI/bin/Debug/net9.0/temp_downloads/Han Ju-ri.card.png to /Users/txcslm/~RIDER/JannyAI/JannyAI/bin/Debug/net9.0/jannyai_characters/30b1d68c-c4fd-44ca-a5d5-edbce82285ca.png
[2025-07-14 10:50:33] File successfully saved for 30b1d68c-c4fd-44ca-a5d5-edbce82285ca, size: 1282226 bytes
[2025-07-14 10:50:34] Returned to list page after downloading 30b1d68c-c4fd-44ca-a5d5-edbce82285ca
[2025-07-14 10:50:34] SUCCESS: Character 30b1d68c-c4fd-44ca-a5d5-edbce82285ca downloaded successfully
[2025-07-14 10:50:35] Processing character 3/40: 6dae9e71-3d7b-4713-b1b0-4966e4aa59d4, URL: https://jannyai.com/characters/6dae9e71-3d7b-4713-b1b0-4966e4aa59d4_character-kanao
[2025-07-14 10:50:35] Download attempt 1/3 for character 6dae9e71-3d7b-4713-b1b0-4966e4aa59d4
[2025-07-14 10:50:36] Navigated to character page: https://jannyai.com/characters/6dae9e71-3d7b-4713-b1b0-4966e4aa59d4_character-kanao
[2025-07-14 10:50:37] Download button found for character 6dae9e71-3d7b-4713-b1b0-4966e4aa59d4
[2025-07-14 10:50:37] Files before download: 0 for character 6dae9e71-3d7b-4713-b1b0-4966e4aa59d4
[2025-07-14 10:50:37] Download button clicked for character 6dae9e71-3d7b-4713-b1b0-4966e4aa59d4
[2025-07-14 10:50:37] Waiting for download file for character 6dae9e71-3d7b-4713-b1b0-4966e4aa59d4, files before: 0
[2025-07-14 10:50:37] New file detected for 6dae9e71-3d7b-4713-b1b0-4966e4aa59d4: /Users/txcslm/~RIDER/JannyAI/JannyAI/bin/Debug/net9.0/temp_downloads/Kanao.card.png, size: 602646 bytes
[2025-07-14 10:50:38] File download confirmed for 6dae9e71-3d7b-4713-b1b0-4966e4aa59d4 - stable size: 602646 bytes
[2025-07-14 10:50:38] Moving file from /Users/txcslm/~RIDER/JannyAI/JannyAI/bin/Debug/net9.0/temp_downloads/Kanao.card.png to /Users/txcslm/~RIDER/JannyAI/JannyAI/bin/Debug/net9.0/jannyai_characters/6dae9e71-3d7b-4713-b1b0-4966e4aa59d4.png
[2025-07-14 10:50:38] File successfully saved for 6dae9e71-3d7b-4713-b1b0-4966e4aa59d4, size: 602646 bytes
[2025-07-14 10:50:39] Returned to list page after downloading 6dae9e71-3d7b-4713-b1b0-4966e4aa59d4
[2025-07-14 10:50:39] SUCCESS: Character 6dae9e71-3d7b-4713-b1b0-4966e4aa59d4 downloaded successfully
[2025-07-14 10:50:39] Processing character 4/40: 20f8d1db-eeb8-4c4f-9964-fc0cfa609637, URL: https://jannyai.com/characters/20f8d1db-eeb8-4c4f-9964-fc0cfa609637_character-mr-kain-tutor
[2025-07-14 10:50:39] Download attempt 1/3 for character 20f8d1db-eeb8-4c4f-9964-fc0cfa609637
[2025-07-14 10:50:40] Navigated to character page: https://jannyai.com/characters/20f8d1db-eeb8-4c4f-9964-fc0cfa609637_character-mr-kain-tutor
[2025-07-14 10:50:41] Download button found for character 20f8d1db-eeb8-4c4f-9964-fc0cfa609637
[2025-07-14 10:50:41] Files before download: 0 for character 20f8d1db-eeb8-4c4f-9964-fc0cfa609637
[2025-07-14 10:50:41] Download button clicked for character 20f8d1db-eeb8-4c4f-9964-fc0cfa609637
[2025-07-14 10:50:41] Waiting for download file for character 20f8d1db-eeb8-4c4f-9964-fc0cfa609637, files before: 0
[2025-07-14 10:50:42] New file detected for 20f8d1db-eeb8-4c4f-9964-fc0cfa609637: /Users/txcslm/~RIDER/JannyAI/JannyAI/bin/Debug/net9.0/temp_downloads/Mr. Kain (Tutor).card.png, size: 517011 bytes
[2025-07-14 10:50:42] File download confirmed for 20f8d1db-eeb8-4c4f-9964-fc0cfa609637 - stable size: 517011 bytes
[2025-07-14 10:50:42] Moving file from /Users/txcslm/~RIDER/JannyAI/JannyAI/bin/Debug/net9.0/temp_downloads/Mr. Kain (Tutor).card.png to /Users/txcslm/~RIDER/JannyAI/JannyAI/bin/Debug/net9.0/jannyai_characters/20f8d1db-eeb8-4c4f-9964-fc0cfa609637.png
[2025-07-14 10:50:42] File successfully saved for 20f8d1db-eeb8-4c4f-9964-fc0cfa609637, size: 517011 bytes
[2025-07-14 10:50:43] Returned to list page after downloading 20f8d1db-eeb8-4c4f-9964-fc0cfa609637
[2025-07-14 10:50:43] SUCCESS: Character 20f8d1db-eeb8-4c4f-9964-fc0cfa609637 downloaded successfully
[2025-07-14 10:50:44] Processing character 5/40: 5fb1b030-0a76-4c94-a3ea-2c0c97b63d75, URL: https://jannyai.com/characters/5fb1b030-0a76-4c94-a3ea-2c0c97b63d75_character-fiona
[2025-07-14 10:50:44] Download attempt 1/3 for character 5fb1b030-0a76-4c94-a3ea-2c0c97b63d75
[2025-07-14 10:50:46] Navigated to character page: https://jannyai.com/characters/5fb1b030-0a76-4c94-a3ea-2c0c97b63d75_character-fiona
[2025-07-14 10:50:48] Download button found for character 5fb1b030-0a76-4c94-a3ea-2c0c97b63d75
[2025-07-14 10:50:48] Files before download: 0 for character 5fb1b030-0a76-4c94-a3ea-2c0c97b63d75
[2025-07-14 10:50:48] Download button clicked for character 5fb1b030-0a76-4c94-a3ea-2c0c97b63d75
[2025-07-14 10:50:48] Waiting for download file for character 5fb1b030-0a76-4c94-a3ea-2c0c97b63d75, files before: 0
[2025-07-14 10:50:48] New file detected for 5fb1b030-0a76-4c94-a3ea-2c0c97b63d75: /Users/txcslm/~RIDER/JannyAI/JannyAI/bin/Debug/net9.0/temp_downloads/Fiona.card.png, size: 1049617 bytes
[2025-07-14 10:50:48] File download confirmed for 5fb1b030-0a76-4c94-a3ea-2c0c97b63d75 - stable size: 1049617 bytes
[2025-07-14 10:50:48] Moving file from /Users/txcslm/~RIDER/JannyAI/JannyAI/bin/Debug/net9.0/temp_downloads/Fiona.card.png to /Users/txcslm/~RIDER/JannyAI/JannyAI/bin/Debug/net9.0/jannyai_characters/5fb1b030-0a76-4c94-a3ea-2c0c97b63d75.png
[2025-07-14 10:50:48] File successfully saved for 5fb1b030-0a76-4c94-a3ea-2c0c97b63d75, size: 1049617 bytes
[2025-07-14 10:50:50] Returned to list page after downloading 5fb1b030-0a76-4c94-a3ea-2c0c97b63d75
[2025-07-14 10:50:50] SUCCESS: Character 5fb1b030-0a76-4c94-a3ea-2c0c97b63d75 downloaded successfully
[2025-07-14 10:50:50] Processing character 6/40: 761edc9f-83a7-4deb-895c-a8e752ab9f86, URL: https://jannyai.com/characters/761edc9f-83a7-4deb-895c-a8e752ab9f86_character-aehwa
[2025-07-14 10:50:50] Download attempt 1/3 for character 761edc9f-83a7-4deb-895c-a8e752ab9f86
[2025-07-14 10:50:51] Navigated to character page: https://jannyai.com/characters/761edc9f-83a7-4deb-895c-a8e752ab9f86_character-aehwa
[2025-07-14 10:50:52] Download button found for character 761edc9f-83a7-4deb-895c-a8e752ab9f86
[2025-07-14 10:50:52] Files before download: 0 for character 761edc9f-83a7-4deb-895c-a8e752ab9f86
[2025-07-14 10:50:52] Download button clicked for character 761edc9f-83a7-4deb-895c-a8e752ab9f86
[2025-07-14 10:50:52] Waiting for download file for character 761edc9f-83a7-4deb-895c-a8e752ab9f86, files before: 0
[2025-07-14 10:50:52] New file detected for 761edc9f-83a7-4deb-895c-a8e752ab9f86: /Users/txcslm/~RIDER/JannyAI/JannyAI/bin/Debug/net9.0/temp_downloads/Aehwa.card.png, size: 1461131 bytes
[2025-07-14 10:50:53] File download confirmed for 761edc9f-83a7-4deb-895c-a8e752ab9f86 - stable size: 1461131 bytes
[2025-07-14 10:50:53] Moving file from /Users/txcslm/~RIDER/JannyAI/JannyAI/bin/Debug/net9.0/temp_downloads/Aehwa.card.png to /Users/txcslm/~RIDER/JannyAI/JannyAI/bin/Debug/net9.0/jannyai_characters/761edc9f-83a7-4deb-895c-a8e752ab9f86.png
[2025-07-14 10:50:53] File successfully saved for 761edc9f-83a7-4deb-895c-a8e752ab9f86, size: 1461131 bytes
[2025-07-14 10:50:56] Returned to list page after downloading 761edc9f-83a7-4deb-895c-a8e752ab9f86
[2025-07-14 10:50:56] SUCCESS: Character 761edc9f-83a7-4deb-895c-a8e752ab9f86 downloaded successfully
[2025-07-14 10:50:56] Processing character 7/40: 2d943155-171c-4525-bc50-e0747913ff08, URL: https://jannyai.com/characters/2d943155-171c-4525-bc50-e0747913ff08_character-director-han-boss
[2025-07-14 10:50:56] Download attempt 1/3 for character 2d943155-171c-4525-bc50-e0747913ff08
[2025-07-14 10:50:58] Navigated to character page: https://jannyai.com/characters/2d943155-171c-4525-bc50-e0747913ff08_character-director-han-boss
[2025-07-14 10:50:59] Download button found for character 2d943155-171c-4525-bc50-e0747913ff08
[2025-07-14 10:50:59] Files before download: 0 for character 2d943155-171c-4525-bc50-e0747913ff08
[2025-07-14 10:50:59] Download button clicked for character 2d943155-171c-4525-bc50-e0747913ff08
[2025-07-14 10:50:59] Waiting for download file for character 2d943155-171c-4525-bc50-e0747913ff08, files before: 0
[2025-07-14 10:51:08] Download timeout for character 2d943155-171c-4525-bc50-e0747913ff08 after 8000ms
[2025-07-14 10:51:08] WARNING: Файл не скачался для персонажа 2d943155-171c-4525-bc50-e0747913ff08 (попытка 1)
[2025-07-14 10:51:12] Download attempt 2/3 for character 2d943155-171c-4525-bc50-e0747913ff08
[2025-07-14 10:51:14] Navigated to character page: https://jannyai.com/characters/2d943155-171c-4525-bc50-e0747913ff08_character-director-han-boss
[2025-07-14 10:51:15] Download button found for character 2d943155-171c-4525-bc50-e0747913ff08
[2025-07-14 10:51:15] Files before download: 0 for character 2d943155-171c-4525-bc50-e0747913ff08
[2025-07-14 10:51:15] Download button clicked for character 2d943155-171c-4525-bc50-e0747913ff08
[2025-07-14 10:51:15] Waiting for download file for character 2d943155-171c-4525-bc50-e0747913ff08, files before: 0
[2025-07-14 10:51:23] Download timeout for character 2d943155-171c-4525-bc50-e0747913ff08 after 8000ms
[2025-07-14 10:51:23] WARNING: Файл не скачался для персонажа 2d943155-171c-4525-bc50-e0747913ff08 (попытка 2)
[2025-07-14 10:51:31] Download attempt 3/3 for character 2d943155-171c-4525-bc50-e0747913ff08
[2025-07-14 10:51:33] Navigated to character page: https://jannyai.com/characters/2d943155-171c-4525-bc50-e0747913ff08_character-director-han-boss
[2025-07-14 10:51:34] Download button found for character 2d943155-171c-4525-bc50-e0747913ff08
[2025-07-14 10:51:34] Files before download: 0 for character 2d943155-171c-4525-bc50-e0747913ff08
[2025-07-14 10:51:34] Download button clicked for character 2d943155-171c-4525-bc50-e0747913ff08
[2025-07-14 10:51:34] Waiting for download file for character 2d943155-171c-4525-bc50-e0747913ff08, files before: 0
[2025-07-14 10:51:34] New file detected for 2d943155-171c-4525-bc50-e0747913ff08: /Users/txcslm/~RIDER/JannyAI/JannyAI/bin/Debug/net9.0/temp_downloads/Director Han (Boss).card.png, size: 664697 bytes
[2025-07-14 10:51:35] File download confirmed for 2d943155-171c-4525-bc50-e0747913ff08 - stable size: 664697 bytes
[2025-07-14 10:51:35] Moving file from /Users/txcslm/~RIDER/JannyAI/JannyAI/bin/Debug/net9.0/temp_downloads/Director Han (Boss).card.png to /Users/txcslm/~RIDER/JannyAI/JannyAI/bin/Debug/net9.0/jannyai_characters/2d943155-171c-4525-bc50-e0747913ff08.png
[2025-07-14 10:51:35] File successfully saved for 2d943155-171c-4525-bc50-e0747913ff08, size: 664697 bytes
[2025-07-14 10:51:36] Returned to list page after downloading 2d943155-171c-4525-bc50-e0747913ff08
[2025-07-14 10:51:36] SUCCESS: Character 2d943155-171c-4525-bc50-e0747913ff08 downloaded successfully
[2025-07-14 10:51:37] Processing character 8/40: b07c603b-d82c-4e52-af01-7b3e58117422, URL: https://jannyai.com/characters/b07c603b-d82c-4e52-af01-7b3e58117422_character-worlds-end-harem
[2025-07-14 10:51:37] Download attempt 1/3 for character b07c603b-d82c-4e52-af01-7b3e58117422
[2025-07-14 10:51:38] Navigated to character page: https://jannyai.com/characters/b07c603b-d82c-4e52-af01-7b3e58117422_character-worlds-end-harem
[2025-07-14 10:51:39] Download button found for character b07c603b-d82c-4e52-af01-7b3e58117422
[2025-07-14 10:51:39] Files before download: 0 for character b07c603b-d82c-4e52-af01-7b3e58117422
[2025-07-14 10:51:39] Download button clicked for character b07c603b-d82c-4e52-af01-7b3e58117422
[2025-07-14 10:51:39] Waiting for download file for character b07c603b-d82c-4e52-af01-7b3e58117422, files before: 0
[2025-07-14 10:51:47] Download timeout for character b07c603b-d82c-4e52-af01-7b3e58117422 after 8000ms
[2025-07-14 10:51:47] WARNING: Файл не скачался для персонажа b07c603b-d82c-4e52-af01-7b3e58117422 (попытка 1)
[2025-07-14 10:51:51] Download attempt 2/3 for character b07c603b-d82c-4e52-af01-7b3e58117422
[2025-07-14 10:51:54] Navigated to character page: https://jannyai.com/characters/b07c603b-d82c-4e52-af01-7b3e58117422_character-worlds-end-harem
[2025-07-14 10:51:55] Download button found for character b07c603b-d82c-4e52-af01-7b3e58117422
[2025-07-14 10:51:55] Files before download: 0 for character b07c603b-d82c-4e52-af01-7b3e58117422
[2025-07-14 10:51:55] Download button clicked for character b07c603b-d82c-4e52-af01-7b3e58117422
[2025-07-14 10:51:55] Waiting for download file for character b07c603b-d82c-4e52-af01-7b3e58117422, files before: 0
[2025-07-14 10:51:55] New file detected for b07c603b-d82c-4e52-af01-7b3e58117422: /Users/txcslm/~RIDER/JannyAI/JannyAI/bin/Debug/net9.0/temp_downloads/World's end harem.card.png, size: 1181714 bytes
[2025-07-14 10:51:55] File download confirmed for b07c603b-d82c-4e52-af01-7b3e58117422 - stable size: 1181714 bytes
[2025-07-14 10:51:55] Moving file from /Users/txcslm/~RIDER/JannyAI/JannyAI/bin/Debug/net9.0/temp_downloads/World's end harem.card.png to /Users/txcslm/~RIDER/JannyAI/JannyAI/bin/Debug/net9.0/jannyai_characters/b07c603b-d82c-4e52-af01-7b3e58117422.png
[2025-07-14 10:51:55] File successfully saved for b07c603b-d82c-4e52-af01-7b3e58117422, size: 1181714 bytes
[2025-07-14 10:51:57] Returned to list page after downloading b07c603b-d82c-4e52-af01-7b3e58117422
[2025-07-14 10:51:57] SUCCESS: Character b07c603b-d82c-4e52-af01-7b3e58117422 downloaded successfully
[2025-07-14 10:51:57] Processing character 9/40: 0b6695f5-0ffb-486a-845d-fca562c65f65, URL: https://jannyai.com/characters/0b6695f5-0ffb-486a-845d-fca562c65f65_character-sora
[2025-07-14 10:51:57] Download attempt 1/3 for character 0b6695f5-0ffb-486a-845d-fca562c65f65
[2025-07-14 10:51:58] Navigated to character page: https://jannyai.com/characters/0b6695f5-0ffb-486a-845d-fca562c65f65_character-sora
[2025-07-14 10:51:59] Download button found for character 0b6695f5-0ffb-486a-845d-fca562c65f65
[2025-07-14 10:51:59] Files before download: 0 for character 0b6695f5-0ffb-486a-845d-fca562c65f65
[2025-07-14 10:51:59] Download button clicked for character 0b6695f5-0ffb-486a-845d-fca562c65f65
[2025-07-14 10:51:59] Waiting for download file for character 0b6695f5-0ffb-486a-845d-fca562c65f65, files before: 0
[2025-07-14 10:51:59] New file detected for 0b6695f5-0ffb-486a-845d-fca562c65f65: /Users/txcslm/~RIDER/JannyAI/JannyAI/bin/Debug/net9.0/temp_downloads/Sora.card.png, size: 1170815 bytes
[2025-07-14 10:52:00] File download confirmed for 0b6695f5-0ffb-486a-845d-fca562c65f65 - stable size: 1170815 bytes
[2025-07-14 10:52:00] Moving file from /Users/txcslm/~RIDER/JannyAI/JannyAI/bin/Debug/net9.0/temp_downloads/Sora.card.png to /Users/txcslm/~RIDER/JannyAI/JannyAI/bin/Debug/net9.0/jannyai_characters/0b6695f5-0ffb-486a-845d-fca562c65f65.png
[2025-07-14 10:52:00] File successfully saved for 0b6695f5-0ffb-486a-845d-fca562c65f65, size: 1170815 bytes
[2025-07-14 10:52:02] Returned to list page after downloading 0b6695f5-0ffb-486a-845d-fca562c65f65
[2025-07-14 10:52:02] SUCCESS: Character 0b6695f5-0ffb-486a-845d-fca562c65f65 downloaded successfully
[2025-07-14 10:52:03] Processing character 10/40: 7dacb607-64d2-43e5-8330-405660893802, URL: https://jannyai.com/characters/7dacb607-64d2-43e5-8330-405660893802_character-slave-market
[2025-07-14 10:52:03] Download attempt 1/3 for character 7dacb607-64d2-43e5-8330-405660893802
[2025-07-14 10:52:04] Navigated to character page: https://jannyai.com/characters/7dacb607-64d2-43e5-8330-405660893802_character-slave-market
[2025-07-14 10:52:05] Download button found for character 7dacb607-64d2-43e5-8330-405660893802
[2025-07-14 10:52:05] Files before download: 0 for character 7dacb607-64d2-43e5-8330-405660893802
[2025-07-14 10:52:05] Download button clicked for character 7dacb607-64d2-43e5-8330-405660893802
[2025-07-14 10:52:05] Waiting for download file for character 7dacb607-64d2-43e5-8330-405660893802, files before: 0
[2025-07-14 10:52:14] Download timeout for character 7dacb607-64d2-43e5-8330-405660893802 after 8000ms
[2025-07-14 10:52:14] WARNING: Файл не скачался для персонажа 7dacb607-64d2-43e5-8330-405660893802 (попытка 1)
[2025-07-14 10:52:18] Download attempt 2/3 for character 7dacb607-64d2-43e5-8330-405660893802
[2025-07-14 10:52:19] Navigated to character page: https://jannyai.com/characters/7dacb607-64d2-43e5-8330-405660893802_character-slave-market
[2025-07-14 10:52:20] Download button found for character 7dacb607-64d2-43e5-8330-405660893802
[2025-07-14 10:52:20] Files before download: 0 for character 7dacb607-64d2-43e5-8330-405660893802
[2025-07-14 10:52:20] Download button clicked for character 7dacb607-64d2-43e5-8330-405660893802
[2025-07-14 10:52:20] Waiting for download file for character 7dacb607-64d2-43e5-8330-405660893802, files before: 0
[2025-07-14 10:52:28] Download timeout for character 7dacb607-64d2-43e5-8330-405660893802 after 8000ms
[2025-07-14 10:52:28] WARNING: Файл не скачался для персонажа 7dacb607-64d2-43e5-8330-405660893802 (попытка 2)
[2025-07-14 10:52:32] Download attempt 3/3 for character 7dacb607-64d2-43e5-8330-405660893802
[2025-07-14 10:52:34] Navigated to character page: https://jannyai.com/characters/7dacb607-64d2-43e5-8330-405660893802_character-slave-market
[2025-07-14 10:52:35] Download button found for character 7dacb607-64d2-43e5-8330-405660893802
[2025-07-14 10:52:35] Files before download: 0 for character 7dacb607-64d2-43e5-8330-405660893802
[2025-07-14 10:52:35] Download button clicked for character 7dacb607-64d2-43e5-8330-405660893802
[2025-07-14 10:52:35] Waiting for download file for character 7dacb607-64d2-43e5-8330-405660893802, files before: 0
[2025-07-14 10:52:43] Download timeout for character 7dacb607-64d2-43e5-8330-405660893802 after 8000ms
[2025-07-14 10:52:43] WARNING: Файл не скачался для персонажа 7dacb607-64d2-43e5-8330-405660893802 (попытка 3)
[2025-07-14 10:52:44] FAILED: Could not download character 7dacb607-64d2-43e5-8330-405660893802
[2025-07-14 10:52:44] Processing character 11/40: 103e7b46-d82a-4ac2-87f6-608c14f8c5ab, URL: https://jannyai.com/characters/103e7b46-d82a-4ac2-87f6-608c14f8c5ab_character-victor
[2025-07-14 10:52:44] Download attempt 1/3 for character 103e7b46-d82a-4ac2-87f6-608c14f8c5ab
[2025-07-14 10:52:45] Navigated to character page: https://jannyai.com/characters/103e7b46-d82a-4ac2-87f6-608c14f8c5ab_character-victor
[2025-07-14 10:52:46] Download button found for character 103e7b46-d82a-4ac2-87f6-608c14f8c5ab
[2025-07-14 10:52:46] Files before download: 0 for character 103e7b46-d82a-4ac2-87f6-608c14f8c5ab
[2025-07-14 10:52:47] Download button clicked for character 103e7b46-d82a-4ac2-87f6-608c14f8c5ab
[2025-07-14 10:52:47] Waiting for download file for character 103e7b46-d82a-4ac2-87f6-608c14f8c5ab, files before: 0
[2025-07-14 10:52:47] New file detected for 103e7b46-d82a-4ac2-87f6-608c14f8c5ab: /Users/txcslm/~RIDER/JannyAI/JannyAI/bin/Debug/net9.0/temp_downloads/Victor.card.png, size: 1155561 bytes
[2025-07-14 10:52:47] File download confirmed for 103e7b46-d82a-4ac2-87f6-608c14f8c5ab - stable size: 1155561 bytes
[2025-07-14 10:52:47] Moving file from /Users/txcslm/~RIDER/JannyAI/JannyAI/bin/Debug/net9.0/temp_downloads/Victor.card.png to /Users/txcslm/~RIDER/JannyAI/JannyAI/bin/Debug/net9.0/jannyai_characters/103e7b46-d82a-4ac2-87f6-608c14f8c5ab.png
[2025-07-14 10:52:47] File successfully saved for 103e7b46-d82a-4ac2-87f6-608c14f8c5ab, size: 1155561 bytes
[2025-07-14 10:52:49] Returned to list page after downloading 103e7b46-d82a-4ac2-87f6-608c14f8c5ab
[2025-07-14 10:52:49] SUCCESS: Character 103e7b46-d82a-4ac2-87f6-608c14f8c5ab downloaded successfully
[2025-07-14 10:52:49] Processing character 12/40: 1fccf5b0-6eec-4fd3-b6f3-7ee2809bf20e, URL: https://jannyai.com/characters/1fccf5b0-6eec-4fd3-b6f3-7ee2809bf20e_character-rose
[2025-07-14 10:52:49] Download attempt 1/3 for character 1fccf5b0-6eec-4fd3-b6f3-7ee2809bf20e
[2025-07-14 10:52:50] Navigated to character page: https://jannyai.com/characters/1fccf5b0-6eec-4fd3-b6f3-7ee2809bf20e_character-rose
[2025-07-14 10:52:51] Download button found for character 1fccf5b0-6eec-4fd3-b6f3-7ee2809bf20e
[2025-07-14 10:52:51] Files before download: 0 for character 1fccf5b0-6eec-4fd3-b6f3-7ee2809bf20e
[2025-07-14 10:52:51] Download button clicked for character 1fccf5b0-6eec-4fd3-b6f3-7ee2809bf20e
[2025-07-14 10:52:51] Waiting for download file for character 1fccf5b0-6eec-4fd3-b6f3-7ee2809bf20e, files before: 0
[2025-07-14 10:52:51] New file detected for 1fccf5b0-6eec-4fd3-b6f3-7ee2809bf20e: /Users/txcslm/~RIDER/JannyAI/JannyAI/bin/Debug/net9.0/temp_downloads/Rose.card.png, size: 798904 bytes
[2025-07-14 10:52:52] File download confirmed for 1fccf5b0-6eec-4fd3-b6f3-7ee2809bf20e - stable size: 798904 bytes
[2025-07-14 10:52:52] Moving file from /Users/txcslm/~RIDER/JannyAI/JannyAI/bin/Debug/net9.0/temp_downloads/Rose.card.png to /Users/txcslm/~RIDER/JannyAI/JannyAI/bin/Debug/net9.0/jannyai_characters/1fccf5b0-6eec-4fd3-b6f3-7ee2809bf20e.png
[2025-07-14 10:52:52] File successfully saved for 1fccf5b0-6eec-4fd3-b6f3-7ee2809bf20e, size: 798904 bytes
[2025-07-14 10:52:53] Returned to list page after downloading 1fccf5b0-6eec-4fd3-b6f3-7ee2809bf20e
[2025-07-14 10:52:53] SUCCESS: Character 1fccf5b0-6eec-4fd3-b6f3-7ee2809bf20e downloaded successfully
[2025-07-14 10:52:53] Processing character 13/40: a74f6af9-189a-4e4a-8e39-f62ffef6e6f8, URL: https://jannyai.com/characters/a74f6af9-189a-4e4a-8e39-f62ffef6e6f8_character-sheena
[2025-07-14 10:52:53] Download attempt 1/3 for character a74f6af9-189a-4e4a-8e39-f62ffef6e6f8
[2025-07-14 10:52:54] Navigated to character page: https://jannyai.com/characters/a74f6af9-189a-4e4a-8e39-f62ffef6e6f8_character-sheena
[2025-07-14 10:52:55] Download button found for character a74f6af9-189a-4e4a-8e39-f62ffef6e6f8
[2025-07-14 10:52:55] Files before download: 0 for character a74f6af9-189a-4e4a-8e39-f62ffef6e6f8
[2025-07-14 10:52:55] Download button clicked for character a74f6af9-189a-4e4a-8e39-f62ffef6e6f8
[2025-07-14 10:52:55] Waiting for download file for character a74f6af9-189a-4e4a-8e39-f62ffef6e6f8, files before: 0
[2025-07-14 10:52:56] New file detected for a74f6af9-189a-4e4a-8e39-f62ffef6e6f8: /Users/txcslm/~RIDER/JannyAI/JannyAI/bin/Debug/net9.0/temp_downloads/Sheena.card.png, size: 1403349 bytes
[2025-07-14 10:52:56] File download confirmed for a74f6af9-189a-4e4a-8e39-f62ffef6e6f8 - stable size: 1403349 bytes
[2025-07-14 10:52:56] Moving file from /Users/txcslm/~RIDER/JannyAI/JannyAI/bin/Debug/net9.0/temp_downloads/Sheena.card.png to /Users/txcslm/~RIDER/JannyAI/JannyAI/bin/Debug/net9.0/jannyai_characters/a74f6af9-189a-4e4a-8e39-f62ffef6e6f8.png
[2025-07-14 10:52:56] File successfully saved for a74f6af9-189a-4e4a-8e39-f62ffef6e6f8, size: 1403349 bytes
[2025-07-14 10:52:58] Returned to list page after downloading a74f6af9-189a-4e4a-8e39-f62ffef6e6f8
[2025-07-14 10:52:58] SUCCESS: Character a74f6af9-189a-4e4a-8e39-f62ffef6e6f8 downloaded successfully
[2025-07-14 10:52:58] Processing character 14/40: 79a2e1b5-e782-4b36-af79-b978b72fc931, URL: https://jannyai.com/characters/79a2e1b5-e782-4b36-af79-b978b72fc931_character-the-last-of-me
[2025-07-14 10:52:58] Download attempt 1/3 for character 79a2e1b5-e782-4b36-af79-b978b72fc931
[2025-07-14 10:52:59] Navigated to character page: https://jannyai.com/characters/79a2e1b5-e782-4b36-af79-b978b72fc931_character-the-last-of-me
[2025-07-14 10:53:00] Download button found for character 79a2e1b5-e782-4b36-af79-b978b72fc931
[2025-07-14 10:53:00] Files before download: 0 for character 79a2e1b5-e782-4b36-af79-b978b72fc931
[2025-07-14 10:53:00] Download button clicked for character 79a2e1b5-e782-4b36-af79-b978b72fc931
[2025-07-14 10:53:00] Waiting for download file for character 79a2e1b5-e782-4b36-af79-b978b72fc931, files before: 0
[2025-07-14 10:53:01] New file detected for 79a2e1b5-e782-4b36-af79-b978b72fc931: /Users/txcslm/~RIDER/JannyAI/JannyAI/bin/Debug/net9.0/temp_downloads/The last of me..card.png, size: 668863 bytes
[2025-07-14 10:53:01] File download confirmed for 79a2e1b5-e782-4b36-af79-b978b72fc931 - stable size: 668863 bytes
[2025-07-14 10:53:01] Moving file from /Users/txcslm/~RIDER/JannyAI/JannyAI/bin/Debug/net9.0/temp_downloads/The last of me..card.png to /Users/txcslm/~RIDER/JannyAI/JannyAI/bin/Debug/net9.0/jannyai_characters/79a2e1b5-e782-4b36-af79-b978b72fc931.png
[2025-07-14 10:53:01] File successfully saved for 79a2e1b5-e782-4b36-af79-b978b72fc931, size: 668863 bytes
[2025-07-14 10:53:02] Returned to list page after downloading 79a2e1b5-e782-4b36-af79-b978b72fc931
[2025-07-14 10:53:02] SUCCESS: Character 79a2e1b5-e782-4b36-af79-b978b72fc931 downloaded successfully
[2025-07-14 10:53:03] Processing character 15/40: f8e4cdac-a161-4d50-b6d8-1859cd68cf32, URL: https://jannyai.com/characters/f8e4cdac-a161-4d50-b6d8-1859cd68cf32_character-ayana
[2025-07-14 10:53:03] Download attempt 1/3 for character f8e4cdac-a161-4d50-b6d8-1859cd68cf32
[2025-07-14 10:53:04] Navigated to character page: https://jannyai.com/characters/f8e4cdac-a161-4d50-b6d8-1859cd68cf32_character-ayana
[2025-07-14 10:53:05] Download button found for character f8e4cdac-a161-4d50-b6d8-1859cd68cf32
[2025-07-14 10:53:05] Files before download: 0 for character f8e4cdac-a161-4d50-b6d8-1859cd68cf32
[2025-07-14 10:53:05] Download button clicked for character f8e4cdac-a161-4d50-b6d8-1859cd68cf32
[2025-07-14 10:53:05] Waiting for download file for character f8e4cdac-a161-4d50-b6d8-1859cd68cf32, files before: 0
[2025-07-14 10:53:05] New file detected for f8e4cdac-a161-4d50-b6d8-1859cd68cf32: /Users/txcslm/~RIDER/JannyAI/JannyAI/bin/Debug/net9.0/temp_downloads/Ayana.card.png, size: 588773 bytes
[2025-07-14 10:53:05] File download confirmed for f8e4cdac-a161-4d50-b6d8-1859cd68cf32 - stable size: 588773 bytes
[2025-07-14 10:53:05] Moving file from /Users/txcslm/~RIDER/JannyAI/JannyAI/bin/Debug/net9.0/temp_downloads/Ayana.card.png to /Users/txcslm/~RIDER/JannyAI/JannyAI/bin/Debug/net9.0/jannyai_characters/f8e4cdac-a161-4d50-b6d8-1859cd68cf32.png
[2025-07-14 10:53:05] File successfully saved for f8e4cdac-a161-4d50-b6d8-1859cd68cf32, size: 588773 bytes
[2025-07-14 10:53:07] Returned to list page after downloading f8e4cdac-a161-4d50-b6d8-1859cd68cf32
[2025-07-14 10:53:07] SUCCESS: Character f8e4cdac-a161-4d50-b6d8-1859cd68cf32 downloaded successfully
[2025-07-14 10:53:07] Processing character 16/40: 84a51bb4-1e11-444a-bc2c-fef55c2d6846, URL: https://jannyai.com/characters/84a51bb4-1e11-444a-bc2c-fef55c2d6846_character-saturn-inc
[2025-07-14 10:53:07] Download attempt 1/3 for character 84a51bb4-1e11-444a-bc2c-fef55c2d6846
[2025-07-14 10:53:08] Navigated to character page: https://jannyai.com/characters/84a51bb4-1e11-444a-bc2c-fef55c2d6846_character-saturn-inc
[2025-07-14 10:53:09] Download button found for character 84a51bb4-1e11-444a-bc2c-fef55c2d6846
[2025-07-14 10:53:09] Files before download: 0 for character 84a51bb4-1e11-444a-bc2c-fef55c2d6846
[2025-07-14 10:53:09] Download button clicked for character 84a51bb4-1e11-444a-bc2c-fef55c2d6846
[2025-07-14 10:53:09] Waiting for download file for character 84a51bb4-1e11-444a-bc2c-fef55c2d6846, files before: 0
[2025-07-14 10:53:09] New file detected for 84a51bb4-1e11-444a-bc2c-fef55c2d6846: /Users/txcslm/~RIDER/JannyAI/JannyAI/bin/Debug/net9.0/temp_downloads/Saturn.inc.card.png, size: 1268569 bytes
[2025-07-14 10:53:10] File download confirmed for 84a51bb4-1e11-444a-bc2c-fef55c2d6846 - stable size: 1268569 bytes
[2025-07-14 10:53:10] Moving file from /Users/txcslm/~RIDER/JannyAI/JannyAI/bin/Debug/net9.0/temp_downloads/Saturn.inc.card.png to /Users/txcslm/~RIDER/JannyAI/JannyAI/bin/Debug/net9.0/jannyai_characters/84a51bb4-1e11-444a-bc2c-fef55c2d6846.png
[2025-07-14 10:53:10] File successfully saved for 84a51bb4-1e11-444a-bc2c-fef55c2d6846, size: 1268569 bytes
[2025-07-14 10:53:11] Returned to list page after downloading 84a51bb4-1e11-444a-bc2c-fef55c2d6846
[2025-07-14 10:53:11] SUCCESS: Character 84a51bb4-1e11-444a-bc2c-fef55c2d6846 downloaded successfully
[2025-07-14 10:53:11] Processing character 17/40: 3a531564-0253-452b-bec8-4617b4b8dc18, URL: https://jannyai.com/characters/3a531564-0253-452b-bec8-4617b4b8dc18_character-amy
[2025-07-14 10:53:11] Download attempt 1/3 for character 3a531564-0253-452b-bec8-4617b4b8dc18
[2025-07-14 10:53:13] Navigated to character page: https://jannyai.com/characters/3a531564-0253-452b-bec8-4617b4b8dc18_character-amy
[2025-07-14 10:53:14] Download button found for character 3a531564-0253-452b-bec8-4617b4b8dc18
[2025-07-14 10:53:14] Files before download: 0 for character 3a531564-0253-452b-bec8-4617b4b8dc18
[2025-07-14 10:53:14] Download button clicked for character 3a531564-0253-452b-bec8-4617b4b8dc18
[2025-07-14 10:53:14] Waiting for download file for character 3a531564-0253-452b-bec8-4617b4b8dc18, files before: 0
[2025-07-14 10:53:14] New file detected for 3a531564-0253-452b-bec8-4617b4b8dc18: /Users/txcslm/~RIDER/JannyAI/JannyAI/bin/Debug/net9.0/temp_downloads/Amy.card.png, size: 1594562 bytes
[2025-07-14 10:53:15] File download confirmed for 3a531564-0253-452b-bec8-4617b4b8dc18 - stable size: 1594562 bytes
[2025-07-14 10:53:15] Moving file from /Users/txcslm/~RIDER/JannyAI/JannyAI/bin/Debug/net9.0/temp_downloads/Amy.card.png to /Users/txcslm/~RIDER/JannyAI/JannyAI/bin/Debug/net9.0/jannyai_characters/3a531564-0253-452b-bec8-4617b4b8dc18.png
[2025-07-14 10:53:15] File successfully saved for 3a531564-0253-452b-bec8-4617b4b8dc18, size: 1594562 bytes
[2025-07-14 10:53:16] Returned to list page after downloading 3a531564-0253-452b-bec8-4617b4b8dc18
[2025-07-14 10:53:16] SUCCESS: Character 3a531564-0253-452b-bec8-4617b4b8dc18 downloaded successfully
[2025-07-14 10:53:16] Processing character 18/40: a67a63c2-cf8f-4c1e-a326-7f7c1d4bd323, URL: https://jannyai.com/characters/a67a63c2-cf8f-4c1e-a326-7f7c1d4bd323_character-aleena-spoils-of-war
[2025-07-14 10:53:16] Download attempt 1/3 for character a67a63c2-cf8f-4c1e-a326-7f7c1d4bd323
[2025-07-14 10:53:17] Navigated to character page: https://jannyai.com/characters/a67a63c2-cf8f-4c1e-a326-7f7c1d4bd323_character-aleena-spoils-of-war
[2025-07-14 10:53:18] Download button found for character a67a63c2-cf8f-4c1e-a326-7f7c1d4bd323
[2025-07-14 10:53:18] Files before download: 0 for character a67a63c2-cf8f-4c1e-a326-7f7c1d4bd323
[2025-07-14 10:53:18] Download button clicked for character a67a63c2-cf8f-4c1e-a326-7f7c1d4bd323
[2025-07-14 10:53:18] Waiting for download file for character a67a63c2-cf8f-4c1e-a326-7f7c1d4bd323, files before: 0
[2025-07-14 10:53:19] New file detected for a67a63c2-cf8f-4c1e-a326-7f7c1d4bd323: /Users/txcslm/~RIDER/JannyAI/JannyAI/bin/Debug/net9.0/temp_downloads/Aleena [Spoils Of War].card.png, size: 714307 bytes
[2025-07-14 10:53:19] File download confirmed for a67a63c2-cf8f-4c1e-a326-7f7c1d4bd323 - stable size: 714307 bytes
[2025-07-14 10:53:19] Moving file from /Users/txcslm/~RIDER/JannyAI/JannyAI/bin/Debug/net9.0/temp_downloads/Aleena [Spoils Of War].card.png to /Users/txcslm/~RIDER/JannyAI/JannyAI/bin/Debug/net9.0/jannyai_characters/a67a63c2-cf8f-4c1e-a326-7f7c1d4bd323.png
[2025-07-14 10:53:19] File successfully saved for a67a63c2-cf8f-4c1e-a326-7f7c1d4bd323, size: 714307 bytes
[2025-07-14 10:53:20] Returned to list page after downloading a67a63c2-cf8f-4c1e-a326-7f7c1d4bd323
[2025-07-14 10:53:20] SUCCESS: Character a67a63c2-cf8f-4c1e-a326-7f7c1d4bd323 downloaded successfully
[2025-07-14 10:53:21] Processing character 19/40: 5de9bb72-a459-4413-9e0b-ded880d1ebc8, URL: https://jannyai.com/characters/5de9bb72-a459-4413-9e0b-ded880d1ebc8_character-hells-academy
[2025-07-14 10:53:21] Download attempt 1/3 for character 5de9bb72-a459-4413-9e0b-ded880d1ebc8
[2025-07-14 10:53:22] Navigated to character page: https://jannyai.com/characters/5de9bb72-a459-4413-9e0b-ded880d1ebc8_character-hells-academy
[2025-07-14 10:53:23] Download button found for character 5de9bb72-a459-4413-9e0b-ded880d1ebc8
[2025-07-14 10:53:23] Files before download: 0 for character 5de9bb72-a459-4413-9e0b-ded880d1ebc8
[2025-07-14 10:53:23] Download button clicked for character 5de9bb72-a459-4413-9e0b-ded880d1ebc8
[2025-07-14 10:53:23] Waiting for download file for character 5de9bb72-a459-4413-9e0b-ded880d1ebc8, files before: 0
[2025-07-14 10:53:23] New file detected for 5de9bb72-a459-4413-9e0b-ded880d1ebc8: /Users/txcslm/~RIDER/JannyAI/JannyAI/bin/Debug/net9.0/temp_downloads/Hell's academy.card.png, size: 1201316 bytes
[2025-07-14 10:53:24] File download confirmed for 5de9bb72-a459-4413-9e0b-ded880d1ebc8 - stable size: 1201316 bytes
[2025-07-14 10:53:24] Moving file from /Users/txcslm/~RIDER/JannyAI/JannyAI/bin/Debug/net9.0/temp_downloads/Hell's academy.card.png to /Users/txcslm/~RIDER/JannyAI/JannyAI/bin/Debug/net9.0/jannyai_characters/5de9bb72-a459-4413-9e0b-ded880d1ebc8.png
[2025-07-14 10:53:24] File successfully saved for 5de9bb72-a459-4413-9e0b-ded880d1ebc8, size: 1201316 bytes
[2025-07-14 10:53:25] Returned to list page after downloading 5de9bb72-a459-4413-9e0b-ded880d1ebc8
[2025-07-14 10:53:25] SUCCESS: Character 5de9bb72-a459-4413-9e0b-ded880d1ebc8 downloaded successfully
[2025-07-14 10:53:25] Processing character 20/40: d18538ba-1ee7-4a79-bdd1-d94133ca8f90, URL: https://jannyai.com/characters/d18538ba-1ee7-4a79-bdd1-d94133ca8f90_character-worlds-end-harem-male-ver
[2025-07-14 10:53:25] Download attempt 1/3 for character d18538ba-1ee7-4a79-bdd1-d94133ca8f90
[2025-07-14 10:53:26] Navigated to character page: https://jannyai.com/characters/d18538ba-1ee7-4a79-bdd1-d94133ca8f90_character-worlds-end-harem-male-ver
[2025-07-14 10:53:27] Download button found for character d18538ba-1ee7-4a79-bdd1-d94133ca8f90
[2025-07-14 10:53:27] Files before download: 0 for character d18538ba-1ee7-4a79-bdd1-d94133ca8f90
[2025-07-14 10:53:27] Download button clicked for character d18538ba-1ee7-4a79-bdd1-d94133ca8f90
[2025-07-14 10:53:27] Waiting for download file for character d18538ba-1ee7-4a79-bdd1-d94133ca8f90, files before: 0
[2025-07-14 10:53:27] New file detected for d18538ba-1ee7-4a79-bdd1-d94133ca8f90: /Users/txcslm/~RIDER/JannyAI/JannyAI/bin/Debug/net9.0/temp_downloads/World's end harem (male ver.).card.png, size: 716803 bytes
[2025-07-14 10:53:28] File download confirmed for d18538ba-1ee7-4a79-bdd1-d94133ca8f90 - stable size: 716803 bytes
[2025-07-14 10:53:28] Moving file from /Users/txcslm/~RIDER/JannyAI/JannyAI/bin/Debug/net9.0/temp_downloads/World's end harem (male ver.).card.png to /Users/txcslm/~RIDER/JannyAI/JannyAI/bin/Debug/net9.0/jannyai_characters/d18538ba-1ee7-4a79-bdd1-d94133ca8f90.png
[2025-07-14 10:53:28] File successfully saved for d18538ba-1ee7-4a79-bdd1-d94133ca8f90, size: 716803 bytes
[2025-07-14 10:53:29] Returned to list page after downloading d18538ba-1ee7-4a79-bdd1-d94133ca8f90
[2025-07-14 10:53:29] SUCCESS: Character d18538ba-1ee7-4a79-bdd1-d94133ca8f90 downloaded successfully
[2025-07-14 10:53:29] Processing character 21/40: c18ae92a-b5d0-45a8-8c33-c24d976200ae, URL: https://jannyai.com/characters/c18ae92a-b5d0-45a8-8c33-c24d976200ae_character-jade-the-giantess
[2025-07-14 10:53:29] Download attempt 1/3 for character c18ae92a-b5d0-45a8-8c33-c24d976200ae
[2025-07-14 10:53:31] Navigated to character page: https://jannyai.com/characters/c18ae92a-b5d0-45a8-8c33-c24d976200ae_character-jade-the-giantess
[2025-07-14 10:53:32] Download button found for character c18ae92a-b5d0-45a8-8c33-c24d976200ae
[2025-07-14 10:53:32] Files before download: 0 for character c18ae92a-b5d0-45a8-8c33-c24d976200ae
[2025-07-14 10:53:32] Download button clicked for character c18ae92a-b5d0-45a8-8c33-c24d976200ae
[2025-07-14 10:53:32] Waiting for download file for character c18ae92a-b5d0-45a8-8c33-c24d976200ae, files before: 0
[2025-07-14 10:53:32] New file detected for c18ae92a-b5d0-45a8-8c33-c24d976200ae: /Users/txcslm/~RIDER/JannyAI/JannyAI/bin/Debug/net9.0/temp_downloads/Jade the giantess.card.png, size: 284553 bytes
[2025-07-14 10:53:32] File download confirmed for c18ae92a-b5d0-45a8-8c33-c24d976200ae - stable size: 284553 bytes
[2025-07-14 10:53:32] Moving file from /Users/txcslm/~RIDER/JannyAI/JannyAI/bin/Debug/net9.0/temp_downloads/Jade the giantess.card.png to /Users/txcslm/~RIDER/JannyAI/JannyAI/bin/Debug/net9.0/jannyai_characters/c18ae92a-b5d0-45a8-8c33-c24d976200ae.png
[2025-07-14 10:53:32] File successfully saved for c18ae92a-b5d0-45a8-8c33-c24d976200ae, size: 284553 bytes
[2025-07-14 10:53:34] Returned to list page after downloading c18ae92a-b5d0-45a8-8c33-c24d976200ae
[2025-07-14 10:53:34] SUCCESS: Character c18ae92a-b5d0-45a8-8c33-c24d976200ae downloaded successfully
[2025-07-14 10:53:34] Processing character 22/40: 6f0dc6ac-458c-46eb-9b1b-2b52b3546951, URL: https://jannyai.com/characters/6f0dc6ac-458c-46eb-9b1b-2b52b3546951_character-giantess-kuniko
[2025-07-14 10:53:34] Download attempt 1/3 for character 6f0dc6ac-458c-46eb-9b1b-2b52b3546951
[2025-07-14 10:53:35] Navigated to character page: https://jannyai.com/characters/6f0dc6ac-458c-46eb-9b1b-2b52b3546951_character-giantess-kuniko
[2025-07-14 10:53:36] Download button found for character 6f0dc6ac-458c-46eb-9b1b-2b52b3546951
[2025-07-14 10:53:36] Files before download: 0 for character 6f0dc6ac-458c-46eb-9b1b-2b52b3546951
[2025-07-14 10:53:36] Download button clicked for character 6f0dc6ac-458c-46eb-9b1b-2b52b3546951
[2025-07-14 10:53:36] Waiting for download file for character 6f0dc6ac-458c-46eb-9b1b-2b52b3546951, files before: 0
[2025-07-14 10:53:36] New file detected for 6f0dc6ac-458c-46eb-9b1b-2b52b3546951: /Users/txcslm/~RIDER/JannyAI/JannyAI/bin/Debug/net9.0/temp_downloads/Giantess Kuniko.card.png, size: 180215 bytes
[2025-07-14 10:53:37] File download confirmed for 6f0dc6ac-458c-46eb-9b1b-2b52b3546951 - stable size: 180215 bytes
[2025-07-14 10:53:37] Moving file from /Users/txcslm/~RIDER/JannyAI/JannyAI/bin/Debug/net9.0/temp_downloads/Giantess Kuniko.card.png to /Users/txcslm/~RIDER/JannyAI/JannyAI/bin/Debug/net9.0/jannyai_characters/6f0dc6ac-458c-46eb-9b1b-2b52b3546951.png
[2025-07-14 10:53:37] File successfully saved for 6f0dc6ac-458c-46eb-9b1b-2b52b3546951, size: 180215 bytes
[2025-07-14 10:53:38] Returned to list page after downloading 6f0dc6ac-458c-46eb-9b1b-2b52b3546951
[2025-07-14 10:53:38] SUCCESS: Character 6f0dc6ac-458c-46eb-9b1b-2b52b3546951 downloaded successfully
[2025-07-14 10:53:39] Processing character 23/40: 048b3469-b7ba-4f77-9ec3-720a09919907, URL: https://jannyai.com/characters/048b3469-b7ba-4f77-9ec3-720a09919907_character-giantess-gura
[2025-07-14 10:53:39] Download attempt 1/3 for character 048b3469-b7ba-4f77-9ec3-720a09919907
[2025-07-14 10:53:41] Navigated to character page: https://jannyai.com/characters/048b3469-b7ba-4f77-9ec3-720a09919907_character-giantess-gura
[2025-07-14 10:53:42] Download button found for character 048b3469-b7ba-4f77-9ec3-720a09919907
[2025-07-14 10:53:42] Files before download: 0 for character 048b3469-b7ba-4f77-9ec3-720a09919907
[2025-07-14 10:53:42] Download button clicked for character 048b3469-b7ba-4f77-9ec3-720a09919907
[2025-07-14 10:53:42] Waiting for download file for character 048b3469-b7ba-4f77-9ec3-720a09919907, files before: 0
[2025-07-14 10:53:42] New file detected for 048b3469-b7ba-4f77-9ec3-720a09919907: /Users/txcslm/~RIDER/JannyAI/JannyAI/bin/Debug/net9.0/temp_downloads/Giantess Gura.card.png, size: 834454 bytes
[2025-07-14 10:53:42] File download confirmed for 048b3469-b7ba-4f77-9ec3-720a09919907 - stable size: 834454 bytes
[2025-07-14 10:53:42] Moving file from /Users/txcslm/~RIDER/JannyAI/JannyAI/bin/Debug/net9.0/temp_downloads/Giantess Gura.card.png to /Users/txcslm/~RIDER/JannyAI/JannyAI/bin/Debug/net9.0/jannyai_characters/048b3469-b7ba-4f77-9ec3-720a09919907.png
[2025-07-14 10:53:42] File successfully saved for 048b3469-b7ba-4f77-9ec3-720a09919907, size: 834454 bytes
[2025-07-14 10:53:44] Returned to list page after downloading 048b3469-b7ba-4f77-9ec3-720a09919907
[2025-07-14 10:53:44] SUCCESS: Character 048b3469-b7ba-4f77-9ec3-720a09919907 downloaded successfully
[2025-07-14 10:53:44] Processing character 24/40: 22291b79-9a94-482d-921f-c40a218b9565, URL: https://jannyai.com/characters/22291b79-9a94-482d-921f-c40a218b9565_character-giantess-foxy
[2025-07-14 10:53:44] Download attempt 1/3 for character 22291b79-9a94-482d-921f-c40a218b9565
[2025-07-14 10:53:45] Navigated to character page: https://jannyai.com/characters/22291b79-9a94-482d-921f-c40a218b9565_character-giantess-foxy
[2025-07-14 10:53:46] Download button found for character 22291b79-9a94-482d-921f-c40a218b9565
[2025-07-14 10:53:46] Files before download: 0 for character 22291b79-9a94-482d-921f-c40a218b9565
[2025-07-14 10:53:46] Download button clicked for character 22291b79-9a94-482d-921f-c40a218b9565
[2025-07-14 10:53:46] Waiting for download file for character 22291b79-9a94-482d-921f-c40a218b9565, files before: 0
[2025-07-14 10:53:46] New file detected for 22291b79-9a94-482d-921f-c40a218b9565: /Users/txcslm/~RIDER/JannyAI/JannyAI/bin/Debug/net9.0/temp_downloads/Giantess Foxy.card.png, size: 282123 bytes
[2025-07-14 10:53:47] File download confirmed for 22291b79-9a94-482d-921f-c40a218b9565 - stable size: 282123 bytes
[2025-07-14 10:53:47] Moving file from /Users/txcslm/~RIDER/JannyAI/JannyAI/bin/Debug/net9.0/temp_downloads/Giantess Foxy.card.png to /Users/txcslm/~RIDER/JannyAI/JannyAI/bin/Debug/net9.0/jannyai_characters/22291b79-9a94-482d-921f-c40a218b9565.png
[2025-07-14 10:53:47] File successfully saved for 22291b79-9a94-482d-921f-c40a218b9565, size: 282123 bytes
[2025-07-14 10:53:49] Returned to list page after downloading 22291b79-9a94-482d-921f-c40a218b9565
[2025-07-14 10:53:49] SUCCESS: Character 22291b79-9a94-482d-921f-c40a218b9565 downloaded successfully
[2025-07-14 10:53:49] Processing character 25/40: 7220875c-7c69-4c7f-95ae-712f964a5dea, URL: https://jannyai.com/characters/7220875c-7c69-4c7f-95ae-712f964a5dea_character-ganyu
[2025-07-14 10:53:49] Download attempt 1/3 for character 7220875c-7c69-4c7f-95ae-712f964a5dea
[2025-07-14 10:53:50] Navigated to character page: https://jannyai.com/characters/7220875c-7c69-4c7f-95ae-712f964a5dea_character-ganyu
[2025-07-14 10:53:51] Download button found for character 7220875c-7c69-4c7f-95ae-712f964a5dea
[2025-07-14 10:53:51] Files before download: 0 for character 7220875c-7c69-4c7f-95ae-712f964a5dea
[2025-07-14 10:53:51] Download button clicked for character 7220875c-7c69-4c7f-95ae-712f964a5dea
[2025-07-14 10:53:51] Waiting for download file for character 7220875c-7c69-4c7f-95ae-712f964a5dea, files before: 0
[2025-07-14 10:53:51] New file detected for 7220875c-7c69-4c7f-95ae-712f964a5dea: /Users/txcslm/~RIDER/JannyAI/JannyAI/bin/Debug/net9.0/temp_downloads/Ganyu.card.png, size: 79303 bytes
[2025-07-14 10:53:52] File download confirmed for 7220875c-7c69-4c7f-95ae-712f964a5dea - stable size: 79303 bytes
[2025-07-14 10:53:52] Moving file from /Users/txcslm/~RIDER/JannyAI/JannyAI/bin/Debug/net9.0/temp_downloads/Ganyu.card.png to /Users/txcslm/~RIDER/JannyAI/JannyAI/bin/Debug/net9.0/jannyai_characters/7220875c-7c69-4c7f-95ae-712f964a5dea.png
[2025-07-14 10:53:52] File successfully saved for 7220875c-7c69-4c7f-95ae-712f964a5dea, size: 79303 bytes
[2025-07-14 10:53:53] Returned to list page after downloading 7220875c-7c69-4c7f-95ae-712f964a5dea
[2025-07-14 10:53:53] SUCCESS: Character 7220875c-7c69-4c7f-95ae-712f964a5dea downloaded successfully
[2025-07-14 10:53:53] Processing character 26/40: 3dc2e738-caa5-4bb2-8eb0-8f3203c60956, URL: https://jannyai.com/characters/3dc2e738-caa5-4bb2-8eb0-8f3203c60956_character-monika
[2025-07-14 10:53:53] Download attempt 1/3 for character 3dc2e738-caa5-4bb2-8eb0-8f3203c60956
[2025-07-14 10:53:54] Navigated to character page: https://jannyai.com/characters/3dc2e738-caa5-4bb2-8eb0-8f3203c60956_character-monika
[2025-07-14 10:53:55] Download button found for character 3dc2e738-caa5-4bb2-8eb0-8f3203c60956
[2025-07-14 10:53:55] Files before download: 0 for character 3dc2e738-caa5-4bb2-8eb0-8f3203c60956
[2025-07-14 10:53:55] Download button clicked for character 3dc2e738-caa5-4bb2-8eb0-8f3203c60956
[2025-07-14 10:53:55] Waiting for download file for character 3dc2e738-caa5-4bb2-8eb0-8f3203c60956, files before: 0
[2025-07-14 10:53:56] New file detected for 3dc2e738-caa5-4bb2-8eb0-8f3203c60956: /Users/txcslm/~RIDER/JannyAI/JannyAI/bin/Debug/net9.0/temp_downloads/Monika.card.png, size: 499779 bytes
[2025-07-14 10:53:56] File download confirmed for 3dc2e738-caa5-4bb2-8eb0-8f3203c60956 - stable size: 499779 bytes
[2025-07-14 10:53:56] Moving file from /Users/txcslm/~RIDER/JannyAI/JannyAI/bin/Debug/net9.0/temp_downloads/Monika.card.png to /Users/txcslm/~RIDER/JannyAI/JannyAI/bin/Debug/net9.0/jannyai_characters/3dc2e738-caa5-4bb2-8eb0-8f3203c60956.png
[2025-07-14 10:53:56] File successfully saved for 3dc2e738-caa5-4bb2-8eb0-8f3203c60956, size: 499779 bytes
[2025-07-14 10:53:57] Returned to list page after downloading 3dc2e738-caa5-4bb2-8eb0-8f3203c60956
[2025-07-14 10:53:57] SUCCESS: Character 3dc2e738-caa5-4bb2-8eb0-8f3203c60956 downloaded successfully
[2025-07-14 10:53:58] Processing character 27/40: 355ccc04-1a19-4a6a-ae6e-d60d26619766, URL: https://jannyai.com/characters/355ccc04-1a19-4a6a-ae6e-d60d26619766_character-tsundere-neko-maid
[2025-07-14 10:53:58] Download attempt 1/3 for character 355ccc04-1a19-4a6a-ae6e-d60d26619766
[2025-07-14 10:53:59] Navigated to character page: https://jannyai.com/characters/355ccc04-1a19-4a6a-ae6e-d60d26619766_character-tsundere-neko-maid
[2025-07-14 10:54:00] Download button found for character 355ccc04-1a19-4a6a-ae6e-d60d26619766
[2025-07-14 10:54:00] Files before download: 0 for character 355ccc04-1a19-4a6a-ae6e-d60d26619766
[2025-07-14 10:54:00] Download button clicked for character 355ccc04-1a19-4a6a-ae6e-d60d26619766
[2025-07-14 10:54:00] Waiting for download file for character 355ccc04-1a19-4a6a-ae6e-d60d26619766, files before: 0
[2025-07-14 10:54:00] New file detected for 355ccc04-1a19-4a6a-ae6e-d60d26619766: /Users/txcslm/~RIDER/JannyAI/JannyAI/bin/Debug/net9.0/temp_downloads/Tsundere Neko Maid .card.png, size: 122064 bytes
[2025-07-14 10:54:01] File download confirmed for 355ccc04-1a19-4a6a-ae6e-d60d26619766 - stable size: 122064 bytes
[2025-07-14 10:54:01] Moving file from /Users/txcslm/~RIDER/JannyAI/JannyAI/bin/Debug/net9.0/temp_downloads/Tsundere Neko Maid .card.png to /Users/txcslm/~RIDER/JannyAI/JannyAI/bin/Debug/net9.0/jannyai_characters/355ccc04-1a19-4a6a-ae6e-d60d26619766.png
[2025-07-14 10:54:01] File successfully saved for 355ccc04-1a19-4a6a-ae6e-d60d26619766, size: 122064 bytes
[2025-07-14 10:54:02] Returned to list page after downloading 355ccc04-1a19-4a6a-ae6e-d60d26619766
[2025-07-14 10:54:02] SUCCESS: Character 355ccc04-1a19-4a6a-ae6e-d60d26619766 downloaded successfully
[2025-07-14 10:54:02] Processing character 28/40: 809eac32-9554-4de7-a502-69562b2ad869, URL: https://jannyai.com/characters/809eac32-9554-4de7-a502-69562b2ad869_character-raiden-shogun
[2025-07-14 10:54:02] Download attempt 1/3 for character 809eac32-9554-4de7-a502-69562b2ad869
[2025-07-14 10:54:03] Navigated to character page: https://jannyai.com/characters/809eac32-9554-4de7-a502-69562b2ad869_character-raiden-shogun
[2025-07-14 10:54:04] Download button found for character 809eac32-9554-4de7-a502-69562b2ad869
[2025-07-14 10:54:04] Files before download: 0 for character 809eac32-9554-4de7-a502-69562b2ad869
[2025-07-14 10:54:04] Download button clicked for character 809eac32-9554-4de7-a502-69562b2ad869
[2025-07-14 10:54:04] Waiting for download file for character 809eac32-9554-4de7-a502-69562b2ad869, files before: 0
[2025-07-14 10:54:05] New file detected for 809eac32-9554-4de7-a502-69562b2ad869: /Users/txcslm/~RIDER/JannyAI/JannyAI/bin/Debug/net9.0/temp_downloads/Raiden Shogun.card.png, size: 186079 bytes
[2025-07-14 10:54:05] File download confirmed for 809eac32-9554-4de7-a502-69562b2ad869 - stable size: 186079 bytes
[2025-07-14 10:54:05] Moving file from /Users/txcslm/~RIDER/JannyAI/JannyAI/bin/Debug/net9.0/temp_downloads/Raiden Shogun.card.png to /Users/txcslm/~RIDER/JannyAI/JannyAI/bin/Debug/net9.0/jannyai_characters/809eac32-9554-4de7-a502-69562b2ad869.png
[2025-07-14 10:54:05] File successfully saved for 809eac32-9554-4de7-a502-69562b2ad869, size: 186079 bytes
[2025-07-14 10:54:06] Returned to list page after downloading 809eac32-9554-4de7-a502-69562b2ad869
[2025-07-14 10:54:06] SUCCESS: Character 809eac32-9554-4de7-a502-69562b2ad869 downloaded successfully
[2025-07-14 10:54:07] Processing character 29/40: 9a2a6f13-eec1-43e1-b56c-5770ad6591be, URL: https://jannyai.com/characters/9a2a6f13-eec1-43e1-b56c-5770ad6591be_character-jesse-pinkman
[2025-07-14 10:54:07] Download attempt 1/3 for character 9a2a6f13-eec1-43e1-b56c-5770ad6591be
[2025-07-14 10:54:08] Navigated to character page: https://jannyai.com/characters/9a2a6f13-eec1-43e1-b56c-5770ad6591be_character-jesse-pinkman
[2025-07-14 10:54:09] Download button found for character 9a2a6f13-eec1-43e1-b56c-5770ad6591be
[2025-07-14 10:54:09] Files before download: 0 for character 9a2a6f13-eec1-43e1-b56c-5770ad6591be
[2025-07-14 10:54:09] Download button clicked for character 9a2a6f13-eec1-43e1-b56c-5770ad6591be
[2025-07-14 10:54:09] Waiting for download file for character 9a2a6f13-eec1-43e1-b56c-5770ad6591be, files before: 0
[2025-07-14 10:54:09] New file detected for 9a2a6f13-eec1-43e1-b56c-5770ad6591be: /Users/txcslm/~RIDER/JannyAI/JannyAI/bin/Debug/net9.0/temp_downloads/Jesse Pinkman.card.png, size: 379466 bytes
[2025-07-14 10:54:12] Initialization started
[2025-07-14 10:54:12] Directories created - Download: /Users/txcslm/~RIDER/JannyAI/JannyAI/bin/Debug/net9.0/jannyai_characters, Temp: /Users/txcslm/~RIDER/JannyAI/JannyAI/bin/Debug/net9.0/temp_downloads, Profile: /Users/txcslm/~RIDER/JannyAI/JannyAI/bin/Debug/net9.0/ChromeProfile
[2025-07-14 10:54:12] Character index loaded, found 13 existing characters
[2025-07-14 10:54:13] WebDriver initialized with Chrome profile
[2025-07-14 10:54:13] Initialization completed successfully
[2025-07-14 10:54:15] Last page detected: 21692
[2025-07-14 10:54:21] Запуск парсера. Стартовая страница: 21692, последняя страница: 21692
[2025-07-14 10:54:21] Начало парсинга
[2025-07-14 10:54:22] Переход на стартовую страницу: https://jannyai.com/?tag_id=&page=21692
[2025-07-14 10:54:22] Starting parsing
[2025-07-14 10:54:22] Стартовая статистика - страница: 21692, уже скачано: 13
[2025-07-14 10:54:22] Начало обработки страницы 21692
[2025-07-14 10:54:22] Грид персонажей загружен на странице 21692
[2025-07-14 10:54:22] Сохранен URL страницы для возврата: https://jannyai.com/?tag_id=&page=21692
[2025-07-14 10:54:22] Processing character 1/40: 46f61c2d-ffdb-43cc-b71b-a0fa2a2c0fcb, URL: https://jannyai.com/characters/46f61c2d-ffdb-43cc-b71b-a0fa2a2c0fcb_character-jane
[2025-07-14 10:54:22] Download attempt 1/3 for character 46f61c2d-ffdb-43cc-b71b-a0fa2a2c0fcb
[2025-07-14 10:54:23] Navigated to character page: https://jannyai.com/characters/46f61c2d-ffdb-43cc-b71b-a0fa2a2c0fcb_character-jane
[2025-07-14 10:54:24] Download button found for character 46f61c2d-ffdb-43cc-b71b-a0fa2a2c0fcb
[2025-07-14 10:54:24] Files before download: 0 for character 46f61c2d-ffdb-43cc-b71b-a0fa2a2c0fcb
[2025-07-14 10:54:24] Download button clicked for character 46f61c2d-ffdb-43cc-b71b-a0fa2a2c0fcb
[2025-07-14 10:54:24] Waiting for download file for character 46f61c2d-ffdb-43cc-b71b-a0fa2a2c0fcb, files before: 0
[2025-07-14 10:54:24] New file detected for 46f61c2d-ffdb-43cc-b71b-a0fa2a2c0fcb: /Users/txcslm/~RIDER/JannyAI/JannyAI/bin/Debug/net9.0/temp_downloads/Jane.card.png, size: 764672 bytes
[2025-07-14 10:54:25] File download confirmed for 46f61c2d-ffdb-43cc-b71b-a0fa2a2c0fcb - stable size: 764672 bytes
[2025-07-14 10:54:25] Moving file from /Users/txcslm/~RIDER/JannyAI/JannyAI/bin/Debug/net9.0/temp_downloads/Jane.card.png to /Users/txcslm/~RIDER/JannyAI/JannyAI/bin/Debug/net9.0/jannyai_characters/46f61c2d-ffdb-43cc-b71b-a0fa2a2c0fcb.png
[2025-07-14 10:54:25] WARNING: Target file already exists, overwriting: /Users/txcslm/~RIDER/JannyAI/JannyAI/bin/Debug/net9.0/jannyai_characters/46f61c2d-ffdb-43cc-b71b-a0fa2a2c0fcb.png
[2025-07-14 10:54:25] File successfully saved for 46f61c2d-ffdb-43cc-b71b-a0fa2a2c0fcb, size: 764672 bytes
[2025-07-14 10:54:26] Returned to list page after downloading 46f61c2d-ffdb-43cc-b71b-a0fa2a2c0fcb
[2025-07-14 10:54:26] SUCCESS: Character 46f61c2d-ffdb-43cc-b71b-a0fa2a2c0fcb downloaded successfully
[2025-07-14 10:54:26] Processing character 2/40: 30b1d68c-c4fd-44ca-a5d5-edbce82285ca, URL: https://jannyai.com/characters/30b1d68c-c4fd-44ca-a5d5-edbce82285ca_character-han-ju-ri
[2025-07-14 10:54:26] Download attempt 1/3 for character 30b1d68c-c4fd-44ca-a5d5-edbce82285ca
[2025-07-14 10:54:28] Navigated to character page: https://jannyai.com/characters/30b1d68c-c4fd-44ca-a5d5-edbce82285ca_character-han-ju-ri
[2025-07-14 10:54:29] Download button found for character 30b1d68c-c4fd-44ca-a5d5-edbce82285ca
[2025-07-14 10:54:29] Files before download: 0 for character 30b1d68c-c4fd-44ca-a5d5-edbce82285ca
[2025-07-14 10:54:29] Download button clicked for character 30b1d68c-c4fd-44ca-a5d5-edbce82285ca
[2025-07-14 10:54:29] Waiting for download file for character 30b1d68c-c4fd-44ca-a5d5-edbce82285ca, files before: 0
[2025-07-14 10:54:29] New file detected for 30b1d68c-c4fd-44ca-a5d5-edbce82285ca: /Users/txcslm/~RIDER/JannyAI/JannyAI/bin/Debug/net9.0/temp_downloads/Han Ju-ri.card.png, size: 1282226 bytes
[2025-07-14 10:54:30] File download confirmed for 30b1d68c-c4fd-44ca-a5d5-edbce82285ca - stable size: 1282226 bytes
[2025-07-14 10:54:30] Moving file from /Users/txcslm/~RIDER/JannyAI/JannyAI/bin/Debug/net9.0/temp_downloads/Han Ju-ri.card.png to /Users/txcslm/~RIDER/JannyAI/JannyAI/bin/Debug/net9.0/jannyai_characters/30b1d68c-c4fd-44ca-a5d5-edbce82285ca.png
[2025-07-14 10:54:30] WARNING: Target file already exists, overwriting: /Users/txcslm/~RIDER/JannyAI/JannyAI/bin/Debug/net9.0/jannyai_characters/30b1d68c-c4fd-44ca-a5d5-edbce82285ca.png
[2025-07-14 10:54:30] File successfully saved for 30b1d68c-c4fd-44ca-a5d5-edbce82285ca, size: 1282226 bytes
[2025-07-14 10:54:31] Returned to list page after downloading 30b1d68c-c4fd-44ca-a5d5-edbce82285ca
[2025-07-14 10:54:31] SUCCESS: Character 30b1d68c-c4fd-44ca-a5d5-edbce82285ca downloaded successfully
[2025-07-14 10:54:31] Processing character 3/40: 6dae9e71-3d7b-4713-b1b0-4966e4aa59d4, URL: https://jannyai.com/characters/6dae9e71-3d7b-4713-b1b0-4966e4aa59d4_character-kanao
[2025-07-14 10:54:31] Download attempt 1/3 for character 6dae9e71-3d7b-4713-b1b0-4966e4aa59d4
[2025-07-14 10:54:32] Navigated to character page: https://jannyai.com/characters/6dae9e71-3d7b-4713-b1b0-4966e4aa59d4_character-kanao
[2025-07-14 10:54:33] Download button found for character 6dae9e71-3d7b-4713-b1b0-4966e4aa59d4
[2025-07-14 10:54:33] Files before download: 0 for character 6dae9e71-3d7b-4713-b1b0-4966e4aa59d4
[2025-07-14 10:54:33] Download button clicked for character 6dae9e71-3d7b-4713-b1b0-4966e4aa59d4
[2025-07-14 10:54:33] Waiting for download file for character 6dae9e71-3d7b-4713-b1b0-4966e4aa59d4, files before: 0
[2025-07-14 10:54:34] New file detected for 6dae9e71-3d7b-4713-b1b0-4966e4aa59d4: /Users/txcslm/~RIDER/JannyAI/JannyAI/bin/Debug/net9.0/temp_downloads/Kanao.card.png, size: 602646 bytes
[2025-07-14 10:54:34] File download confirmed for 6dae9e71-3d7b-4713-b1b0-4966e4aa59d4 - stable size: 602646 bytes
[2025-07-14 10:54:34] Moving file from /Users/txcslm/~RIDER/JannyAI/JannyAI/bin/Debug/net9.0/temp_downloads/Kanao.card.png to /Users/txcslm/~RIDER/JannyAI/JannyAI/bin/Debug/net9.0/jannyai_characters/6dae9e71-3d7b-4713-b1b0-4966e4aa59d4.png
[2025-07-14 10:54:34] WARNING: Target file already exists, overwriting: /Users/txcslm/~RIDER/JannyAI/JannyAI/bin/Debug/net9.0/jannyai_characters/6dae9e71-3d7b-4713-b1b0-4966e4aa59d4.png
[2025-07-14 10:54:34] File successfully saved for 6dae9e71-3d7b-4713-b1b0-4966e4aa59d4, size: 602646 bytes
[2025-07-14 10:54:35] Returned to list page after downloading 6dae9e71-3d7b-4713-b1b0-4966e4aa59d4
[2025-07-14 10:54:35] SUCCESS: Character 6dae9e71-3d7b-4713-b1b0-4966e4aa59d4 downloaded successfully
[2025-07-14 10:54:35] Processing character 4/40: 20f8d1db-eeb8-4c4f-9964-fc0cfa609637, URL: https://jannyai.com/characters/20f8d1db-eeb8-4c4f-9964-fc0cfa609637_character-mr-kain-tutor
[2025-07-14 10:54:35] Download attempt 1/3 for character 20f8d1db-eeb8-4c4f-9964-fc0cfa609637
[2025-07-14 10:54:37] Navigated to character page: https://jannyai.com/characters/20f8d1db-eeb8-4c4f-9964-fc0cfa609637_character-mr-kain-tutor
[2025-07-14 10:54:38] Download button found for character 20f8d1db-eeb8-4c4f-9964-fc0cfa609637
[2025-07-14 10:54:38] Files before download: 0 for character 20f8d1db-eeb8-4c4f-9964-fc0cfa609637
[2025-07-14 10:54:38] Download button clicked for character 20f8d1db-eeb8-4c4f-9964-fc0cfa609637
[2025-07-14 10:54:38] Waiting for download file for character 20f8d1db-eeb8-4c4f-9964-fc0cfa609637, files before: 0
[2025-07-14 10:54:38] New file detected for 20f8d1db-eeb8-4c4f-9964-fc0cfa609637: /Users/txcslm/~RIDER/JannyAI/JannyAI/bin/Debug/net9.0/temp_downloads/Mr. Kain (Tutor).card.png, size: 517011 bytes
[2025-07-14 10:54:38] File download confirmed for 20f8d1db-eeb8-4c4f-9964-fc0cfa609637 - stable size: 517011 bytes
[2025-07-14 10:54:38] Moving file from /Users/txcslm/~RIDER/JannyAI/JannyAI/bin/Debug/net9.0/temp_downloads/Mr. Kain (Tutor).card.png to /Users/txcslm/~RIDER/JannyAI/JannyAI/bin/Debug/net9.0/jannyai_characters/20f8d1db-eeb8-4c4f-9964-fc0cfa609637.png
[2025-07-14 10:54:38] WARNING: Target file already exists, overwriting: /Users/txcslm/~RIDER/JannyAI/JannyAI/bin/Debug/net9.0/jannyai_characters/20f8d1db-eeb8-4c4f-9964-fc0cfa609637.png
[2025-07-14 10:54:38] File successfully saved for 20f8d1db-eeb8-4c4f-9964-fc0cfa609637, size: 517011 bytes
[2025-07-14 10:54:40] Returned to list page after downloading 20f8d1db-eeb8-4c4f-9964-fc0cfa609637
[2025-07-14 10:54:40] SUCCESS: Character 20f8d1db-eeb8-4c4f-9964-fc0cfa609637 downloaded successfully
[2025-07-14 10:54:40] Processing character 5/40: 5fb1b030-0a76-4c94-a3ea-2c0c97b63d75, URL: https://jannyai.com/characters/5fb1b030-0a76-4c94-a3ea-2c0c97b63d75_character-fiona
[2025-07-14 10:54:40] Download attempt 1/3 for character 5fb1b030-0a76-4c94-a3ea-2c0c97b63d75
[2025-07-14 10:54:41] Navigated to character page: https://jannyai.com/characters/5fb1b030-0a76-4c94-a3ea-2c0c97b63d75_character-fiona
[2025-07-14 10:54:42] Download button found for character 5fb1b030-0a76-4c94-a3ea-2c0c97b63d75
[2025-07-14 10:54:42] Files before download: 0 for character 5fb1b030-0a76-4c94-a3ea-2c0c97b63d75
[2025-07-14 10:54:42] Download button clicked for character 5fb1b030-0a76-4c94-a3ea-2c0c97b63d75
[2025-07-14 10:54:42] Waiting for download file for character 5fb1b030-0a76-4c94-a3ea-2c0c97b63d75, files before: 0
[2025-07-14 10:54:43] New file detected for 5fb1b030-0a76-4c94-a3ea-2c0c97b63d75: /Users/txcslm/~RIDER/JannyAI/JannyAI/bin/Debug/net9.0/temp_downloads/Fiona.card.png, size: 1049617 bytes
[2025-07-14 10:54:43] File download confirmed for 5fb1b030-0a76-4c94-a3ea-2c0c97b63d75 - stable size: 1049617 bytes
[2025-07-14 10:54:43] Moving file from /Users/txcslm/~RIDER/JannyAI/JannyAI/bin/Debug/net9.0/temp_downloads/Fiona.card.png to /Users/txcslm/~RIDER/JannyAI/JannyAI/bin/Debug/net9.0/jannyai_characters/5fb1b030-0a76-4c94-a3ea-2c0c97b63d75.png
[2025-07-14 10:54:43] WARNING: Target file already exists, overwriting: /Users/txcslm/~RIDER/JannyAI/JannyAI/bin/Debug/net9.0/jannyai_characters/5fb1b030-0a76-4c94-a3ea-2c0c97b63d75.png
[2025-07-14 10:54:43] File successfully saved for 5fb1b030-0a76-4c94-a3ea-2c0c97b63d75, size: 1049617 bytes
[2025-07-14 10:54:44] Returned to list page after downloading 5fb1b030-0a76-4c94-a3ea-2c0c97b63d75
[2025-07-14 10:54:44] SUCCESS: Character 5fb1b030-0a76-4c94-a3ea-2c0c97b63d75 downloaded successfully
[2025-07-14 10:54:44] Processing character 6/40: 761edc9f-83a7-4deb-895c-a8e752ab9f86, URL: https://jannyai.com/characters/761edc9f-83a7-4deb-895c-a8e752ab9f86_character-aehwa
[2025-07-14 10:54:44] Download attempt 1/3 for character 761edc9f-83a7-4deb-895c-a8e752ab9f86
[2025-07-14 10:54:45] Navigated to character page: https://jannyai.com/characters/761edc9f-83a7-4deb-895c-a8e752ab9f86_character-aehwa
[2025-07-14 10:54:46] Download button found for character 761edc9f-83a7-4deb-895c-a8e752ab9f86
[2025-07-14 10:54:46] Files before download: 0 for character 761edc9f-83a7-4deb-895c-a8e752ab9f86
[2025-07-14 10:54:46] Download button clicked for character 761edc9f-83a7-4deb-895c-a8e752ab9f86
[2025-07-14 10:54:46] Waiting for download file for character 761edc9f-83a7-4deb-895c-a8e752ab9f86, files before: 0
[2025-07-14 10:54:47] New file detected for 761edc9f-83a7-4deb-895c-a8e752ab9f86: /Users/txcslm/~RIDER/JannyAI/JannyAI/bin/Debug/net9.0/temp_downloads/Aehwa.card.png, size: 1461131 bytes
[2025-07-14 10:54:47] File download confirmed for 761edc9f-83a7-4deb-895c-a8e752ab9f86 - stable size: 1461131 bytes
[2025-07-14 10:54:47] Moving file from /Users/txcslm/~RIDER/JannyAI/JannyAI/bin/Debug/net9.0/temp_downloads/Aehwa.card.png to /Users/txcslm/~RIDER/JannyAI/JannyAI/bin/Debug/net9.0/jannyai_characters/761edc9f-83a7-4deb-895c-a8e752ab9f86.png
[2025-07-14 10:54:47] WARNING: Target file already exists, overwriting: /Users/txcslm/~RIDER/JannyAI/JannyAI/bin/Debug/net9.0/jannyai_characters/761edc9f-83a7-4deb-895c-a8e752ab9f86.png
[2025-07-14 10:54:47] File successfully saved for 761edc9f-83a7-4deb-895c-a8e752ab9f86, size: 1461131 bytes
[2025-07-14 10:54:48] Returned to list page after downloading 761edc9f-83a7-4deb-895c-a8e752ab9f86
[2025-07-14 10:54:48] SUCCESS: Character 761edc9f-83a7-4deb-895c-a8e752ab9f86 downloaded successfully
[2025-07-14 10:54:49] Processing character 7/40: 2d943155-171c-4525-bc50-e0747913ff08, URL: https://jannyai.com/characters/2d943155-171c-4525-bc50-e0747913ff08_character-director-han-boss
[2025-07-14 10:54:49] Download attempt 1/3 for character 2d943155-171c-4525-bc50-e0747913ff08
[2025-07-14 10:54:50] Navigated to character page: https://jannyai.com/characters/2d943155-171c-4525-bc50-e0747913ff08_character-director-han-boss
[2025-07-14 10:54:51] Download button found for character 2d943155-171c-4525-bc50-e0747913ff08
[2025-07-14 10:54:51] Files before download: 0 for character 2d943155-171c-4525-bc50-e0747913ff08
[2025-07-14 10:54:51] Download button clicked for character 2d943155-171c-4525-bc50-e0747913ff08
[2025-07-14 10:54:51] Waiting for download file for character 2d943155-171c-4525-bc50-e0747913ff08, files before: 0
[2025-07-14 10:54:51] New file detected for 2d943155-171c-4525-bc50-e0747913ff08: /Users/txcslm/~RIDER/JannyAI/JannyAI/bin/Debug/net9.0/temp_downloads/Director Han (Boss).card.png, size: 664697 bytes
[2025-07-14 10:54:52] File download confirmed for 2d943155-171c-4525-bc50-e0747913ff08 - stable size: 664697 bytes
[2025-07-14 10:54:52] Moving file from /Users/txcslm/~RIDER/JannyAI/JannyAI/bin/Debug/net9.0/temp_downloads/Director Han (Boss).card.png to /Users/txcslm/~RIDER/JannyAI/JannyAI/bin/Debug/net9.0/jannyai_characters/2d943155-171c-4525-bc50-e0747913ff08.png
[2025-07-14 10:54:52] WARNING: Target file already exists, overwriting: /Users/txcslm/~RIDER/JannyAI/JannyAI/bin/Debug/net9.0/jannyai_characters/2d943155-171c-4525-bc50-e0747913ff08.png
[2025-07-14 10:54:52] File successfully saved for 2d943155-171c-4525-bc50-e0747913ff08, size: 664697 bytes
[2025-07-14 10:54:53] Returned to list page after downloading 2d943155-171c-4525-bc50-e0747913ff08
[2025-07-14 10:54:53] SUCCESS: Character 2d943155-171c-4525-bc50-e0747913ff08 downloaded successfully
[2025-07-14 10:54:53] Processing character 8/40: b07c603b-d82c-4e52-af01-7b3e58117422, URL: https://jannyai.com/characters/b07c603b-d82c-4e52-af01-7b3e58117422_character-worlds-end-harem
[2025-07-14 10:54:53] Download attempt 1/3 for character b07c603b-d82c-4e52-af01-7b3e58117422
[2025-07-14 10:54:54] Navigated to character page: https://jannyai.com/characters/b07c603b-d82c-4e52-af01-7b3e58117422_character-worlds-end-harem
[2025-07-14 10:54:55] Download button found for character b07c603b-d82c-4e52-af01-7b3e58117422
[2025-07-14 10:54:55] Files before download: 0 for character b07c603b-d82c-4e52-af01-7b3e58117422
[2025-07-14 10:54:55] Download button clicked for character b07c603b-d82c-4e52-af01-7b3e58117422
[2025-07-14 10:54:55] Waiting for download file for character b07c603b-d82c-4e52-af01-7b3e58117422, files before: 0
[2025-07-14 10:54:56] New file detected for b07c603b-d82c-4e52-af01-7b3e58117422: /Users/txcslm/~RIDER/JannyAI/JannyAI/bin/Debug/net9.0/temp_downloads/World's end harem.card.png, size: 1181714 bytes
[2025-07-14 10:54:56] File download confirmed for b07c603b-d82c-4e52-af01-7b3e58117422 - stable size: 1181714 bytes
[2025-07-14 10:54:56] Moving file from /Users/txcslm/~RIDER/JannyAI/JannyAI/bin/Debug/net9.0/temp_downloads/World's end harem.card.png to /Users/txcslm/~RIDER/JannyAI/JannyAI/bin/Debug/net9.0/jannyai_characters/b07c603b-d82c-4e52-af01-7b3e58117422.png
[2025-07-14 10:54:56] WARNING: Target file already exists, overwriting: /Users/txcslm/~RIDER/JannyAI/JannyAI/bin/Debug/net9.0/jannyai_characters/b07c603b-d82c-4e52-af01-7b3e58117422.png
[2025-07-14 10:54:56] File successfully saved for b07c603b-d82c-4e52-af01-7b3e58117422, size: 1181714 bytes
[2025-07-14 10:54:57] Returned to list page after downloading b07c603b-d82c-4e52-af01-7b3e58117422
[2025-07-14 10:54:57] SUCCESS: Character b07c603b-d82c-4e52-af01-7b3e58117422 downloaded successfully
[2025-07-14 10:54:58] Processing character 9/40: 0b6695f5-0ffb-486a-845d-fca562c65f65, URL: https://jannyai.com/characters/0b6695f5-0ffb-486a-845d-fca562c65f65_character-sora
[2025-07-14 10:54:58] Download attempt 1/3 for character 0b6695f5-0ffb-486a-845d-fca562c65f65
[2025-07-14 10:54:59] Navigated to character page: https://jannyai.com/characters/0b6695f5-0ffb-486a-845d-fca562c65f65_character-sora
[2025-07-14 10:55:00] Download button found for character 0b6695f5-0ffb-486a-845d-fca562c65f65
[2025-07-14 10:55:00] Files before download: 0 for character 0b6695f5-0ffb-486a-845d-fca562c65f65
[2025-07-14 10:55:00] Download button clicked for character 0b6695f5-0ffb-486a-845d-fca562c65f65
[2025-07-14 10:55:00] Waiting for download file for character 0b6695f5-0ffb-486a-845d-fca562c65f65, files before: 0
[2025-07-14 10:55:00] New file detected for 0b6695f5-0ffb-486a-845d-fca562c65f65: /Users/txcslm/~RIDER/JannyAI/JannyAI/bin/Debug/net9.0/temp_downloads/Sora.card.png, size: 1170815 bytes
[2025-07-14 10:55:01] File download confirmed for 0b6695f5-0ffb-486a-845d-fca562c65f65 - stable size: 1170815 bytes
[2025-07-14 10:55:01] Moving file from /Users/txcslm/~RIDER/JannyAI/JannyAI/bin/Debug/net9.0/temp_downloads/Sora.card.png to /Users/txcslm/~RIDER/JannyAI/JannyAI/bin/Debug/net9.0/jannyai_characters/0b6695f5-0ffb-486a-845d-fca562c65f65.png
[2025-07-14 10:55:01] WARNING: Target file already exists, overwriting: /Users/txcslm/~RIDER/JannyAI/JannyAI/bin/Debug/net9.0/jannyai_characters/0b6695f5-0ffb-486a-845d-fca562c65f65.png
[2025-07-14 10:55:01] File successfully saved for 0b6695f5-0ffb-486a-845d-fca562c65f65, size: 1170815 bytes
[2025-07-14 10:55:02] Returned to list page after downloading 0b6695f5-0ffb-486a-845d-fca562c65f65
[2025-07-14 10:55:02] SUCCESS: Character 0b6695f5-0ffb-486a-845d-fca562c65f65 downloaded successfully
[2025-07-14 10:55:02] Processing character 10/40: 7dacb607-64d2-43e5-8330-405660893802, URL: https://jannyai.com/characters/7dacb607-64d2-43e5-8330-405660893802_character-slave-market
[2025-07-14 10:55:02] Download attempt 1/3 for character 7dacb607-64d2-43e5-8330-405660893802
[2025-07-14 10:55:03] Navigated to character page: https://jannyai.com/characters/7dacb607-64d2-43e5-8330-405660893802_character-slave-market
[2025-07-14 10:55:04] Download button found for character 7dacb607-64d2-43e5-8330-405660893802
[2025-07-14 10:55:04] Files before download: 0 for character 7dacb607-64d2-43e5-8330-405660893802
[2025-07-14 10:55:04] Download button clicked for character 7dacb607-64d2-43e5-8330-405660893802
[2025-07-14 10:55:04] Waiting for download file for character 7dacb607-64d2-43e5-8330-405660893802, files before: 0
[2025-07-14 10:55:04] New file detected for 7dacb607-64d2-43e5-8330-405660893802: /Users/txcslm/~RIDER/JannyAI/JannyAI/bin/Debug/net9.0/temp_downloads/Slave market.card.png, size: 612220 bytes
[2025-07-14 10:55:05] File download confirmed for 7dacb607-64d2-43e5-8330-405660893802 - stable size: 612220 bytes
[2025-07-14 10:55:05] Moving file from /Users/txcslm/~RIDER/JannyAI/JannyAI/bin/Debug/net9.0/temp_downloads/Slave market.card.png to /Users/txcslm/~RIDER/JannyAI/JannyAI/bin/Debug/net9.0/jannyai_characters/7dacb607-64d2-43e5-8330-405660893802.png
[2025-07-14 10:55:05] File successfully saved for 7dacb607-64d2-43e5-8330-405660893802, size: 612220 bytes
[2025-07-14 10:55:06] Returned to list page after downloading 7dacb607-64d2-43e5-8330-405660893802
[2025-07-14 10:55:06] SUCCESS: Character 7dacb607-64d2-43e5-8330-405660893802 downloaded successfully
[2025-07-14 10:55:06] Processing character 11/40: 103e7b46-d82a-4ac2-87f6-608c14f8c5ab, URL: https://jannyai.com/characters/103e7b46-d82a-4ac2-87f6-608c14f8c5ab_character-victor
[2025-07-14 10:55:06] Download attempt 1/3 for character 103e7b46-d82a-4ac2-87f6-608c14f8c5ab
[2025-07-14 10:57:17] Initialization started
[2025-07-14 10:57:17] Directories created - Download: /Users/txcslm/~RIDER/JannyAI/JannyAI/bin/Debug/net9.0/jannyai_characters, Temp: /Users/txcslm/~RIDER/JannyAI/JannyAI/bin/Debug/net9.0/temp_downloads, Profile: /Users/txcslm/~RIDER/JannyAI/JannyAI/bin/Debug/net9.0/ChromeProfile
[2025-07-14 10:57:17] Character index loaded, found 0 existing characters
[2025-07-14 10:57:18] WebDriver initialized with Chrome profile
[2025-07-14 10:57:18] Initialization completed successfully
[2025-07-14 10:57:20] Last page detected: 21692
[2025-07-14 10:57:25] Запуск парсера. Стартовая страница: 21692, последняя страница: 21692
[2025-07-14 10:57:25] Начало парсинга
[2025-07-14 10:57:27] Переход на стартовую страницу: https://jannyai.com/?tag_id=&page=21692
[2025-07-14 10:57:27] Starting parsing
[2025-07-14 10:57:27] Стартовая статистика - страница: 21692, уже скачано: 0
[2025-07-14 10:57:27] Начало обработки страницы 21692
[2025-07-14 10:57:27] Грид персонажей загружен на странице 21692
[2025-07-14 10:57:27] Сохранен URL страницы для возврата: https://jannyai.com/?tag_id=&page=21692
[2025-07-14 10:57:27] Processing character 1/40: 46f61c2d-ffdb-43cc-b71b-a0fa2a2c0fcb, URL: https://jannyai.com/characters/46f61c2d-ffdb-43cc-b71b-a0fa2a2c0fcb_character-jane
[2025-07-14 10:57:27] Download attempt 1/3 for character 46f61c2d-ffdb-43cc-b71b-a0fa2a2c0fcb
[2025-07-14 10:57:28] Navigated to character page: https://jannyai.com/characters/46f61c2d-ffdb-43cc-b71b-a0fa2a2c0fcb_character-jane
[2025-07-14 10:57:28] Download button found for character 46f61c2d-ffdb-43cc-b71b-a0fa2a2c0fcb
[2025-07-14 10:57:28] Files before download: 0 for character 46f61c2d-ffdb-43cc-b71b-a0fa2a2c0fcb
[2025-07-14 10:57:28] Download button clicked for character 46f61c2d-ffdb-43cc-b71b-a0fa2a2c0fcb
[2025-07-14 10:57:28] Waiting for download file for character 46f61c2d-ffdb-43cc-b71b-a0fa2a2c0fcb, files before: 0
[2025-07-14 10:57:28] New file detected for 46f61c2d-ffdb-43cc-b71b-a0fa2a2c0fcb: /Users/txcslm/~RIDER/JannyAI/JannyAI/bin/Debug/net9.0/temp_downloads/Jane.card.png, size: 764672 bytes
[2025-07-14 10:57:29] File download confirmed for 46f61c2d-ffdb-43cc-b71b-a0fa2a2c0fcb - stable size: 764672 bytes
[2025-07-14 10:57:29] Moving file from /Users/txcslm/~RIDER/JannyAI/JannyAI/bin/Debug/net9.0/temp_downloads/Jane.card.png to /Users/txcslm/~RIDER/JannyAI/JannyAI/bin/Debug/net9.0/jannyai_characters/46f61c2d-ffdb-43cc-b71b-a0fa2a2c0fcb.png
[2025-07-14 10:57:29] File successfully saved for 46f61c2d-ffdb-43cc-b71b-a0fa2a2c0fcb, size: 764672 bytes
[2025-07-14 10:57:30] Returned to list page after downloading 46f61c2d-ffdb-43cc-b71b-a0fa2a2c0fcb
[2025-07-14 10:57:30] SUCCESS: Character 46f61c2d-ffdb-43cc-b71b-a0fa2a2c0fcb downloaded successfully
[2025-07-14 10:57:30] Processing character 2/40: 30b1d68c-c4fd-44ca-a5d5-edbce82285ca, URL: https://jannyai.com/characters/30b1d68c-c4fd-44ca-a5d5-edbce82285ca_character-han-ju-ri
[2025-07-14 10:57:30] Download attempt 1/3 for character 30b1d68c-c4fd-44ca-a5d5-edbce82285ca
[2025-07-14 10:57:31] Navigated to character page: https://jannyai.com/characters/30b1d68c-c4fd-44ca-a5d5-edbce82285ca_character-han-ju-ri
[2025-07-14 10:57:31] Download button found for character 30b1d68c-c4fd-44ca-a5d5-edbce82285ca
[2025-07-14 10:57:31] Files before download: 0 for character 30b1d68c-c4fd-44ca-a5d5-edbce82285ca
[2025-07-14 10:57:31] Download button clicked for character 30b1d68c-c4fd-44ca-a5d5-edbce82285ca
[2025-07-14 10:57:31] Waiting for download file for character 30b1d68c-c4fd-44ca-a5d5-edbce82285ca, files before: 0
[2025-07-14 10:57:32] New file detected for 30b1d68c-c4fd-44ca-a5d5-edbce82285ca: /Users/txcslm/~RIDER/JannyAI/JannyAI/bin/Debug/net9.0/temp_downloads/Han Ju-ri.card.png, size: 1282226 bytes
[2025-07-14 10:57:32] File download confirmed for 30b1d68c-c4fd-44ca-a5d5-edbce82285ca - stable size: 1282226 bytes
[2025-07-14 10:57:32] Moving file from /Users/txcslm/~RIDER/JannyAI/JannyAI/bin/Debug/net9.0/temp_downloads/Han Ju-ri.card.png to /Users/txcslm/~RIDER/JannyAI/JannyAI/bin/Debug/net9.0/jannyai_characters/30b1d68c-c4fd-44ca-a5d5-edbce82285ca.png
[2025-07-14 10:57:32] File successfully saved for 30b1d68c-c4fd-44ca-a5d5-edbce82285ca, size: 1282226 bytes
[2025-07-14 10:57:34] Returned to list page after downloading 30b1d68c-c4fd-44ca-a5d5-edbce82285ca
[2025-07-14 10:57:34] SUCCESS: Character 30b1d68c-c4fd-44ca-a5d5-edbce82285ca downloaded successfully
[2025-07-14 10:57:34] Processing character 3/40: 6dae9e71-3d7b-4713-b1b0-4966e4aa59d4, URL: https://jannyai.com/characters/6dae9e71-3d7b-4713-b1b0-4966e4aa59d4_character-kanao
[2025-07-14 10:57:34] Download attempt 1/3 for character 6dae9e71-3d7b-4713-b1b0-4966e4aa59d4
[2025-07-14 10:57:36] Navigated to character page: https://jannyai.com/characters/6dae9e71-3d7b-4713-b1b0-4966e4aa59d4_character-kanao
[2025-07-14 10:57:36] Download button found for character 6dae9e71-3d7b-4713-b1b0-4966e4aa59d4
[2025-07-14 10:57:36] Files before download: 0 for character 6dae9e71-3d7b-4713-b1b0-4966e4aa59d4
[2025-07-14 10:57:36] Download button clicked for character 6dae9e71-3d7b-4713-b1b0-4966e4aa59d4
[2025-07-14 10:57:36] Waiting for download file for character 6dae9e71-3d7b-4713-b1b0-4966e4aa59d4, files before: 0
[2025-07-14 10:57:36] New file detected for 6dae9e71-3d7b-4713-b1b0-4966e4aa59d4: /Users/txcslm/~RIDER/JannyAI/JannyAI/bin/Debug/net9.0/temp_downloads/Kanao.card.png, size: 602646 bytes
[2025-07-14 10:57:37] File download confirmed for 6dae9e71-3d7b-4713-b1b0-4966e4aa59d4 - stable size: 602646 bytes
[2025-07-14 10:57:37] Moving file from /Users/txcslm/~RIDER/JannyAI/JannyAI/bin/Debug/net9.0/temp_downloads/Kanao.card.png to /Users/txcslm/~RIDER/JannyAI/JannyAI/bin/Debug/net9.0/jannyai_characters/6dae9e71-3d7b-4713-b1b0-4966e4aa59d4.png
[2025-07-14 10:57:37] File successfully saved for 6dae9e71-3d7b-4713-b1b0-4966e4aa59d4, size: 602646 bytes
[2025-07-14 10:57:38] Returned to list page after downloading 6dae9e71-3d7b-4713-b1b0-4966e4aa59d4
[2025-07-14 10:57:38] SUCCESS: Character 6dae9e71-3d7b-4713-b1b0-4966e4aa59d4 downloaded successfully
[2025-07-14 10:57:38] Processing character 4/40: 20f8d1db-eeb8-4c4f-9964-fc0cfa609637, URL: https://jannyai.com/characters/20f8d1db-eeb8-4c4f-9964-fc0cfa609637_character-mr-kain-tutor
[2025-07-14 10:57:38] Download attempt 1/3 for character 20f8d1db-eeb8-4c4f-9964-fc0cfa609637
[2025-07-14 10:57:39] Navigated to character page: https://jannyai.com/characters/20f8d1db-eeb8-4c4f-9964-fc0cfa609637_character-mr-kain-tutor
[2025-07-14 10:57:39] Download button found for character 20f8d1db-eeb8-4c4f-9964-fc0cfa609637
[2025-07-14 10:57:39] Files before download: 0 for character 20f8d1db-eeb8-4c4f-9964-fc0cfa609637
[2025-07-14 10:57:39] Download button clicked for character 20f8d1db-eeb8-4c4f-9964-fc0cfa609637
[2025-07-14 10:57:39] Waiting for download file for character 20f8d1db-eeb8-4c4f-9964-fc0cfa609637, files before: 0
[2025-07-14 10:57:40] New file detected for 20f8d1db-eeb8-4c4f-9964-fc0cfa609637: /Users/txcslm/~RIDER/JannyAI/JannyAI/bin/Debug/net9.0/temp_downloads/Mr. Kain (Tutor).card.png, size: 517011 bytes
[2025-07-14 10:57:40] File download confirmed for 20f8d1db-eeb8-4c4f-9964-fc0cfa609637 - stable size: 517011 bytes
[2025-07-14 10:57:40] Moving file from /Users/txcslm/~RIDER/JannyAI/JannyAI/bin/Debug/net9.0/temp_downloads/Mr. Kain (Tutor).card.png to /Users/txcslm/~RIDER/JannyAI/JannyAI/bin/Debug/net9.0/jannyai_characters/20f8d1db-eeb8-4c4f-9964-fc0cfa609637.png
[2025-07-14 10:57:40] File successfully saved for 20f8d1db-eeb8-4c4f-9964-fc0cfa609637, size: 517011 bytes
[2025-07-14 10:57:41] Returned to list page after downloading 20f8d1db-eeb8-4c4f-9964-fc0cfa609637
[2025-07-14 10:57:41] SUCCESS: Character 20f8d1db-eeb8-4c4f-9964-fc0cfa609637 downloaded successfully
[2025-07-14 10:57:42] Processing character 5/40: 5fb1b030-0a76-4c94-a3ea-2c0c97b63d75, URL: https://jannyai.com/characters/5fb1b030-0a76-4c94-a3ea-2c0c97b63d75_character-fiona
[2025-07-14 10:57:42] Download attempt 1/3 for character 5fb1b030-0a76-4c94-a3ea-2c0c97b63d75
[2025-07-14 10:57:43] Navigated to character page: https://jannyai.com/characters/5fb1b030-0a76-4c94-a3ea-2c0c97b63d75_character-fiona
[2025-07-14 10:57:43] Download button found for character 5fb1b030-0a76-4c94-a3ea-2c0c97b63d75
[2025-07-14 10:57:43] Files before download: 0 for character 5fb1b030-0a76-4c94-a3ea-2c0c97b63d75
[2025-07-14 10:57:43] Download button clicked for character 5fb1b030-0a76-4c94-a3ea-2c0c97b63d75
[2025-07-14 10:57:43] Waiting for download file for character 5fb1b030-0a76-4c94-a3ea-2c0c97b63d75, files before: 0
[2025-07-14 10:57:43] New file detected for 5fb1b030-0a76-4c94-a3ea-2c0c97b63d75: /Users/txcslm/~RIDER/JannyAI/JannyAI/bin/Debug/net9.0/temp_downloads/Fiona.card.png, size: 1049617 bytes
[2025-07-14 10:57:44] File download confirmed for 5fb1b030-0a76-4c94-a3ea-2c0c97b63d75 - stable size: 1049617 bytes
[2025-07-14 10:57:44] Moving file from /Users/txcslm/~RIDER/JannyAI/JannyAI/bin/Debug/net9.0/temp_downloads/Fiona.card.png to /Users/txcslm/~RIDER/JannyAI/JannyAI/bin/Debug/net9.0/jannyai_characters/5fb1b030-0a76-4c94-a3ea-2c0c97b63d75.png
[2025-07-14 10:57:44] File successfully saved for 5fb1b030-0a76-4c94-a3ea-2c0c97b63d75, size: 1049617 bytes
[2025-07-14 10:57:45] Returned to list page after downloading 5fb1b030-0a76-4c94-a3ea-2c0c97b63d75
[2025-07-14 10:57:45] SUCCESS: Character 5fb1b030-0a76-4c94-a3ea-2c0c97b63d75 downloaded successfully
[2025-07-14 10:57:45] Processing character 6/40: 761edc9f-83a7-4deb-895c-a8e752ab9f86, URL: https://jannyai.com/characters/761edc9f-83a7-4deb-895c-a8e752ab9f86_character-aehwa
[2025-07-14 10:57:45] Download attempt 1/3 for character 761edc9f-83a7-4deb-895c-a8e752ab9f86
[2025-07-14 10:57:53] Navigated to character page: https://jannyai.com/characters/761edc9f-83a7-4deb-895c-a8e752ab9f86_character-aehwa
[2025-07-14 10:57:53] Download button found for character 761edc9f-83a7-4deb-895c-a8e752ab9f86
[2025-07-14 10:57:53] Files before download: 0 for character 761edc9f-83a7-4deb-895c-a8e752ab9f86
[2025-07-14 10:57:53] Download button clicked for character 761edc9f-83a7-4deb-895c-a8e752ab9f86
[2025-07-14 10:57:53] Waiting for download file for character 761edc9f-83a7-4deb-895c-a8e752ab9f86, files before: 0
[2025-07-14 10:57:54] New file detected for 761edc9f-83a7-4deb-895c-a8e752ab9f86: /Users/txcslm/~RIDER/JannyAI/JannyAI/bin/Debug/net9.0/temp_downloads/Aehwa.card.png, size: 1461131 bytes
[2025-07-14 10:57:54] File download confirmed for 761edc9f-83a7-4deb-895c-a8e752ab9f86 - stable size: 1461131 bytes
[2025-07-14 10:57:54] Moving file from /Users/txcslm/~RIDER/JannyAI/JannyAI/bin/Debug/net9.0/temp_downloads/Aehwa.card.png to /Users/txcslm/~RIDER/JannyAI/JannyAI/bin/Debug/net9.0/jannyai_characters/761edc9f-83a7-4deb-895c-a8e752ab9f86.png
[2025-07-14 10:57:54] File successfully saved for 761edc9f-83a7-4deb-895c-a8e752ab9f86, size: 1461131 bytes
[2025-07-14 10:57:55] Returned to list page after downloading 761edc9f-83a7-4deb-895c-a8e752ab9f86
[2025-07-14 10:57:55] SUCCESS: Character 761edc9f-83a7-4deb-895c-a8e752ab9f86 downloaded successfully
[2025-07-14 10:57:56] Processing character 7/40: 2d943155-171c-4525-bc50-e0747913ff08, URL: https://jannyai.com/characters/2d943155-171c-4525-bc50-e0747913ff08_character-director-han-boss
[2025-07-14 10:57:56] Download attempt 1/3 for character 2d943155-171c-4525-bc50-e0747913ff08
[2025-07-14 10:57:57] Navigated to character page: https://jannyai.com/characters/2d943155-171c-4525-bc50-e0747913ff08_character-director-han-boss
[2025-07-14 10:57:57] Download button found for character 2d943155-171c-4525-bc50-e0747913ff08
[2025-07-14 10:57:57] Files before download: 0 for character 2d943155-171c-4525-bc50-e0747913ff08
[2025-07-14 10:57:57] Download button clicked for character 2d943155-171c-4525-bc50-e0747913ff08
[2025-07-14 10:57:57] Waiting for download file for character 2d943155-171c-4525-bc50-e0747913ff08, files before: 0
[2025-07-14 10:57:57] New file detected for 2d943155-171c-4525-bc50-e0747913ff08: /Users/txcslm/~RIDER/JannyAI/JannyAI/bin/Debug/net9.0/temp_downloads/Director Han (Boss).card.png, size: 664697 bytes
[2025-07-14 10:57:58] File download confirmed for 2d943155-171c-4525-bc50-e0747913ff08 - stable size: 664697 bytes
[2025-07-14 10:57:58] Moving file from /Users/txcslm/~RIDER/JannyAI/JannyAI/bin/Debug/net9.0/temp_downloads/Director Han (Boss).card.png to /Users/txcslm/~RIDER/JannyAI/JannyAI/bin/Debug/net9.0/jannyai_characters/2d943155-171c-4525-bc50-e0747913ff08.png
[2025-07-14 10:57:58] File successfully saved for 2d943155-171c-4525-bc50-e0747913ff08, size: 664697 bytes
[2025-07-14 10:57:59] Returned to list page after downloading 2d943155-171c-4525-bc50-e0747913ff08
[2025-07-14 10:57:59] SUCCESS: Character 2d943155-171c-4525-bc50-e0747913ff08 downloaded successfully
[2025-07-14 10:57:59] Processing character 8/40: b07c603b-d82c-4e52-af01-7b3e58117422, URL: https://jannyai.com/characters/b07c603b-d82c-4e52-af01-7b3e58117422_character-worlds-end-harem
[2025-07-14 10:57:59] Download attempt 1/3 for character b07c603b-d82c-4e52-af01-7b3e58117422
[2025-07-14 10:58:00] Navigated to character page: https://jannyai.com/characters/b07c603b-d82c-4e52-af01-7b3e58117422_character-worlds-end-harem
[2025-07-14 10:58:00] Download button found for character b07c603b-d82c-4e52-af01-7b3e58117422
[2025-07-14 10:58:00] Files before download: 0 for character b07c603b-d82c-4e52-af01-7b3e58117422
[2025-07-14 10:58:00] Download button clicked for character b07c603b-d82c-4e52-af01-7b3e58117422
[2025-07-14 10:58:00] Waiting for download file for character b07c603b-d82c-4e52-af01-7b3e58117422, files before: 0
[2025-07-14 10:58:01] New file detected for b07c603b-d82c-4e52-af01-7b3e58117422: /Users/txcslm/~RIDER/JannyAI/JannyAI/bin/Debug/net9.0/temp_downloads/World's end harem.card.png, size: 1181714 bytes
[2025-07-14 10:58:01] File download confirmed for b07c603b-d82c-4e52-af01-7b3e58117422 - stable size: 1181714 bytes
[2025-07-14 10:58:01] Moving file from /Users/txcslm/~RIDER/JannyAI/JannyAI/bin/Debug/net9.0/temp_downloads/World's end harem.card.png to /Users/txcslm/~RIDER/JannyAI/JannyAI/bin/Debug/net9.0/jannyai_characters/b07c603b-d82c-4e52-af01-7b3e58117422.png
[2025-07-14 10:58:01] File successfully saved for b07c603b-d82c-4e52-af01-7b3e58117422, size: 1181714 bytes
[2025-07-14 10:58:02] Returned to list page after downloading b07c603b-d82c-4e52-af01-7b3e58117422
[2025-07-14 10:58:02] SUCCESS: Character b07c603b-d82c-4e52-af01-7b3e58117422 downloaded successfully
[2025-07-14 10:58:03] Processing character 9/40: 0b6695f5-0ffb-486a-845d-fca562c65f65, URL: https://jannyai.com/characters/0b6695f5-0ffb-486a-845d-fca562c65f65_character-sora
[2025-07-14 10:58:03] Download attempt 1/3 for character 0b6695f5-0ffb-486a-845d-fca562c65f65
[2025-07-14 10:58:04] Navigated to character page: https://jannyai.com/characters/0b6695f5-0ffb-486a-845d-fca562c65f65_character-sora
[2025-07-14 10:58:04] Download button found for character 0b6695f5-0ffb-486a-845d-fca562c65f65
[2025-07-14 10:58:04] Files before download: 0 for character 0b6695f5-0ffb-486a-845d-fca562c65f65
[2025-07-14 10:58:04] Download button clicked for character 0b6695f5-0ffb-486a-845d-fca562c65f65
[2025-07-14 10:58:04] Waiting for download file for character 0b6695f5-0ffb-486a-845d-fca562c65f65, files before: 0
[2025-07-14 10:58:04] New file detected for 0b6695f5-0ffb-486a-845d-fca562c65f65: /Users/txcslm/~RIDER/JannyAI/JannyAI/bin/Debug/net9.0/temp_downloads/Sora.card.png, size: 1170815 bytes
[2025-07-14 10:58:05] File download confirmed for 0b6695f5-0ffb-486a-845d-fca562c65f65 - stable size: 1170815 bytes
[2025-07-14 10:58:05] Moving file from /Users/txcslm/~RIDER/JannyAI/JannyAI/bin/Debug/net9.0/temp_downloads/Sora.card.png to /Users/txcslm/~RIDER/JannyAI/JannyAI/bin/Debug/net9.0/jannyai_characters/0b6695f5-0ffb-486a-845d-fca562c65f65.png
[2025-07-14 10:58:05] File successfully saved for 0b6695f5-0ffb-486a-845d-fca562c65f65, size: 1170815 bytes
[2025-07-14 10:58:06] Returned to list page after downloading 0b6695f5-0ffb-486a-845d-fca562c65f65
[2025-07-14 10:58:06] SUCCESS: Character 0b6695f5-0ffb-486a-845d-fca562c65f65 downloaded successfully
[2025-07-14 10:58:06] Processing character 10/40: 7dacb607-64d2-43e5-8330-405660893802, URL: https://jannyai.com/characters/7dacb607-64d2-43e5-8330-405660893802_character-slave-market
[2025-07-14 10:58:06] Download attempt 1/3 for character 7dacb607-64d2-43e5-8330-405660893802
[2025-07-14 10:58:07] Navigated to character page: https://jannyai.com/characters/7dacb607-64d2-43e5-8330-405660893802_character-slave-market
[2025-07-14 10:58:07] Download button found for character 7dacb607-64d2-43e5-8330-405660893802
[2025-07-14 10:58:07] Files before download: 0 for character 7dacb607-64d2-43e5-8330-405660893802
[2025-07-14 10:58:07] Download button clicked for character 7dacb607-64d2-43e5-8330-405660893802
[2025-07-14 10:58:07] Waiting for download file for character 7dacb607-64d2-43e5-8330-405660893802, files before: 0
[2025-07-14 10:58:08] New file detected for 7dacb607-64d2-43e5-8330-405660893802: /Users/txcslm/~RIDER/JannyAI/JannyAI/bin/Debug/net9.0/temp_downloads/Slave market.card.png, size: 612220 bytes
[2025-07-14 10:58:08] File download confirmed for 7dacb607-64d2-43e5-8330-405660893802 - stable size: 612220 bytes
[2025-07-14 10:58:08] Moving file from /Users/txcslm/~RIDER/JannyAI/JannyAI/bin/Debug/net9.0/temp_downloads/Slave market.card.png to /Users/txcslm/~RIDER/JannyAI/JannyAI/bin/Debug/net9.0/jannyai_characters/7dacb607-64d2-43e5-8330-405660893802.png
[2025-07-14 10:58:08] File successfully saved for 7dacb607-64d2-43e5-8330-405660893802, size: 612220 bytes
[2025-07-14 10:58:09] Returned to list page after downloading 7dacb607-64d2-43e5-8330-405660893802
[2025-07-14 10:58:09] SUCCESS: Character 7dacb607-64d2-43e5-8330-405660893802 downloaded successfully
[2025-07-14 10:58:10] Processing character 11/40: 103e7b46-d82a-4ac2-87f6-608c14f8c5ab, URL: https://jannyai.com/characters/103e7b46-d82a-4ac2-87f6-608c14f8c5ab_character-victor
[2025-07-14 10:58:10] Download attempt 1/3 for character 103e7b46-d82a-4ac2-87f6-608c14f8c5ab
[2025-07-14 10:58:13] Navigated to character page: https://jannyai.com/characters/103e7b46-d82a-4ac2-87f6-608c14f8c5ab_character-victor
[2025-07-14 10:58:13] Download button found for character 103e7b46-d82a-4ac2-87f6-608c14f8c5ab
[2025-07-14 10:58:13] Files before download: 0 for character 103e7b46-d82a-4ac2-87f6-608c14f8c5ab
[2025-07-14 10:58:13] Download button clicked for character 103e7b46-d82a-4ac2-87f6-608c14f8c5ab
[2025-07-14 10:58:13] Waiting for download file for character 103e7b46-d82a-4ac2-87f6-608c14f8c5ab, files before: 0
[2025-07-14 10:58:13] New file detected for 103e7b46-d82a-4ac2-87f6-608c14f8c5ab: /Users/txcslm/~RIDER/JannyAI/JannyAI/bin/Debug/net9.0/temp_downloads/Victor.card.png, size: 1155561 bytes
[2025-07-14 10:58:14] File download confirmed for 103e7b46-d82a-4ac2-87f6-608c14f8c5ab - stable size: 1155561 bytes
[2025-07-14 10:58:14] Moving file from /Users/txcslm/~RIDER/JannyAI/JannyAI/bin/Debug/net9.0/temp_downloads/Victor.card.png to /Users/txcslm/~RIDER/JannyAI/JannyAI/bin/Debug/net9.0/jannyai_characters/103e7b46-d82a-4ac2-87f6-608c14f8c5ab.png
[2025-07-14 10:58:14] File successfully saved for 103e7b46-d82a-4ac2-87f6-608c14f8c5ab, size: 1155561 bytes
[2025-07-14 10:58:15] Returned to list page after downloading 103e7b46-d82a-4ac2-87f6-608c14f8c5ab
[2025-07-14 10:58:15] SUCCESS: Character 103e7b46-d82a-4ac2-87f6-608c14f8c5ab downloaded successfully
[2025-07-14 10:58:15] Processing character 12/40: 1fccf5b0-6eec-4fd3-b6f3-7ee2809bf20e, URL: https://jannyai.com/characters/1fccf5b0-6eec-4fd3-b6f3-7ee2809bf20e_character-rose
[2025-07-14 10:58:15] Download attempt 1/3 for character 1fccf5b0-6eec-4fd3-b6f3-7ee2809bf20e
[2025-07-14 10:58:16] Navigated to character page: https://jannyai.com/characters/1fccf5b0-6eec-4fd3-b6f3-7ee2809bf20e_character-rose
[2025-07-14 10:58:17] Download button found for character 1fccf5b0-6eec-4fd3-b6f3-7ee2809bf20e
[2025-07-14 10:58:17] Files before download: 0 for character 1fccf5b0-6eec-4fd3-b6f3-7ee2809bf20e
[2025-07-14 10:58:17] Download button clicked for character 1fccf5b0-6eec-4fd3-b6f3-7ee2809bf20e
[2025-07-14 10:58:17] Waiting for download file for character 1fccf5b0-6eec-4fd3-b6f3-7ee2809bf20e, files before: 0
[2025-07-14 10:58:17] New file detected for 1fccf5b0-6eec-4fd3-b6f3-7ee2809bf20e: /Users/txcslm/~RIDER/JannyAI/JannyAI/bin/Debug/net9.0/temp_downloads/Rose.card.png, size: 798904 bytes
[2025-07-14 10:58:17] File download confirmed for 1fccf5b0-6eec-4fd3-b6f3-7ee2809bf20e - stable size: 798904 bytes
[2025-07-14 10:58:17] Moving file from /Users/txcslm/~RIDER/JannyAI/JannyAI/bin/Debug/net9.0/temp_downloads/Rose.card.png to /Users/txcslm/~RIDER/JannyAI/JannyAI/bin/Debug/net9.0/jannyai_characters/1fccf5b0-6eec-4fd3-b6f3-7ee2809bf20e.png
[2025-07-14 10:58:17] File successfully saved for 1fccf5b0-6eec-4fd3-b6f3-7ee2809bf20e, size: 798904 bytes
[2025-07-14 10:58:19] Returned to list page after downloading 1fccf5b0-6eec-4fd3-b6f3-7ee2809bf20e
[2025-07-14 10:58:19] SUCCESS: Character 1fccf5b0-6eec-4fd3-b6f3-7ee2809bf20e downloaded successfully
[2025-07-14 10:58:19] Processing character 13/40: a74f6af9-189a-4e4a-8e39-f62ffef6e6f8, URL: https://jannyai.com/characters/a74f6af9-189a-4e4a-8e39-f62ffef6e6f8_character-sheena
[2025-07-14 10:58:19] Download attempt 1/3 for character a74f6af9-189a-4e4a-8e39-f62ffef6e6f8
[2025-07-14 10:58:20] Navigated to character page: https://jannyai.com/characters/a74f6af9-189a-4e4a-8e39-f62ffef6e6f8_character-sheena
[2025-07-14 10:58:20] Download button found for character a74f6af9-189a-4e4a-8e39-f62ffef6e6f8
[2025-07-14 10:58:20] Files before download: 0 for character a74f6af9-189a-4e4a-8e39-f62ffef6e6f8
[2025-07-14 10:58:20] Download button clicked for character a74f6af9-189a-4e4a-8e39-f62ffef6e6f8
[2025-07-14 10:58:20] Waiting for download file for character a74f6af9-189a-4e4a-8e39-f62ffef6e6f8, files before: 0
[2025-07-14 10:58:20] New file detected for a74f6af9-189a-4e4a-8e39-f62ffef6e6f8: /Users/txcslm/~RIDER/JannyAI/JannyAI/bin/Debug/net9.0/temp_downloads/Sheena.card.png, size: 1403349 bytes
[2025-07-14 10:58:21] File download confirmed for a74f6af9-189a-4e4a-8e39-f62ffef6e6f8 - stable size: 1403349 bytes
[2025-07-14 10:58:21] Moving file from /Users/txcslm/~RIDER/JannyAI/JannyAI/bin/Debug/net9.0/temp_downloads/Sheena.card.png to /Users/txcslm/~RIDER/JannyAI/JannyAI/bin/Debug/net9.0/jannyai_characters/a74f6af9-189a-4e4a-8e39-f62ffef6e6f8.png
[2025-07-14 10:58:21] File successfully saved for a74f6af9-189a-4e4a-8e39-f62ffef6e6f8, size: 1403349 bytes
[2025-07-14 10:58:22] Returned to list page after downloading a74f6af9-189a-4e4a-8e39-f62ffef6e6f8
[2025-07-14 10:58:22] SUCCESS: Character a74f6af9-189a-4e4a-8e39-f62ffef6e6f8 downloaded successfully
[2025-07-14 10:58:22] Processing character 14/40: 79a2e1b5-e782-4b36-af79-b978b72fc931, URL: https://jannyai.com/characters/79a2e1b5-e782-4b36-af79-b978b72fc931_character-the-last-of-me
[2025-07-14 10:58:22] Download attempt 1/3 for character 79a2e1b5-e782-4b36-af79-b978b72fc931
[2025-07-14 10:58:23] Navigated to character page: https://jannyai.com/characters/79a2e1b5-e782-4b36-af79-b978b72fc931_character-the-last-of-me
[2025-07-14 10:58:23] Download button found for character 79a2e1b5-e782-4b36-af79-b978b72fc931
[2025-07-14 10:58:23] Files before download: 0 for character 79a2e1b5-e782-4b36-af79-b978b72fc931
[2025-07-14 10:58:23] Download button clicked for character 79a2e1b5-e782-4b36-af79-b978b72fc931
[2025-07-14 10:58:23] Waiting for download file for character 79a2e1b5-e782-4b36-af79-b978b72fc931, files before: 0
[2025-07-14 10:58:24] New file detected for 79a2e1b5-e782-4b36-af79-b978b72fc931: /Users/txcslm/~RIDER/JannyAI/JannyAI/bin/Debug/net9.0/temp_downloads/The last of me..card.png, size: 668863 bytes
[2025-07-14 10:58:24] File download confirmed for 79a2e1b5-e782-4b36-af79-b978b72fc931 - stable size: 668863 bytes
[2025-07-14 10:58:24] Moving file from /Users/txcslm/~RIDER/JannyAI/JannyAI/bin/Debug/net9.0/temp_downloads/The last of me..card.png to /Users/txcslm/~RIDER/JannyAI/JannyAI/bin/Debug/net9.0/jannyai_characters/79a2e1b5-e782-4b36-af79-b978b72fc931.png
[2025-07-14 10:58:24] File successfully saved for 79a2e1b5-e782-4b36-af79-b978b72fc931, size: 668863 bytes
[2025-07-14 10:58:25] Returned to list page after downloading 79a2e1b5-e782-4b36-af79-b978b72fc931
[2025-07-14 10:58:25] SUCCESS: Character 79a2e1b5-e782-4b36-af79-b978b72fc931 downloaded successfully
[2025-07-14 10:58:26] Processing character 15/40: f8e4cdac-a161-4d50-b6d8-1859cd68cf32, URL: https://jannyai.com/characters/f8e4cdac-a161-4d50-b6d8-1859cd68cf32_character-ayana
[2025-07-14 10:58:26] Download attempt 1/3 for character f8e4cdac-a161-4d50-b6d8-1859cd68cf32
[2025-07-14 10:58:27] Navigated to character page: https://jannyai.com/characters/f8e4cdac-a161-4d50-b6d8-1859cd68cf32_character-ayana
[2025-07-14 10:58:27] Download button found for character f8e4cdac-a161-4d50-b6d8-1859cd68cf32
[2025-07-14 10:58:27] Files before download: 0 for character f8e4cdac-a161-4d50-b6d8-1859cd68cf32
[2025-07-14 10:58:27] Download button clicked for character f8e4cdac-a161-4d50-b6d8-1859cd68cf32
[2025-07-14 10:58:27] Waiting for download file for character f8e4cdac-a161-4d50-b6d8-1859cd68cf32, files before: 0
[2025-07-14 10:58:27] New file detected for f8e4cdac-a161-4d50-b6d8-1859cd68cf32: /Users/txcslm/~RIDER/JannyAI/JannyAI/bin/Debug/net9.0/temp_downloads/Ayana.card.png, size: 588773 bytes
[2025-07-14 10:58:28] File download confirmed for f8e4cdac-a161-4d50-b6d8-1859cd68cf32 - stable size: 588773 bytes
[2025-07-14 10:58:28] Moving file from /Users/txcslm/~RIDER/JannyAI/JannyAI/bin/Debug/net9.0/temp_downloads/Ayana.card.png to /Users/txcslm/~RIDER/JannyAI/JannyAI/bin/Debug/net9.0/jannyai_characters/f8e4cdac-a161-4d50-b6d8-1859cd68cf32.png
[2025-07-14 10:58:28] File successfully saved for f8e4cdac-a161-4d50-b6d8-1859cd68cf32, size: 588773 bytes
[2025-07-14 10:58:29] Returned to list page after downloading f8e4cdac-a161-4d50-b6d8-1859cd68cf32
[2025-07-14 10:58:29] SUCCESS: Character f8e4cdac-a161-4d50-b6d8-1859cd68cf32 downloaded successfully
[2025-07-14 10:58:29] Processing character 16/40: 84a51bb4-1e11-444a-bc2c-fef55c2d6846, URL: https://jannyai.com/characters/84a51bb4-1e11-444a-bc2c-fef55c2d6846_character-saturn-inc
[2025-07-14 10:58:29] Download attempt 1/3 for character 84a51bb4-1e11-444a-bc2c-fef55c2d6846
[2025-07-14 10:58:31] Navigated to character page: https://jannyai.com/characters/84a51bb4-1e11-444a-bc2c-fef55c2d6846_character-saturn-inc
[2025-07-14 10:58:31] Download button found for character 84a51bb4-1e11-444a-bc2c-fef55c2d6846
[2025-07-14 10:58:31] Files before download: 0 for character 84a51bb4-1e11-444a-bc2c-fef55c2d6846
[2025-07-14 10:58:31] Download button clicked for character 84a51bb4-1e11-444a-bc2c-fef55c2d6846
[2025-07-14 10:58:31] Waiting for download file for character 84a51bb4-1e11-444a-bc2c-fef55c2d6846, files before: 0
[2025-07-14 10:58:31] New file detected for 84a51bb4-1e11-444a-bc2c-fef55c2d6846: /Users/txcslm/~RIDER/JannyAI/JannyAI/bin/Debug/net9.0/temp_downloads/Saturn.inc.card.png, size: 1268569 bytes
[2025-07-14 10:58:32] File download confirmed for 84a51bb4-1e11-444a-bc2c-fef55c2d6846 - stable size: 1268569 bytes
[2025-07-14 10:58:32] Moving file from /Users/txcslm/~RIDER/JannyAI/JannyAI/bin/Debug/net9.0/temp_downloads/Saturn.inc.card.png to /Users/txcslm/~RIDER/JannyAI/JannyAI/bin/Debug/net9.0/jannyai_characters/84a51bb4-1e11-444a-bc2c-fef55c2d6846.png
[2025-07-14 10:58:32] File successfully saved for 84a51bb4-1e11-444a-bc2c-fef55c2d6846, size: 1268569 bytes
[2025-07-14 10:58:33] Returned to list page after downloading 84a51bb4-1e11-444a-bc2c-fef55c2d6846
[2025-07-14 10:58:33] SUCCESS: Character 84a51bb4-1e11-444a-bc2c-fef55c2d6846 downloaded successfully
[2025-07-14 10:58:33] Processing character 17/40: 3a531564-0253-452b-bec8-4617b4b8dc18, URL: https://jannyai.com/characters/3a531564-0253-452b-bec8-4617b4b8dc18_character-amy
[2025-07-14 10:58:33] Download attempt 1/3 for character 3a531564-0253-452b-bec8-4617b4b8dc18
[2025-07-14 10:58:34] Navigated to character page: https://jannyai.com/characters/3a531564-0253-452b-bec8-4617b4b8dc18_character-amy
[2025-07-14 10:58:35] Download button found for character 3a531564-0253-452b-bec8-4617b4b8dc18
[2025-07-14 10:58:35] Files before download: 0 for character 3a531564-0253-452b-bec8-4617b4b8dc18
[2025-07-14 10:58:35] Download button clicked for character 3a531564-0253-452b-bec8-4617b4b8dc18
[2025-07-14 10:58:35] Waiting for download file for character 3a531564-0253-452b-bec8-4617b4b8dc18, files before: 0
[2025-07-14 10:58:35] New file detected for 3a531564-0253-452b-bec8-4617b4b8dc18: /Users/txcslm/~RIDER/JannyAI/JannyAI/bin/Debug/net9.0/temp_downloads/Amy.card.png, size: 1594562 bytes
[2025-07-14 10:58:35] File download confirmed for 3a531564-0253-452b-bec8-4617b4b8dc18 - stable size: 1594562 bytes
[2025-07-14 10:58:35] Moving file from /Users/txcslm/~RIDER/JannyAI/JannyAI/bin/Debug/net9.0/temp_downloads/Amy.card.png to /Users/txcslm/~RIDER/JannyAI/JannyAI/bin/Debug/net9.0/jannyai_characters/3a531564-0253-452b-bec8-4617b4b8dc18.png
[2025-07-14 10:58:35] File successfully saved for 3a531564-0253-452b-bec8-4617b4b8dc18, size: 1594562 bytes
[2025-07-14 10:58:37] Returned to list page after downloading 3a531564-0253-452b-bec8-4617b4b8dc18
[2025-07-14 10:58:37] SUCCESS: Character 3a531564-0253-452b-bec8-4617b4b8dc18 downloaded successfully
[2025-07-14 10:58:37] Processing character 18/40: a67a63c2-cf8f-4c1e-a326-7f7c1d4bd323, URL: https://jannyai.com/characters/a67a63c2-cf8f-4c1e-a326-7f7c1d4bd323_character-aleena-spoils-of-war
[2025-07-14 10:58:37] Download attempt 1/3 for character a67a63c2-cf8f-4c1e-a326-7f7c1d4bd323
[2025-07-14 10:58:38] Navigated to character page: https://jannyai.com/characters/a67a63c2-cf8f-4c1e-a326-7f7c1d4bd323_character-aleena-spoils-of-war
[2025-07-14 10:58:38] Download button found for character a67a63c2-cf8f-4c1e-a326-7f7c1d4bd323
[2025-07-14 10:58:38] Files before download: 0 for character a67a63c2-cf8f-4c1e-a326-7f7c1d4bd323
[2025-07-14 10:58:38] Download button clicked for character a67a63c2-cf8f-4c1e-a326-7f7c1d4bd323
[2025-07-14 10:58:38] Waiting for download file for character a67a63c2-cf8f-4c1e-a326-7f7c1d4bd323, files before: 0
[2025-07-14 10:58:38] New file detected for a67a63c2-cf8f-4c1e-a326-7f7c1d4bd323: /Users/txcslm/~RIDER/JannyAI/JannyAI/bin/Debug/net9.0/temp_downloads/Aleena [Spoils Of War].card.png, size: 714307 bytes
[2025-07-14 10:58:39] File download confirmed for a67a63c2-cf8f-4c1e-a326-7f7c1d4bd323 - stable size: 714307 bytes
[2025-07-14 10:58:39] Moving file from /Users/txcslm/~RIDER/JannyAI/JannyAI/bin/Debug/net9.0/temp_downloads/Aleena [Spoils Of War].card.png to /Users/txcslm/~RIDER/JannyAI/JannyAI/bin/Debug/net9.0/jannyai_characters/a67a63c2-cf8f-4c1e-a326-7f7c1d4bd323.png
[2025-07-14 10:58:39] File successfully saved for a67a63c2-cf8f-4c1e-a326-7f7c1d4bd323, size: 714307 bytes
[2025-07-14 10:58:40] Returned to list page after downloading a67a63c2-cf8f-4c1e-a326-7f7c1d4bd323
[2025-07-14 10:58:40] SUCCESS: Character a67a63c2-cf8f-4c1e-a326-7f7c1d4bd323 downloaded successfully
[2025-07-14 10:58:40] Processing character 19/40: 5de9bb72-a459-4413-9e0b-ded880d1ebc8, URL: https://jannyai.com/characters/5de9bb72-a459-4413-9e0b-ded880d1ebc8_character-hells-academy
[2025-07-14 10:58:40] Download attempt 1/3 for character 5de9bb72-a459-4413-9e0b-ded880d1ebc8
[2025-07-14 10:58:41] Navigated to character page: https://jannyai.com/characters/5de9bb72-a459-4413-9e0b-ded880d1ebc8_character-hells-academy
[2025-07-14 10:58:42] Download button found for character 5de9bb72-a459-4413-9e0b-ded880d1ebc8
[2025-07-14 10:58:42] Files before download: 0 for character 5de9bb72-a459-4413-9e0b-ded880d1ebc8
[2025-07-14 10:58:42] Download button clicked for character 5de9bb72-a459-4413-9e0b-ded880d1ebc8
[2025-07-14 10:58:42] Waiting for download file for character 5de9bb72-a459-4413-9e0b-ded880d1ebc8, files before: 0
[2025-07-14 10:58:42] New file detected for 5de9bb72-a459-4413-9e0b-ded880d1ebc8: /Users/txcslm/~RIDER/JannyAI/JannyAI/bin/Debug/net9.0/temp_downloads/Hell's academy.card.png, size: 1201316 bytes
[2025-07-14 10:58:42] File download confirmed for 5de9bb72-a459-4413-9e0b-ded880d1ebc8 - stable size: 1201316 bytes
[2025-07-14 10:58:42] Moving file from /Users/txcslm/~RIDER/JannyAI/JannyAI/bin/Debug/net9.0/temp_downloads/Hell's academy.card.png to /Users/txcslm/~RIDER/JannyAI/JannyAI/bin/Debug/net9.0/jannyai_characters/5de9bb72-a459-4413-9e0b-ded880d1ebc8.png
[2025-07-14 10:58:42] File successfully saved for 5de9bb72-a459-4413-9e0b-ded880d1ebc8, size: 1201316 bytes
[2025-07-14 10:58:44] Returned to list page after downloading 5de9bb72-a459-4413-9e0b-ded880d1ebc8
[2025-07-14 10:58:44] SUCCESS: Character 5de9bb72-a459-4413-9e0b-ded880d1ebc8 downloaded successfully
[2025-07-14 10:58:44] Processing character 20/40: d18538ba-1ee7-4a79-bdd1-d94133ca8f90, URL: https://jannyai.com/characters/d18538ba-1ee7-4a79-bdd1-d94133ca8f90_character-worlds-end-harem-male-ver
[2025-07-14 10:58:44] Download attempt 1/3 for character d18538ba-1ee7-4a79-bdd1-d94133ca8f90
[2025-07-14 10:58:45] Navigated to character page: https://jannyai.com/characters/d18538ba-1ee7-4a79-bdd1-d94133ca8f90_character-worlds-end-harem-male-ver
[2025-07-14 10:58:45] Download button found for character d18538ba-1ee7-4a79-bdd1-d94133ca8f90
[2025-07-14 10:58:45] Files before download: 0 for character d18538ba-1ee7-4a79-bdd1-d94133ca8f90
[2025-07-14 10:58:45] Download button clicked for character d18538ba-1ee7-4a79-bdd1-d94133ca8f90
[2025-07-14 10:58:45] Waiting for download file for character d18538ba-1ee7-4a79-bdd1-d94133ca8f90, files before: 0
[2025-07-14 10:58:45] New file detected for d18538ba-1ee7-4a79-bdd1-d94133ca8f90: /Users/txcslm/~RIDER/JannyAI/JannyAI/bin/Debug/net9.0/temp_downloads/World's end harem (male ver.).card.png, size: 716803 bytes
[2025-07-14 10:58:46] File download confirmed for d18538ba-1ee7-4a79-bdd1-d94133ca8f90 - stable size: 716803 bytes
[2025-07-14 10:58:46] Moving file from /Users/txcslm/~RIDER/JannyAI/JannyAI/bin/Debug/net9.0/temp_downloads/World's end harem (male ver.).card.png to /Users/txcslm/~RIDER/JannyAI/JannyAI/bin/Debug/net9.0/jannyai_characters/d18538ba-1ee7-4a79-bdd1-d94133ca8f90.png
[2025-07-14 10:58:46] File successfully saved for d18538ba-1ee7-4a79-bdd1-d94133ca8f90, size: 716803 bytes
[2025-07-14 10:58:47] Returned to list page after downloading d18538ba-1ee7-4a79-bdd1-d94133ca8f90
[2025-07-14 10:58:47] SUCCESS: Character d18538ba-1ee7-4a79-bdd1-d94133ca8f90 downloaded successfully
[2025-07-14 10:58:47] Processing character 21/40: c18ae92a-b5d0-45a8-8c33-c24d976200ae, URL: https://jannyai.com/characters/c18ae92a-b5d0-45a8-8c33-c24d976200ae_character-jade-the-giantess
[2025-07-14 10:58:47] Download attempt 1/3 for character c18ae92a-b5d0-45a8-8c33-c24d976200ae
[2025-07-14 10:58:49] Navigated to character page: https://jannyai.com/characters/c18ae92a-b5d0-45a8-8c33-c24d976200ae_character-jade-the-giantess
[2025-07-14 10:58:49] Download button found for character c18ae92a-b5d0-45a8-8c33-c24d976200ae
[2025-07-14 10:58:49] Files before download: 0 for character c18ae92a-b5d0-45a8-8c33-c24d976200ae
[2025-07-14 10:58:49] Download button clicked for character c18ae92a-b5d0-45a8-8c33-c24d976200ae
[2025-07-14 10:58:49] Waiting for download file for character c18ae92a-b5d0-45a8-8c33-c24d976200ae, files before: 0
[2025-07-14 10:58:49] New file detected for c18ae92a-b5d0-45a8-8c33-c24d976200ae: /Users/txcslm/~RIDER/JannyAI/JannyAI/bin/Debug/net9.0/temp_downloads/Jade the giantess.card.png, size: 284553 bytes
[2025-07-14 10:58:49] File download confirmed for c18ae92a-b5d0-45a8-8c33-c24d976200ae - stable size: 284553 bytes
[2025-07-14 10:58:49] Moving file from /Users/txcslm/~RIDER/JannyAI/JannyAI/bin/Debug/net9.0/temp_downloads/Jade the giantess.card.png to /Users/txcslm/~RIDER/JannyAI/JannyAI/bin/Debug/net9.0/jannyai_characters/c18ae92a-b5d0-45a8-8c33-c24d976200ae.png
[2025-07-14 10:58:49] File successfully saved for c18ae92a-b5d0-45a8-8c33-c24d976200ae, size: 284553 bytes
[2025-07-14 10:58:51] Returned to list page after downloading c18ae92a-b5d0-45a8-8c33-c24d976200ae
[2025-07-14 10:58:51] SUCCESS: Character c18ae92a-b5d0-45a8-8c33-c24d976200ae downloaded successfully
[2025-07-14 10:58:51] Processing character 22/40: 6f0dc6ac-458c-46eb-9b1b-2b52b3546951, URL: https://jannyai.com/characters/6f0dc6ac-458c-46eb-9b1b-2b52b3546951_character-giantess-kuniko
[2025-07-14 10:58:51] Download attempt 1/3 for character 6f0dc6ac-458c-46eb-9b1b-2b52b3546951
[2025-07-14 10:58:52] Navigated to character page: https://jannyai.com/characters/6f0dc6ac-458c-46eb-9b1b-2b52b3546951_character-giantess-kuniko
[2025-07-14 10:58:52] Download button found for character 6f0dc6ac-458c-46eb-9b1b-2b52b3546951
[2025-07-14 10:58:52] Files before download: 0 for character 6f0dc6ac-458c-46eb-9b1b-2b52b3546951
[2025-07-14 10:58:52] Download button clicked for character 6f0dc6ac-458c-46eb-9b1b-2b52b3546951
[2025-07-14 10:58:52] Waiting for download file for character 6f0dc6ac-458c-46eb-9b1b-2b52b3546951, files before: 0
[2025-07-14 10:58:52] New file detected for 6f0dc6ac-458c-46eb-9b1b-2b52b3546951: /Users/txcslm/~RIDER/JannyAI/JannyAI/bin/Debug/net9.0/temp_downloads/Giantess Kuniko.card.png, size: 180215 bytes
[2025-07-14 10:58:53] File download confirmed for 6f0dc6ac-458c-46eb-9b1b-2b52b3546951 - stable size: 180215 bytes
[2025-07-14 10:58:53] Moving file from /Users/txcslm/~RIDER/JannyAI/JannyAI/bin/Debug/net9.0/temp_downloads/Giantess Kuniko.card.png to /Users/txcslm/~RIDER/JannyAI/JannyAI/bin/Debug/net9.0/jannyai_characters/6f0dc6ac-458c-46eb-9b1b-2b52b3546951.png
[2025-07-14 10:58:53] File successfully saved for 6f0dc6ac-458c-46eb-9b1b-2b52b3546951, size: 180215 bytes
[2025-07-14 10:58:54] Returned to list page after downloading 6f0dc6ac-458c-46eb-9b1b-2b52b3546951
[2025-07-14 10:58:54] SUCCESS: Character 6f0dc6ac-458c-46eb-9b1b-2b52b3546951 downloaded successfully
[2025-07-14 10:58:54] Processing character 23/40: 048b3469-b7ba-4f77-9ec3-720a09919907, URL: https://jannyai.com/characters/048b3469-b7ba-4f77-9ec3-720a09919907_character-giantess-gura
[2025-07-14 10:58:54] Download attempt 1/3 for character 048b3469-b7ba-4f77-9ec3-720a09919907
[2025-07-14 10:58:55] Navigated to character page: https://jannyai.com/characters/048b3469-b7ba-4f77-9ec3-720a09919907_character-giantess-gura
[2025-07-14 10:58:56] Download button found for character 048b3469-b7ba-4f77-9ec3-720a09919907
[2025-07-14 10:58:56] Files before download: 0 for character 048b3469-b7ba-4f77-9ec3-720a09919907
[2025-07-14 10:58:56] Download button clicked for character 048b3469-b7ba-4f77-9ec3-720a09919907
[2025-07-14 10:58:56] Waiting for download file for character 048b3469-b7ba-4f77-9ec3-720a09919907, files before: 0
[2025-07-14 10:58:56] New file detected for 048b3469-b7ba-4f77-9ec3-720a09919907: /Users/txcslm/~RIDER/JannyAI/JannyAI/bin/Debug/net9.0/temp_downloads/Giantess Gura.card.png, size: 834454 bytes
[2025-07-14 10:58:56] File download confirmed for 048b3469-b7ba-4f77-9ec3-720a09919907 - stable size: 834454 bytes
[2025-07-14 10:58:56] Moving file from /Users/txcslm/~RIDER/JannyAI/JannyAI/bin/Debug/net9.0/temp_downloads/Giantess Gura.card.png to /Users/txcslm/~RIDER/JannyAI/JannyAI/bin/Debug/net9.0/jannyai_characters/048b3469-b7ba-4f77-9ec3-720a09919907.png
[2025-07-14 10:58:56] File successfully saved for 048b3469-b7ba-4f77-9ec3-720a09919907, size: 834454 bytes
[2025-07-14 10:58:58] Returned to list page after downloading 048b3469-b7ba-4f77-9ec3-720a09919907
[2025-07-14 10:58:58] SUCCESS: Character 048b3469-b7ba-4f77-9ec3-720a09919907 downloaded successfully
[2025-07-14 10:58:58] Processing character 24/40: 22291b79-9a94-482d-921f-c40a218b9565, URL: https://jannyai.com/characters/22291b79-9a94-482d-921f-c40a218b9565_character-giantess-foxy
[2025-07-14 10:58:58] Download attempt 1/3 for character 22291b79-9a94-482d-921f-c40a218b9565
[2025-07-14 10:58:59] Navigated to character page: https://jannyai.com/characters/22291b79-9a94-482d-921f-c40a218b9565_character-giantess-foxy
[2025-07-14 10:58:59] Download button found for character 22291b79-9a94-482d-921f-c40a218b9565
[2025-07-14 10:58:59] Files before download: 0 for character 22291b79-9a94-482d-921f-c40a218b9565
[2025-07-14 10:58:59] Download button clicked for character 22291b79-9a94-482d-921f-c40a218b9565
[2025-07-14 10:58:59] Waiting for download file for character 22291b79-9a94-482d-921f-c40a218b9565, files before: 0
[2025-07-14 10:59:00] New file detected for 22291b79-9a94-482d-921f-c40a218b9565: /Users/txcslm/~RIDER/JannyAI/JannyAI/bin/Debug/net9.0/temp_downloads/Giantess Foxy.card.png, size: 282123 bytes
[2025-07-14 10:59:00] File download confirmed for 22291b79-9a94-482d-921f-c40a218b9565 - stable size: 282123 bytes
[2025-07-14 10:59:00] Moving file from /Users/txcslm/~RIDER/JannyAI/JannyAI/bin/Debug/net9.0/temp_downloads/Giantess Foxy.card.png to /Users/txcslm/~RIDER/JannyAI/JannyAI/bin/Debug/net9.0/jannyai_characters/22291b79-9a94-482d-921f-c40a218b9565.png
[2025-07-14 10:59:00] File successfully saved for 22291b79-9a94-482d-921f-c40a218b9565, size: 282123 bytes
[2025-07-14 10:59:01] Returned to list page after downloading 22291b79-9a94-482d-921f-c40a218b9565
[2025-07-14 10:59:01] SUCCESS: Character 22291b79-9a94-482d-921f-c40a218b9565 downloaded successfully
[2025-07-14 10:59:01] Processing character 25/40: 7220875c-7c69-4c7f-95ae-712f964a5dea, URL: https://jannyai.com/characters/7220875c-7c69-4c7f-95ae-712f964a5dea_character-ganyu
[2025-07-14 10:59:02] Download attempt 1/3 for character 7220875c-7c69-4c7f-95ae-712f964a5dea
[2025-07-14 10:59:03] Navigated to character page: https://jannyai.com/characters/7220875c-7c69-4c7f-95ae-712f964a5dea_character-ganyu
[2025-07-14 10:59:03] Download button found for character 7220875c-7c69-4c7f-95ae-712f964a5dea
[2025-07-14 10:59:03] Files before download: 0 for character 7220875c-7c69-4c7f-95ae-712f964a5dea
[2025-07-14 10:59:03] Download button clicked for character 7220875c-7c69-4c7f-95ae-712f964a5dea
[2025-07-14 10:59:03] Waiting for download file for character 7220875c-7c69-4c7f-95ae-712f964a5dea, files before: 0
[2025-07-14 10:59:03] New file detected for 7220875c-7c69-4c7f-95ae-712f964a5dea: /Users/txcslm/~RIDER/JannyAI/JannyAI/bin/Debug/net9.0/temp_downloads/Ganyu.card.png, size: 79303 bytes
[2025-07-14 10:59:03] File download confirmed for 7220875c-7c69-4c7f-95ae-712f964a5dea - stable size: 79303 bytes
[2025-07-14 10:59:03] Moving file from /Users/txcslm/~RIDER/JannyAI/JannyAI/bin/Debug/net9.0/temp_downloads/Ganyu.card.png to /Users/txcslm/~RIDER/JannyAI/JannyAI/bin/Debug/net9.0/jannyai_characters/7220875c-7c69-4c7f-95ae-712f964a5dea.png
[2025-07-14 10:59:03] File successfully saved for 7220875c-7c69-4c7f-95ae-712f964a5dea, size: 79303 bytes
[2025-07-14 10:59:05] Returned to list page after downloading 7220875c-7c69-4c7f-95ae-712f964a5dea
[2025-07-14 10:59:05] SUCCESS: Character 7220875c-7c69-4c7f-95ae-712f964a5dea downloaded successfully
[2025-07-14 10:59:05] Processing character 26/40: 3dc2e738-caa5-4bb2-8eb0-8f3203c60956, URL: https://jannyai.com/characters/3dc2e738-caa5-4bb2-8eb0-8f3203c60956_character-monika
[2025-07-14 10:59:05] Download attempt 1/3 for character 3dc2e738-caa5-4bb2-8eb0-8f3203c60956
[2025-07-14 10:59:06] Navigated to character page: https://jannyai.com/characters/3dc2e738-caa5-4bb2-8eb0-8f3203c60956_character-monika
[2025-07-14 10:59:06] Download button found for character 3dc2e738-caa5-4bb2-8eb0-8f3203c60956
[2025-07-14 10:59:06] Files before download: 0 for character 3dc2e738-caa5-4bb2-8eb0-8f3203c60956
[2025-07-14 10:59:06] Download button clicked for character 3dc2e738-caa5-4bb2-8eb0-8f3203c60956
[2025-07-14 10:59:06] Waiting for download file for character 3dc2e738-caa5-4bb2-8eb0-8f3203c60956, files before: 0
[2025-07-14 10:59:06] New file detected for 3dc2e738-caa5-4bb2-8eb0-8f3203c60956: /Users/txcslm/~RIDER/JannyAI/JannyAI/bin/Debug/net9.0/temp_downloads/Monika.card.png, size: 499779 bytes
[2025-07-14 10:59:07] File download confirmed for 3dc2e738-caa5-4bb2-8eb0-8f3203c60956 - stable size: 499779 bytes
[2025-07-14 10:59:07] Moving file from /Users/txcslm/~RIDER/JannyAI/JannyAI/bin/Debug/net9.0/temp_downloads/Monika.card.png to /Users/txcslm/~RIDER/JannyAI/JannyAI/bin/Debug/net9.0/jannyai_characters/3dc2e738-caa5-4bb2-8eb0-8f3203c60956.png
[2025-07-14 10:59:07] File successfully saved for 3dc2e738-caa5-4bb2-8eb0-8f3203c60956, size: 499779 bytes
[2025-07-14 10:59:08] Returned to list page after downloading 3dc2e738-caa5-4bb2-8eb0-8f3203c60956
[2025-07-14 10:59:08] SUCCESS: Character 3dc2e738-caa5-4bb2-8eb0-8f3203c60956 downloaded successfully
[2025-07-14 10:59:08] Processing character 27/40: 355ccc04-1a19-4a6a-ae6e-d60d26619766, URL: https://jannyai.com/characters/355ccc04-1a19-4a6a-ae6e-d60d26619766_character-tsundere-neko-maid
[2025-07-14 10:59:08] Download attempt 1/3 for character 355ccc04-1a19-4a6a-ae6e-d60d26619766
[2025-07-14 10:59:09] Navigated to character page: https://jannyai.com/characters/355ccc04-1a19-4a6a-ae6e-d60d26619766_character-tsundere-neko-maid
[2025-07-14 10:59:09] Download button found for character 355ccc04-1a19-4a6a-ae6e-d60d26619766
[2025-07-14 10:59:09] Files before download: 0 for character 355ccc04-1a19-4a6a-ae6e-d60d26619766
[2025-07-14 10:59:09] Download button clicked for character 355ccc04-1a19-4a6a-ae6e-d60d26619766
[2025-07-14 10:59:09] Waiting for download file for character 355ccc04-1a19-4a6a-ae6e-d60d26619766, files before: 0
[2025-07-14 10:59:10] New file detected for 355ccc04-1a19-4a6a-ae6e-d60d26619766: /Users/txcslm/~RIDER/JannyAI/JannyAI/bin/Debug/net9.0/temp_downloads/Tsundere Neko Maid .card.png, size: 122064 bytes
[2025-07-14 10:59:10] File download confirmed for 355ccc04-1a19-4a6a-ae6e-d60d26619766 - stable size: 122064 bytes
[2025-07-14 10:59:10] Moving file from /Users/txcslm/~RIDER/JannyAI/JannyAI/bin/Debug/net9.0/temp_downloads/Tsundere Neko Maid .card.png to /Users/txcslm/~RIDER/JannyAI/JannyAI/bin/Debug/net9.0/jannyai_characters/355ccc04-1a19-4a6a-ae6e-d60d26619766.png
[2025-07-14 10:59:10] File successfully saved for 355ccc04-1a19-4a6a-ae6e-d60d26619766, size: 122064 bytes
[2025-07-14 10:59:12] Returned to list page after downloading 355ccc04-1a19-4a6a-ae6e-d60d26619766
[2025-07-14 10:59:12] SUCCESS: Character 355ccc04-1a19-4a6a-ae6e-d60d26619766 downloaded successfully
[2025-07-14 10:59:12] Processing character 28/40: 809eac32-9554-4de7-a502-69562b2ad869, URL: https://jannyai.com/characters/809eac32-9554-4de7-a502-69562b2ad869_character-raiden-shogun
[2025-07-14 10:59:12] Download attempt 1/3 for character 809eac32-9554-4de7-a502-69562b2ad869
[2025-07-14 10:59:13] Navigated to character page: https://jannyai.com/characters/809eac32-9554-4de7-a502-69562b2ad869_character-raiden-shogun
[2025-07-14 10:59:13] Download button found for character 809eac32-9554-4de7-a502-69562b2ad869
[2025-07-14 10:59:13] Files before download: 0 for character 809eac32-9554-4de7-a502-69562b2ad869
[2025-07-14 10:59:13] Download button clicked for character 809eac32-9554-4de7-a502-69562b2ad869
[2025-07-14 10:59:13] Waiting for download file for character 809eac32-9554-4de7-a502-69562b2ad869, files before: 0
[2025-07-14 10:59:13] New file detected for 809eac32-9554-4de7-a502-69562b2ad869: /Users/txcslm/~RIDER/JannyAI/JannyAI/bin/Debug/net9.0/temp_downloads/Raiden Shogun.card.png, size: 186079 bytes
[2025-07-14 10:59:14] File download confirmed for 809eac32-9554-4de7-a502-69562b2ad869 - stable size: 186079 bytes
[2025-07-14 10:59:14] Moving file from /Users/txcslm/~RIDER/JannyAI/JannyAI/bin/Debug/net9.0/temp_downloads/Raiden Shogun.card.png to /Users/txcslm/~RIDER/JannyAI/JannyAI/bin/Debug/net9.0/jannyai_characters/809eac32-9554-4de7-a502-69562b2ad869.png
[2025-07-14 10:59:14] File successfully saved for 809eac32-9554-4de7-a502-69562b2ad869, size: 186079 bytes
[2025-07-14 10:59:15] Returned to list page after downloading 809eac32-9554-4de7-a502-69562b2ad869
[2025-07-14 10:59:15] SUCCESS: Character 809eac32-9554-4de7-a502-69562b2ad869 downloaded successfully
[2025-07-14 10:59:15] Processing character 29/40: 9a2a6f13-eec1-43e1-b56c-5770ad6591be, URL: https://jannyai.com/characters/9a2a6f13-eec1-43e1-b56c-5770ad6591be_character-jesse-pinkman
[2025-07-14 10:59:15] Download attempt 1/3 for character 9a2a6f13-eec1-43e1-b56c-5770ad6591be
[2025-07-14 10:59:16] Navigated to character page: https://jannyai.com/characters/9a2a6f13-eec1-43e1-b56c-5770ad6591be_character-jesse-pinkman
[2025-07-14 10:59:16] Download button found for character 9a2a6f13-eec1-43e1-b56c-5770ad6591be
[2025-07-14 10:59:16] Files before download: 0 for character 9a2a6f13-eec1-43e1-b56c-5770ad6591be
[2025-07-14 10:59:16] Download button clicked for character 9a2a6f13-eec1-43e1-b56c-5770ad6591be
[2025-07-14 10:59:16] Waiting for download file for character 9a2a6f13-eec1-43e1-b56c-5770ad6591be, files before: 0
[2025-07-14 10:59:17] New file detected for 9a2a6f13-eec1-43e1-b56c-5770ad6591be: /Users/txcslm/~RIDER/JannyAI/JannyAI/bin/Debug/net9.0/temp_downloads/Jesse Pinkman.card.png, size: 379466 bytes
[2025-07-14 10:59:17] File download confirmed for 9a2a6f13-eec1-43e1-b56c-5770ad6591be - stable size: 379466 bytes
[2025-07-14 10:59:17] Moving file from /Users/txcslm/~RIDER/JannyAI/JannyAI/bin/Debug/net9.0/temp_downloads/Jesse Pinkman.card.png to /Users/txcslm/~RIDER/JannyAI/JannyAI/bin/Debug/net9.0/jannyai_characters/9a2a6f13-eec1-43e1-b56c-5770ad6591be.png
[2025-07-14 10:59:17] File successfully saved for 9a2a6f13-eec1-43e1-b56c-5770ad6591be, size: 379466 bytes
[2025-07-14 10:59:18] Returned to list page after downloading 9a2a6f13-eec1-43e1-b56c-5770ad6591be
[2025-07-14 10:59:18] SUCCESS: Character 9a2a6f13-eec1-43e1-b56c-5770ad6591be downloaded successfully
[2025-07-14 10:59:19] Processing character 30/40: 27520261-e017-4953-98c0-8f0b5e668dee, URL: https://jannyai.com/characters/27520261-e017-4953-98c0-8f0b5e668dee_character-nikki-ntr-girlfriend
[2025-07-14 10:59:19] Download attempt 1/3 for character 27520261-e017-4953-98c0-8f0b5e668dee
[2025-07-14 10:59:20] Navigated to character page: https://jannyai.com/characters/27520261-e017-4953-98c0-8f0b5e668dee_character-nikki-ntr-girlfriend
[2025-07-14 10:59:20] Download button found for character 27520261-e017-4953-98c0-8f0b5e668dee
[2025-07-14 10:59:20] Files before download: 0 for character 27520261-e017-4953-98c0-8f0b5e668dee
[2025-07-14 10:59:20] Download button clicked for character 27520261-e017-4953-98c0-8f0b5e668dee
[2025-07-14 10:59:20] Waiting for download file for character 27520261-e017-4953-98c0-8f0b5e668dee, files before: 0
[2025-07-14 10:59:20] New file detected for 27520261-e017-4953-98c0-8f0b5e668dee: /Users/txcslm/~RIDER/JannyAI/JannyAI/bin/Debug/net9.0/temp_downloads/Nikki (NTR Girlfriend).card.png, size: 498384 bytes
[2025-07-14 10:59:21] File download confirmed for 27520261-e017-4953-98c0-8f0b5e668dee - stable size: 498384 bytes
[2025-07-14 10:59:21] Moving file from /Users/txcslm/~RIDER/JannyAI/JannyAI/bin/Debug/net9.0/temp_downloads/Nikki (NTR Girlfriend).card.png to /Users/txcslm/~RIDER/JannyAI/JannyAI/bin/Debug/net9.0/jannyai_characters/27520261-e017-4953-98c0-8f0b5e668dee.png
[2025-07-14 10:59:21] File successfully saved for 27520261-e017-4953-98c0-8f0b5e668dee, size: 498384 bytes
[2025-07-14 10:59:22] Returned to list page after downloading 27520261-e017-4953-98c0-8f0b5e668dee
[2025-07-14 10:59:22] SUCCESS: Character 27520261-e017-4953-98c0-8f0b5e668dee downloaded successfully
[2025-07-14 10:59:22] Processing character 31/40: 58a2d8d4-3453-4a85-8864-4ee5dfbfdf40, URL: https://jannyai.com/characters/58a2d8d4-3453-4a85-8864-4ee5dfbfdf40_character-liam
[2025-07-14 10:59:22] Download attempt 1/3 for character 58a2d8d4-3453-4a85-8864-4ee5dfbfdf40
[2025-07-14 10:59:23] Navigated to character page: https://jannyai.com/characters/58a2d8d4-3453-4a85-8864-4ee5dfbfdf40_character-liam
[2025-07-14 10:59:23] Download button found for character 58a2d8d4-3453-4a85-8864-4ee5dfbfdf40
[2025-07-14 10:59:23] Files before download: 0 for character 58a2d8d4-3453-4a85-8864-4ee5dfbfdf40
[2025-07-14 10:59:23] Download button clicked for character 58a2d8d4-3453-4a85-8864-4ee5dfbfdf40
[2025-07-14 10:59:23] Waiting for download file for character 58a2d8d4-3453-4a85-8864-4ee5dfbfdf40, files before: 0
[2025-07-14 10:59:24] New file detected for 58a2d8d4-3453-4a85-8864-4ee5dfbfdf40: /Users/txcslm/~RIDER/JannyAI/JannyAI/bin/Debug/net9.0/temp_downloads/Liam.card.png, size: 156891 bytes
[2025-07-14 10:59:24] File download confirmed for 58a2d8d4-3453-4a85-8864-4ee5dfbfdf40 - stable size: 156891 bytes
[2025-07-14 10:59:24] Moving file from /Users/txcslm/~RIDER/JannyAI/JannyAI/bin/Debug/net9.0/temp_downloads/Liam.card.png to /Users/txcslm/~RIDER/JannyAI/JannyAI/bin/Debug/net9.0/jannyai_characters/58a2d8d4-3453-4a85-8864-4ee5dfbfdf40.png
[2025-07-14 10:59:24] File successfully saved for 58a2d8d4-3453-4a85-8864-4ee5dfbfdf40, size: 156891 bytes
[2025-07-14 10:59:25] Returned to list page after downloading 58a2d8d4-3453-4a85-8864-4ee5dfbfdf40
[2025-07-14 10:59:25] SUCCESS: Character 58a2d8d4-3453-4a85-8864-4ee5dfbfdf40 downloaded successfully
[2025-07-14 10:59:25] Processing character 32/40: dfb1f5bb-edc0-4669-a71c-65c9b05f14ad, URL: https://jannyai.com/characters/dfb1f5bb-edc0-4669-a71c-65c9b05f14ad_character-driscoll
[2025-07-14 10:59:25] Download attempt 1/3 for character dfb1f5bb-edc0-4669-a71c-65c9b05f14ad
[2025-07-14 10:59:26] Navigated to character page: https://jannyai.com/characters/dfb1f5bb-edc0-4669-a71c-65c9b05f14ad_character-driscoll
[2025-07-14 10:59:27] Download button found for character dfb1f5bb-edc0-4669-a71c-65c9b05f14ad
[2025-07-14 10:59:27] Files before download: 0 for character dfb1f5bb-edc0-4669-a71c-65c9b05f14ad
[2025-07-14 10:59:27] Download button clicked for character dfb1f5bb-edc0-4669-a71c-65c9b05f14ad
[2025-07-14 10:59:27] Waiting for download file for character dfb1f5bb-edc0-4669-a71c-65c9b05f14ad, files before: 0
[2025-07-14 10:59:27] New file detected for dfb1f5bb-edc0-4669-a71c-65c9b05f14ad: /Users/txcslm/~RIDER/JannyAI/JannyAI/bin/Debug/net9.0/temp_downloads/Driscoll.card.png, size: 292260 bytes
[2025-07-14 10:59:27] File download confirmed for dfb1f5bb-edc0-4669-a71c-65c9b05f14ad - stable size: 292260 bytes
[2025-07-14 10:59:27] Moving file from /Users/txcslm/~RIDER/JannyAI/JannyAI/bin/Debug/net9.0/temp_downloads/Driscoll.card.png to /Users/txcslm/~RIDER/JannyAI/JannyAI/bin/Debug/net9.0/jannyai_characters/dfb1f5bb-edc0-4669-a71c-65c9b05f14ad.png
[2025-07-14 10:59:27] File successfully saved for dfb1f5bb-edc0-4669-a71c-65c9b05f14ad, size: 292260 bytes
[2025-07-14 10:59:29] Returned to list page after downloading dfb1f5bb-edc0-4669-a71c-65c9b05f14ad
[2025-07-14 10:59:29] SUCCESS: Character dfb1f5bb-edc0-4669-a71c-65c9b05f14ad downloaded successfully
[2025-07-14 10:59:29] Processing character 33/40: 0f1c1d57-8fb0-4967-8e98-d440804ed669, URL: https://jannyai.com/characters/0f1c1d57-8fb0-4967-8e98-d440804ed669_character-gustavo-fring
[2025-07-14 10:59:29] Download attempt 1/3 for character 0f1c1d57-8fb0-4967-8e98-d440804ed669
[2025-07-14 10:59:30] Navigated to character page: https://jannyai.com/characters/0f1c1d57-8fb0-4967-8e98-d440804ed669_character-gustavo-fring
[2025-07-14 10:59:30] Download button found for character 0f1c1d57-8fb0-4967-8e98-d440804ed669
[2025-07-14 10:59:30] Files before download: 0 for character 0f1c1d57-8fb0-4967-8e98-d440804ed669
[2025-07-14 10:59:30] Download button clicked for character 0f1c1d57-8fb0-4967-8e98-d440804ed669
[2025-07-14 10:59:30] Waiting for download file for character 0f1c1d57-8fb0-4967-8e98-d440804ed669, files before: 0
[2025-07-14 10:59:31] New file detected for 0f1c1d57-8fb0-4967-8e98-d440804ed669: /Users/txcslm/~RIDER/JannyAI/JannyAI/bin/Debug/net9.0/temp_downloads/Gustavo Fring.card.png, size: 254688 bytes
[2025-07-14 10:59:31] File download confirmed for 0f1c1d57-8fb0-4967-8e98-d440804ed669 - stable size: 254688 bytes
[2025-07-14 10:59:31] Moving file from /Users/txcslm/~RIDER/JannyAI/JannyAI/bin/Debug/net9.0/temp_downloads/Gustavo Fring.card.png to /Users/txcslm/~RIDER/JannyAI/JannyAI/bin/Debug/net9.0/jannyai_characters/0f1c1d57-8fb0-4967-8e98-d440804ed669.png
[2025-07-14 10:59:31] File successfully saved for 0f1c1d57-8fb0-4967-8e98-d440804ed669, size: 254688 bytes
[2025-07-14 10:59:32] Returned to list page after downloading 0f1c1d57-8fb0-4967-8e98-d440804ed669
[2025-07-14 10:59:32] SUCCESS: Character 0f1c1d57-8fb0-4967-8e98-d440804ed669 downloaded successfully
[2025-07-14 10:59:32] Processing character 34/40: ef7daa66-9d84-4566-8e73-6b5f2bb66d26, URL: https://jannyai.com/characters/ef7daa66-9d84-4566-8e73-6b5f2bb66d26_character-han-tyumi
[2025-07-14 10:59:32] Download attempt 1/3 for character ef7daa66-9d84-4566-8e73-6b5f2bb66d26
[2025-07-14 10:59:34] Navigated to character page: https://jannyai.com/characters/ef7daa66-9d84-4566-8e73-6b5f2bb66d26_character-han-tyumi
[2025-07-14 10:59:34] Download button found for character ef7daa66-9d84-4566-8e73-6b5f2bb66d26
[2025-07-14 10:59:34] Files before download: 0 for character ef7daa66-9d84-4566-8e73-6b5f2bb66d26
[2025-07-14 10:59:34] Download button clicked for character ef7daa66-9d84-4566-8e73-6b5f2bb66d26
[2025-07-14 10:59:34] Waiting for download file for character ef7daa66-9d84-4566-8e73-6b5f2bb66d26, files before: 0
[2025-07-14 10:59:34] New file detected for ef7daa66-9d84-4566-8e73-6b5f2bb66d26: /Users/txcslm/~RIDER/JannyAI/JannyAI/bin/Debug/net9.0/temp_downloads/Han-Tyumi.card.png, size: 330105 bytes
[2025-07-14 10:59:34] File download confirmed for ef7daa66-9d84-4566-8e73-6b5f2bb66d26 - stable size: 330105 bytes
[2025-07-14 10:59:34] Moving file from /Users/txcslm/~RIDER/JannyAI/JannyAI/bin/Debug/net9.0/temp_downloads/Han-Tyumi.card.png to /Users/txcslm/~RIDER/JannyAI/JannyAI/bin/Debug/net9.0/jannyai_characters/ef7daa66-9d84-4566-8e73-6b5f2bb66d26.png
[2025-07-14 10:59:34] File successfully saved for ef7daa66-9d84-4566-8e73-6b5f2bb66d26, size: 330105 bytes
[2025-07-14 10:59:35] Returned to list page after downloading ef7daa66-9d84-4566-8e73-6b5f2bb66d26
[2025-07-14 10:59:35] SUCCESS: Character ef7daa66-9d84-4566-8e73-6b5f2bb66d26 downloaded successfully
[2025-07-14 10:59:36] Processing character 35/40: d920e577-b2ea-45c5-a80a-82026a1f9e85, URL: https://jannyai.com/characters/d920e577-b2ea-45c5-a80a-82026a1f9e85_character-flowey-the-flower
[2025-07-14 10:59:36] Download attempt 1/3 for character d920e577-b2ea-45c5-a80a-82026a1f9e85
[2025-07-14 10:59:37] Navigated to character page: https://jannyai.com/characters/d920e577-b2ea-45c5-a80a-82026a1f9e85_character-flowey-the-flower
[2025-07-14 10:59:37] Download button found for character d920e577-b2ea-45c5-a80a-82026a1f9e85
[2025-07-14 10:59:37] Files before download: 0 for character d920e577-b2ea-45c5-a80a-82026a1f9e85
[2025-07-14 10:59:37] Download button clicked for character d920e577-b2ea-45c5-a80a-82026a1f9e85
[2025-07-14 10:59:37] Waiting for download file for character d920e577-b2ea-45c5-a80a-82026a1f9e85, files before: 0
[2025-07-14 10:59:37] New file detected for d920e577-b2ea-45c5-a80a-82026a1f9e85: /Users/txcslm/~RIDER/JannyAI/JannyAI/bin/Debug/net9.0/temp_downloads/Flowey the Flower.card.png, size: 41344 bytes
[2025-07-14 10:59:38] File download confirmed for d920e577-b2ea-45c5-a80a-82026a1f9e85 - stable size: 41344 bytes
[2025-07-14 10:59:38] Moving file from /Users/txcslm/~RIDER/JannyAI/JannyAI/bin/Debug/net9.0/temp_downloads/Flowey the Flower.card.png to /Users/txcslm/~RIDER/JannyAI/JannyAI/bin/Debug/net9.0/jannyai_characters/d920e577-b2ea-45c5-a80a-82026a1f9e85.png
[2025-07-14 10:59:38] File successfully saved for d920e577-b2ea-45c5-a80a-82026a1f9e85, size: 41344 bytes
[2025-07-14 10:59:39] Returned to list page after downloading d920e577-b2ea-45c5-a80a-82026a1f9e85
[2025-07-14 10:59:39] SUCCESS: Character d920e577-b2ea-45c5-a80a-82026a1f9e85 downloaded successfully
[2025-07-14 10:59:39] Processing character 36/40: 53ae1dd9-522b-4e37-8883-156b07488d06, URL: https://jannyai.com/characters/53ae1dd9-522b-4e37-8883-156b07488d06_character-ralsei
[2025-07-14 10:59:39] Download attempt 1/3 for character 53ae1dd9-522b-4e37-8883-156b07488d06
[2025-07-14 10:59:40] Navigated to character page: https://jannyai.com/characters/53ae1dd9-522b-4e37-8883-156b07488d06_character-ralsei
[2025-07-14 10:59:40] Download button found for character 53ae1dd9-522b-4e37-8883-156b07488d06
[2025-07-14 10:59:40] Files before download: 0 for character 53ae1dd9-522b-4e37-8883-156b07488d06
[2025-07-14 10:59:40] Download button clicked for character 53ae1dd9-522b-4e37-8883-156b07488d06
[2025-07-14 10:59:40] Waiting for download file for character 53ae1dd9-522b-4e37-8883-156b07488d06, files before: 0
[2025-07-14 10:59:41] New file detected for 53ae1dd9-522b-4e37-8883-156b07488d06: /Users/txcslm/~RIDER/JannyAI/JannyAI/bin/Debug/net9.0/temp_downloads/Ralsei.card.png, size: 150917 bytes
[2025-07-14 10:59:41] File download confirmed for 53ae1dd9-522b-4e37-8883-156b07488d06 - stable size: 150917 bytes
[2025-07-14 10:59:41] Moving file from /Users/txcslm/~RIDER/JannyAI/JannyAI/bin/Debug/net9.0/temp_downloads/Ralsei.card.png to /Users/txcslm/~RIDER/JannyAI/JannyAI/bin/Debug/net9.0/jannyai_characters/53ae1dd9-522b-4e37-8883-156b07488d06.png
[2025-07-14 10:59:41] File successfully saved for 53ae1dd9-522b-4e37-8883-156b07488d06, size: 150917 bytes
[2025-07-14 10:59:42] Returned to list page after downloading 53ae1dd9-522b-4e37-8883-156b07488d06
[2025-07-14 10:59:42] SUCCESS: Character 53ae1dd9-522b-4e37-8883-156b07488d06 downloaded successfully
[2025-07-14 10:59:42] Processing character 37/40: 80cbf213-335e-4cff-9a4a-7904d7775a8d, URL: https://jannyai.com/characters/80cbf213-335e-4cff-9a4a-7904d7775a8d_character-asriel-dreemurr
[2025-07-14 10:59:42] Download attempt 1/3 for character 80cbf213-335e-4cff-9a4a-7904d7775a8d
[2025-07-14 10:59:43] Navigated to character page: https://jannyai.com/characters/80cbf213-335e-4cff-9a4a-7904d7775a8d_character-asriel-dreemurr
[2025-07-14 10:59:43] Download button found for character 80cbf213-335e-4cff-9a4a-7904d7775a8d
[2025-07-14 10:59:43] Files before download: 0 for character 80cbf213-335e-4cff-9a4a-7904d7775a8d
[2025-07-14 10:59:43] Download button clicked for character 80cbf213-335e-4cff-9a4a-7904d7775a8d
[2025-07-14 10:59:43] Waiting for download file for character 80cbf213-335e-4cff-9a4a-7904d7775a8d, files before: 0
[2025-07-14 10:59:44] New file detected for 80cbf213-335e-4cff-9a4a-7904d7775a8d: /Users/txcslm/~RIDER/JannyAI/JannyAI/bin/Debug/net9.0/temp_downloads/Asriel Dreemurr.card.png, size: 33737 bytes
[2025-07-14 10:59:44] File download confirmed for 80cbf213-335e-4cff-9a4a-7904d7775a8d - stable size: 33737 bytes
[2025-07-14 10:59:44] Moving file from /Users/txcslm/~RIDER/JannyAI/JannyAI/bin/Debug/net9.0/temp_downloads/Asriel Dreemurr.card.png to /Users/txcslm/~RIDER/JannyAI/JannyAI/bin/Debug/net9.0/jannyai_characters/80cbf213-335e-4cff-9a4a-7904d7775a8d.png
[2025-07-14 10:59:44] File successfully saved for 80cbf213-335e-4cff-9a4a-7904d7775a8d, size: 33737 bytes
[2025-07-14 10:59:45] Returned to list page after downloading 80cbf213-335e-4cff-9a4a-7904d7775a8d
[2025-07-14 10:59:45] SUCCESS: Character 80cbf213-335e-4cff-9a4a-7904d7775a8d downloaded successfully
[2025-07-14 10:59:46] Processing character 38/40: 710d3d81-5dfe-426c-ac54-14ab6d900ae5, URL: https://jannyai.com/characters/710d3d81-5dfe-426c-ac54-14ab6d900ae5_character-jfk
[2025-07-14 10:59:46] Download attempt 1/3 for character 710d3d81-5dfe-426c-ac54-14ab6d900ae5
[2025-07-14 10:59:47] Navigated to character page: https://jannyai.com/characters/710d3d81-5dfe-426c-ac54-14ab6d900ae5_character-jfk
[2025-07-14 10:59:47] Download button found for character 710d3d81-5dfe-426c-ac54-14ab6d900ae5
[2025-07-14 10:59:47] Files before download: 0 for character 710d3d81-5dfe-426c-ac54-14ab6d900ae5
[2025-07-14 10:59:47] Download button clicked for character 710d3d81-5dfe-426c-ac54-14ab6d900ae5
[2025-07-14 10:59:47] Waiting for download file for character 710d3d81-5dfe-426c-ac54-14ab6d900ae5, files before: 0
[2025-07-14 10:59:47] New file detected for 710d3d81-5dfe-426c-ac54-14ab6d900ae5: /Users/txcslm/~RIDER/JannyAI/JannyAI/bin/Debug/net9.0/temp_downloads/JFK.card.png, size: 69969 bytes
[2025-07-14 10:59:48] File download confirmed for 710d3d81-5dfe-426c-ac54-14ab6d900ae5 - stable size: 69969 bytes
[2025-07-14 10:59:48] Moving file from /Users/txcslm/~RIDER/JannyAI/JannyAI/bin/Debug/net9.0/temp_downloads/JFK.card.png to /Users/txcslm/~RIDER/JannyAI/JannyAI/bin/Debug/net9.0/jannyai_characters/710d3d81-5dfe-426c-ac54-14ab6d900ae5.png
[2025-07-14 10:59:48] File successfully saved for 710d3d81-5dfe-426c-ac54-14ab6d900ae5, size: 69969 bytes
[2025-07-14 10:59:49] Returned to list page after downloading 710d3d81-5dfe-426c-ac54-14ab6d900ae5
[2025-07-14 10:59:49] SUCCESS: Character 710d3d81-5dfe-426c-ac54-14ab6d900ae5 downloaded successfully
[2025-07-14 10:59:49] Processing character 39/40: 816d59e0-2a52-4fa2-9d2c-e9afdefc934c, URL: https://jannyai.com/characters/816d59e0-2a52-4fa2-9d2c-e9afdefc934c_character-spamton-g-spamton
[2025-07-14 10:59:49] Download attempt 1/3 for character 816d59e0-2a52-4fa2-9d2c-e9afdefc934c
[2025-07-14 10:59:50] Navigated to character page: https://jannyai.com/characters/816d59e0-2a52-4fa2-9d2c-e9afdefc934c_character-spamton-g-spamton
[2025-07-14 10:59:50] Download button found for character 816d59e0-2a52-4fa2-9d2c-e9afdefc934c
[2025-07-14 10:59:50] Files before download: 0 for character 816d59e0-2a52-4fa2-9d2c-e9afdefc934c
[2025-07-14 10:59:50] Download button clicked for character 816d59e0-2a52-4fa2-9d2c-e9afdefc934c
[2025-07-14 10:59:50] Waiting for download file for character 816d59e0-2a52-4fa2-9d2c-e9afdefc934c, files before: 0
[2025-07-14 10:59:51] New file detected for 816d59e0-2a52-4fa2-9d2c-e9afdefc934c: /Users/txcslm/~RIDER/JannyAI/JannyAI/bin/Debug/net9.0/temp_downloads/Spamton G. Spamton.card.png, size: 177713 bytes
[2025-07-14 10:59:51] File download confirmed for 816d59e0-2a52-4fa2-9d2c-e9afdefc934c - stable size: 177713 bytes
[2025-07-14 10:59:51] Moving file from /Users/txcslm/~RIDER/JannyAI/JannyAI/bin/Debug/net9.0/temp_downloads/Spamton G. Spamton.card.png to /Users/txcslm/~RIDER/JannyAI/JannyAI/bin/Debug/net9.0/jannyai_characters/816d59e0-2a52-4fa2-9d2c-e9afdefc934c.png
[2025-07-14 10:59:51] File successfully saved for 816d59e0-2a52-4fa2-9d2c-e9afdefc934c, size: 177713 bytes
[2025-07-14 10:59:52] Returned to list page after downloading 816d59e0-2a52-4fa2-9d2c-e9afdefc934c
[2025-07-14 10:59:52] SUCCESS: Character 816d59e0-2a52-4fa2-9d2c-e9afdefc934c downloaded successfully
[2025-07-14 10:59:52] Processing character 40/40: 5269a701-b21d-4b66-b3ff-c0115c112765, URL: https://jannyai.com/characters/5269a701-b21d-4b66-b3ff-c0115c112765_character-707
[2025-07-14 10:59:52] Download attempt 1/3 for character 5269a701-b21d-4b66-b3ff-c0115c112765
[2025-07-14 10:59:53] Navigated to character page: https://jannyai.com/characters/5269a701-b21d-4b66-b3ff-c0115c112765_character-707
[2025-07-14 10:59:54] Download button found for character 5269a701-b21d-4b66-b3ff-c0115c112765
[2025-07-14 10:59:54] Files before download: 0 for character 5269a701-b21d-4b66-b3ff-c0115c112765
[2025-07-14 10:59:54] Download button clicked for character 5269a701-b21d-4b66-b3ff-c0115c112765
[2025-07-14 10:59:54] Waiting for download file for character 5269a701-b21d-4b66-b3ff-c0115c112765, files before: 0
[2025-07-14 10:59:54] New file detected for 5269a701-b21d-4b66-b3ff-c0115c112765: /Users/txcslm/~RIDER/JannyAI/JannyAI/bin/Debug/net9.0/temp_downloads/707.card.png, size: 1100167 bytes
[2025-07-14 10:59:54] File download confirmed for 5269a701-b21d-4b66-b3ff-c0115c112765 - stable size: 1100167 bytes
[2025-07-14 10:59:54] Moving file from /Users/txcslm/~RIDER/JannyAI/JannyAI/bin/Debug/net9.0/temp_downloads/707.card.png to /Users/txcslm/~RIDER/JannyAI/JannyAI/bin/Debug/net9.0/jannyai_characters/5269a701-b21d-4b66-b3ff-c0115c112765.png
[2025-07-14 10:59:54] File successfully saved for 5269a701-b21d-4b66-b3ff-c0115c112765, size: 1100167 bytes
[2025-07-14 10:59:56] Returned to list page after downloading 5269a701-b21d-4b66-b3ff-c0115c112765
[2025-07-14 10:59:56] SUCCESS: Character 5269a701-b21d-4b66-b3ff-c0115c112765 downloaded successfully
[2025-07-14 10:59:56] Завершена обработка страницы 21692, обработано персонажей: 40
[2025-07-14 10:59:56] Страница 21692 завершена - обработано: 40, всего: 40
[2025-07-14 10:59:56] Attempting to go to previous page from 21692
[2025-07-14 10:59:56] Navigating to previous page: 21691
[2025-07-14 10:59:57] Successfully navigated to page 21691
[2025-07-14 10:59:58] Начало обработки страницы 21691
[2025-07-14 10:59:58] Грид персонажей загружен на странице 21691
[2025-07-14 10:59:58] Сохранен URL страницы для возврата: https://jannyai.com/?page=21691
[2025-07-14 10:59:58] Processing character 1/40: b6479286-a76f-40bd-a7bf-d83acb93bea5, URL: https://jannyai.com/characters/b6479286-a76f-40bd-a7bf-d83acb93bea5_character-professor-venomous
[2025-07-14 10:59:58] Download attempt 1/3 for character b6479286-a76f-40bd-a7bf-d83acb93bea5
[2025-07-14 10:59:59] Navigated to character page: https://jannyai.com/characters/b6479286-a76f-40bd-a7bf-d83acb93bea5_character-professor-venomous
[2025-07-14 10:59:59] Download button found for character b6479286-a76f-40bd-a7bf-d83acb93bea5
[2025-07-14 10:59:59] Files before download: 0 for character b6479286-a76f-40bd-a7bf-d83acb93bea5
[2025-07-14 10:59:59] Download button clicked for character b6479286-a76f-40bd-a7bf-d83acb93bea5
[2025-07-14 10:59:59] Waiting for download file for character b6479286-a76f-40bd-a7bf-d83acb93bea5, files before: 0
[2025-07-14 11:00:00] New file detected for b6479286-a76f-40bd-a7bf-d83acb93bea5: /Users/txcslm/~RIDER/JannyAI/JannyAI/bin/Debug/net9.0/temp_downloads/Professor Venomous.card.png, size: 380740 bytes
[2025-07-14 11:00:00] File download confirmed for b6479286-a76f-40bd-a7bf-d83acb93bea5 - stable size: 380740 bytes
[2025-07-14 11:00:00] Moving file from /Users/txcslm/~RIDER/JannyAI/JannyAI/bin/Debug/net9.0/temp_downloads/Professor Venomous.card.png to /Users/txcslm/~RIDER/JannyAI/JannyAI/bin/Debug/net9.0/jannyai_characters/b6479286-a76f-40bd-a7bf-d83acb93bea5.png
[2025-07-14 11:00:00] File successfully saved for b6479286-a76f-40bd-a7bf-d83acb93bea5, size: 380740 bytes
[2025-07-14 11:00:02] Returned to list page after downloading b6479286-a76f-40bd-a7bf-d83acb93bea5
[2025-07-14 11:00:02] SUCCESS: Character b6479286-a76f-40bd-a7bf-d83acb93bea5 downloaded successfully
[2025-07-14 11:00:02] Processing character 2/40: 0ee6a074-6156-4e4d-bf7f-cab6f85b776f, URL: https://jannyai.com/characters/0ee6a074-6156-4e4d-bf7f-cab6f85b776f_character-sampo-koski
[2025-07-14 11:00:02] Download attempt 1/3 for character 0ee6a074-6156-4e4d-bf7f-cab6f85b776f
[2025-07-14 11:00:03] Navigated to character page: https://jannyai.com/characters/0ee6a074-6156-4e4d-bf7f-cab6f85b776f_character-sampo-koski
[2025-07-14 11:00:03] Download button found for character 0ee6a074-6156-4e4d-bf7f-cab6f85b776f
[2025-07-14 11:00:03] Files before download: 0 for character 0ee6a074-6156-4e4d-bf7f-cab6f85b776f
[2025-07-14 11:00:03] Download button clicked for character 0ee6a074-6156-4e4d-bf7f-cab6f85b776f
[2025-07-14 11:00:03] Waiting for download file for character 0ee6a074-6156-4e4d-bf7f-cab6f85b776f, files before: 0
[2025-07-14 11:00:04] New file detected for 0ee6a074-6156-4e4d-bf7f-cab6f85b776f: /Users/txcslm/~RIDER/JannyAI/JannyAI/bin/Debug/net9.0/temp_downloads/Sampo Koski.card.png, size: 817974 bytes
[2025-07-14 11:00:04] File download confirmed for 0ee6a074-6156-4e4d-bf7f-cab6f85b776f - stable size: 817974 bytes
[2025-07-14 11:00:04] Moving file from /Users/txcslm/~RIDER/JannyAI/JannyAI/bin/Debug/net9.0/temp_downloads/Sampo Koski.card.png to /Users/txcslm/~RIDER/JannyAI/JannyAI/bin/Debug/net9.0/jannyai_characters/0ee6a074-6156-4e4d-bf7f-cab6f85b776f.png
[2025-07-14 11:00:04] File successfully saved for 0ee6a074-6156-4e4d-bf7f-cab6f85b776f, size: 817974 bytes
[2025-07-14 11:00:05] Returned to list page after downloading 0ee6a074-6156-4e4d-bf7f-cab6f85b776f
[2025-07-14 11:00:05] SUCCESS: Character 0ee6a074-6156-4e4d-bf7f-cab6f85b776f downloaded successfully
[2025-07-14 11:00:06] Processing character 3/40: a329f37a-d3b1-4e9a-a478-dca55b9f8326, URL: https://jannyai.com/characters/a329f37a-d3b1-4e9a-a478-dca55b9f8326_character-wayneradiotv
[2025-07-14 11:00:06] Download attempt 1/3 for character a329f37a-d3b1-4e9a-a478-dca55b9f8326
[2025-07-14 11:00:07] Navigated to character page: https://jannyai.com/characters/a329f37a-d3b1-4e9a-a478-dca55b9f8326_character-wayneradiotv
[2025-07-14 11:00:07] Download button found for character a329f37a-d3b1-4e9a-a478-dca55b9f8326
[2025-07-14 11:00:07] Files before download: 0 for character a329f37a-d3b1-4e9a-a478-dca55b9f8326
[2025-07-14 11:00:07] Download button clicked for character a329f37a-d3b1-4e9a-a478-dca55b9f8326
[2025-07-14 11:00:07] Waiting for download file for character a329f37a-d3b1-4e9a-a478-dca55b9f8326, files before: 0
[2025-07-14 11:00:07] New file detected for a329f37a-d3b1-4e9a-a478-dca55b9f8326: /Users/txcslm/~RIDER/JannyAI/JannyAI/bin/Debug/net9.0/temp_downloads/wayneradiotv.card.png, size: 79116 bytes
[2025-07-14 11:00:08] File download confirmed for a329f37a-d3b1-4e9a-a478-dca55b9f8326 - stable size: 79116 bytes
[2025-07-14 11:00:08] Moving file from /Users/txcslm/~RIDER/JannyAI/JannyAI/bin/Debug/net9.0/temp_downloads/wayneradiotv.card.png to /Users/txcslm/~RIDER/JannyAI/JannyAI/bin/Debug/net9.0/jannyai_characters/a329f37a-d3b1-4e9a-a478-dca55b9f8326.png
[2025-07-14 11:00:08] File successfully saved for a329f37a-d3b1-4e9a-a478-dca55b9f8326, size: 79116 bytes
[2025-07-14 11:00:09] Returned to list page after downloading a329f37a-d3b1-4e9a-a478-dca55b9f8326
[2025-07-14 11:00:09] SUCCESS: Character a329f37a-d3b1-4e9a-a478-dca55b9f8326 downloaded successfully
[2025-07-14 11:00:09] Processing character 4/40: 431f3782-960a-463c-b841-4ecd5388eb25, URL: https://jannyai.com/characters/431f3782-960a-463c-b841-4ecd5388eb25_character-siona
[2025-07-14 11:00:09] Download attempt 1/3 for character 431f3782-960a-463c-b841-4ecd5388eb25
[2025-07-14 11:00:10] Navigated to character page: https://jannyai.com/characters/431f3782-960a-463c-b841-4ecd5388eb25_character-siona
[2025-07-14 11:00:10] Download button found for character 431f3782-960a-463c-b841-4ecd5388eb25
[2025-07-14 11:00:10] Files before download: 0 for character 431f3782-960a-463c-b841-4ecd5388eb25
[2025-07-14 11:00:10] Download button clicked for character 431f3782-960a-463c-b841-4ecd5388eb25
[2025-07-14 11:00:10] Waiting for download file for character 431f3782-960a-463c-b841-4ecd5388eb25, files before: 0
[2025-07-14 11:00:11] New file detected for 431f3782-960a-463c-b841-4ecd5388eb25: /Users/txcslm/~RIDER/JannyAI/JannyAI/bin/Debug/net9.0/temp_downloads/siona.card.png, size: 111402 bytes
[2025-07-14 11:00:11] File download confirmed for 431f3782-960a-463c-b841-4ecd5388eb25 - stable size: 111402 bytes
[2025-07-14 11:00:11] Moving file from /Users/txcslm/~RIDER/JannyAI/JannyAI/bin/Debug/net9.0/temp_downloads/siona.card.png to /Users/txcslm/~RIDER/JannyAI/JannyAI/bin/Debug/net9.0/jannyai_characters/431f3782-960a-463c-b841-4ecd5388eb25.png
[2025-07-14 11:00:11] File successfully saved for 431f3782-960a-463c-b841-4ecd5388eb25, size: 111402 bytes
[2025-07-14 11:00:12] Returned to list page after downloading 431f3782-960a-463c-b841-4ecd5388eb25
[2025-07-14 11:00:12] SUCCESS: Character 431f3782-960a-463c-b841-4ecd5388eb25 downloaded successfully
[2025-07-14 11:00:13] Processing character 5/40: eaea3629-6fd3-4557-9bef-7ffad0a1eef1, URL: https://jannyai.com/characters/eaea3629-6fd3-4557-9bef-7ffad0a1eef1_character-boyfriend
[2025-07-14 11:00:13] Download attempt 1/3 for character eaea3629-6fd3-4557-9bef-7ffad0a1eef1
[2025-07-14 11:00:14] Navigated to character page: https://jannyai.com/characters/eaea3629-6fd3-4557-9bef-7ffad0a1eef1_character-boyfriend
[2025-07-14 11:00:14] Download button found for character eaea3629-6fd3-4557-9bef-7ffad0a1eef1
[2025-07-14 11:00:14] Files before download: 0 for character eaea3629-6fd3-4557-9bef-7ffad0a1eef1
[2025-07-14 11:00:14] Download button clicked for character eaea3629-6fd3-4557-9bef-7ffad0a1eef1
[2025-07-14 11:00:14] Waiting for download file for character eaea3629-6fd3-4557-9bef-7ffad0a1eef1, files before: 0
[2025-07-14 11:00:14] New file detected for eaea3629-6fd3-4557-9bef-7ffad0a1eef1: /Users/txcslm/~RIDER/JannyAI/JannyAI/bin/Debug/net9.0/temp_downloads/Boyfriend.card.png, size: 233586 bytes
[2025-07-14 11:00:15] File download confirmed for eaea3629-6fd3-4557-9bef-7ffad0a1eef1 - stable size: 233586 bytes
[2025-07-14 11:00:15] Moving file from /Users/txcslm/~RIDER/JannyAI/JannyAI/bin/Debug/net9.0/temp_downloads/Boyfriend.card.png to /Users/txcslm/~RIDER/JannyAI/JannyAI/bin/Debug/net9.0/jannyai_characters/eaea3629-6fd3-4557-9bef-7ffad0a1eef1.png
[2025-07-14 11:00:15] File successfully saved for eaea3629-6fd3-4557-9bef-7ffad0a1eef1, size: 233586 bytes
[2025-07-14 11:00:18] Returned to list page after downloading eaea3629-6fd3-4557-9bef-7ffad0a1eef1
[2025-07-14 11:00:18] SUCCESS: Character eaea3629-6fd3-4557-9bef-7ffad0a1eef1 downloaded successfully
[2025-07-14 11:00:18] Processing character 6/40: 015274d2-f279-475a-9f4b-66b78005df35, URL: https://jannyai.com/characters/015274d2-f279-475a-9f4b-66b78005df35_character-emi-ibarazaki
[2025-07-14 11:00:18] Download attempt 1/3 for character 015274d2-f279-475a-9f4b-66b78005df35
[2025-07-14 11:00:20] Navigated to character page: https://jannyai.com/characters/015274d2-f279-475a-9f4b-66b78005df35_character-emi-ibarazaki
[2025-07-14 11:00:20] Download button found for character 015274d2-f279-475a-9f4b-66b78005df35
[2025-07-14 11:00:20] Files before download: 0 for character 015274d2-f279-475a-9f4b-66b78005df35
[2025-07-14 11:00:20] Download button clicked for character 015274d2-f279-475a-9f4b-66b78005df35
[2025-07-14 11:00:20] Waiting for download file for character 015274d2-f279-475a-9f4b-66b78005df35, files before: 0
[2025-07-14 11:00:21] Download timeout for character 015274d2-f279-475a-9f4b-66b78005df35 after 800ms
[2025-07-14 11:00:21] WARNING: Файл не скачался для персонажа 015274d2-f279-475a-9f4b-66b78005df35 (попытка 1)
[2025-07-14 11:00:23] Download attempt 2/3 for character 015274d2-f279-475a-9f4b-66b78005df35
[2025-07-14 11:00:24] Navigated to character page: https://jannyai.com/characters/015274d2-f279-475a-9f4b-66b78005df35_character-emi-ibarazaki
[2025-07-14 11:00:24] Download button found for character 015274d2-f279-475a-9f4b-66b78005df35
[2025-07-14 11:00:24] Files before download: 0 for character 015274d2-f279-475a-9f4b-66b78005df35
[2025-07-14 11:00:25] Download button clicked for character 015274d2-f279-475a-9f4b-66b78005df35
[2025-07-14 11:00:25] Waiting for download file for character 015274d2-f279-475a-9f4b-66b78005df35, files before: 0
[2025-07-14 11:00:25] Download timeout for character 015274d2-f279-475a-9f4b-66b78005df35 after 800ms
[2025-07-14 11:00:25] WARNING: Файл не скачался для персонажа 015274d2-f279-475a-9f4b-66b78005df35 (попытка 2)
[2025-07-14 11:00:27] Download attempt 3/3 for character 015274d2-f279-475a-9f4b-66b78005df35
[2025-07-14 11:00:28] Navigated to character page: https://jannyai.com/characters/015274d2-f279-475a-9f4b-66b78005df35_character-emi-ibarazaki
[2025-07-14 11:00:28] Download button found for character 015274d2-f279-475a-9f4b-66b78005df35
[2025-07-14 11:00:28] Files before download: 0 for character 015274d2-f279-475a-9f4b-66b78005df35
[2025-07-14 11:00:28] Download button clicked for character 015274d2-f279-475a-9f4b-66b78005df35
[2025-07-14 11:00:28] Waiting for download file for character 015274d2-f279-475a-9f4b-66b78005df35, files before: 0
[2025-07-14 11:00:29] Download timeout for character 015274d2-f279-475a-9f4b-66b78005df35 after 800ms
[2025-07-14 11:00:29] WARNING: Файл не скачался для персонажа 015274d2-f279-475a-9f4b-66b78005df35 (попытка 3)
[2025-07-14 11:00:30] FAILED: Could not download character 015274d2-f279-475a-9f4b-66b78005df35
[2025-07-14 11:00:31] Processing character 7/40: 205de4cf-f187-40f8-a085-22688b52d383, URL: https://jannyai.com/characters/205de4cf-f187-40f8-a085-22688b52d383_character-kara
[2025-07-14 11:00:31] Download attempt 1/3 for character 205de4cf-f187-40f8-a085-22688b52d383
[2025-07-14 11:00:32] Navigated to character page: https://jannyai.com/characters/205de4cf-f187-40f8-a085-22688b52d383_character-kara
[2025-07-14 11:00:32] Download button found for character 205de4cf-f187-40f8-a085-22688b52d383
[2025-07-14 11:00:32] Files before download: 0 for character 205de4cf-f187-40f8-a085-22688b52d383
[2025-07-14 11:00:32] Download button clicked for character 205de4cf-f187-40f8-a085-22688b52d383
[2025-07-14 11:00:32] Waiting for download file for character 205de4cf-f187-40f8-a085-22688b52d383, files before: 0
[2025-07-14 11:00:33] Download timeout for character 205de4cf-f187-40f8-a085-22688b52d383 after 800ms
[2025-07-14 11:00:33] WARNING: Файл не скачался для персонажа 205de4cf-f187-40f8-a085-22688b52d383 (попытка 1)
[2025-07-14 11:00:34] Download attempt 2/3 for character 205de4cf-f187-40f8-a085-22688b52d383
[2025-07-14 11:00:35] Navigated to character page: https://jannyai.com/characters/205de4cf-f187-40f8-a085-22688b52d383_character-kara
[2025-07-14 11:00:35] Download button found for character 205de4cf-f187-40f8-a085-22688b52d383
[2025-07-14 11:00:35] Files before download: 0 for character 205de4cf-f187-40f8-a085-22688b52d383
[2025-07-14 11:00:35] Download button clicked for character 205de4cf-f187-40f8-a085-22688b52d383
[2025-07-14 11:00:35] Waiting for download file for character 205de4cf-f187-40f8-a085-22688b52d383, files before: 0
[2025-07-14 11:00:36] Download timeout for character 205de4cf-f187-40f8-a085-22688b52d383 after 800ms
[2025-07-14 11:00:36] WARNING: Файл не скачался для персонажа 205de4cf-f187-40f8-a085-22688b52d383 (попытка 2)
[2025-07-14 11:00:38] Download attempt 3/3 for character 205de4cf-f187-40f8-a085-22688b52d383
[2025-07-14 11:00:39] Navigated to character page: https://jannyai.com/characters/205de4cf-f187-40f8-a085-22688b52d383_character-kara
[2025-07-14 11:00:39] Download button found for character 205de4cf-f187-40f8-a085-22688b52d383
[2025-07-14 11:00:39] Files before download: 0 for character 205de4cf-f187-40f8-a085-22688b52d383
[2025-07-14 11:00:39] Download button clicked for character 205de4cf-f187-40f8-a085-22688b52d383
[2025-07-14 11:00:39] Waiting for download file for character 205de4cf-f187-40f8-a085-22688b52d383, files before: 0
[2025-07-14 11:00:40] Download timeout for character 205de4cf-f187-40f8-a085-22688b52d383 after 800ms
[2025-07-14 11:00:40] WARNING: Файл не скачался для персонажа 205de4cf-f187-40f8-a085-22688b52d383 (попытка 3)
[2025-07-14 11:00:41] FAILED: Could not download character 205de4cf-f187-40f8-a085-22688b52d383
[2025-07-14 11:00:42] Processing character 8/40: b057d931-75d6-4955-8e9c-412db72b8940, URL: https://jannyai.com/characters/b057d931-75d6-4955-8e9c-412db72b8940_character-miguel-o-hara
[2025-07-14 11:00:42] Download attempt 1/3 for character b057d931-75d6-4955-8e9c-412db72b8940
[2025-07-14 11:00:43] Navigated to character page: https://jannyai.com/characters/b057d931-75d6-4955-8e9c-412db72b8940_character-miguel-o-hara
[2025-07-14 11:00:43] Download button found for character b057d931-75d6-4955-8e9c-412db72b8940
[2025-07-14 11:00:43] Files before download: 0 for character b057d931-75d6-4955-8e9c-412db72b8940
[2025-07-14 11:00:43] Download button clicked for character b057d931-75d6-4955-8e9c-412db72b8940
[2025-07-14 11:00:43] Waiting for download file for character b057d931-75d6-4955-8e9c-412db72b8940, files before: 0
[2025-07-14 11:00:44] Download timeout for character b057d931-75d6-4955-8e9c-412db72b8940 after 800ms
[2025-07-14 11:00:44] WARNING: Файл не скачался для персонажа b057d931-75d6-4955-8e9c-412db72b8940 (попытка 1)
[2025-07-14 11:00:45] Download attempt 2/3 for character b057d931-75d6-4955-8e9c-412db72b8940
[2025-07-14 11:00:47] Navigated to character page: https://jannyai.com/characters/b057d931-75d6-4955-8e9c-412db72b8940_character-miguel-o-hara
[2025-07-14 11:00:47] Download button found for character b057d931-75d6-4955-8e9c-412db72b8940
[2025-07-14 11:00:47] Files before download: 0 for character b057d931-75d6-4955-8e9c-412db72b8940
[2025-07-14 11:00:47] Download button clicked for character b057d931-75d6-4955-8e9c-412db72b8940
[2025-07-14 11:00:47] Waiting for download file for character b057d931-75d6-4955-8e9c-412db72b8940, files before: 0
[2025-07-14 11:00:48] Download timeout for character b057d931-75d6-4955-8e9c-412db72b8940 after 800ms
[2025-07-14 11:00:48] WARNING: Файл не скачался для персонажа b057d931-75d6-4955-8e9c-412db72b8940 (попытка 2)
[2025-07-14 11:00:49] Download attempt 3/3 for character b057d931-75d6-4955-8e9c-412db72b8940
[2025-07-14 11:00:51] Navigated to character page: https://jannyai.com/characters/b057d931-75d6-4955-8e9c-412db72b8940_character-miguel-o-hara
[2025-07-14 11:00:51] Download button found for character b057d931-75d6-4955-8e9c-412db72b8940
[2025-07-14 11:00:51] Files before download: 0 for character b057d931-75d6-4955-8e9c-412db72b8940
[2025-07-14 11:00:51] Download button clicked for character b057d931-75d6-4955-8e9c-412db72b8940
[2025-07-14 11:00:51] Waiting for download file for character b057d931-75d6-4955-8e9c-412db72b8940, files before: 0
[2025-07-14 11:00:52] Download timeout for character b057d931-75d6-4955-8e9c-412db72b8940 after 800ms
[2025-07-14 11:00:52] WARNING: Файл не скачался для персонажа b057d931-75d6-4955-8e9c-412db72b8940 (попытка 3)
[2025-07-14 11:00:53] FAILED: Could not download character b057d931-75d6-4955-8e9c-412db72b8940
[2025-07-14 11:00:54] Processing character 9/40: efc0ae65-eaa4-4f71-bff6-e06978a038a2, URL: https://jannyai.com/characters/efc0ae65-eaa4-4f71-bff6-e06978a038a2_character-vermeil
[2025-07-14 11:00:54] Download attempt 1/3 for character efc0ae65-eaa4-4f71-bff6-e06978a038a2
[2025-07-14 11:00:55] Navigated to character page: https://jannyai.com/characters/efc0ae65-eaa4-4f71-bff6-e06978a038a2_character-vermeil
[2025-07-14 11:00:55] Download button found for character efc0ae65-eaa4-4f71-bff6-e06978a038a2
[2025-07-14 11:00:55] Files before download: 0 for character efc0ae65-eaa4-4f71-bff6-e06978a038a2
[2025-07-14 11:00:55] Download button clicked for character efc0ae65-eaa4-4f71-bff6-e06978a038a2
[2025-07-14 11:00:55] Waiting for download file for character efc0ae65-eaa4-4f71-bff6-e06978a038a2, files before: 0
[2025-07-14 11:00:55] New file detected for efc0ae65-eaa4-4f71-bff6-e06978a038a2: /Users/txcslm/~RIDER/JannyAI/JannyAI/bin/Debug/net9.0/temp_downloads/Vermeil.card.png, size: 373595 bytes
[2025-07-14 11:00:56] File download confirmed for efc0ae65-eaa4-4f71-bff6-e06978a038a2 - stable size: 373595 bytes
[2025-07-14 11:00:56] Moving file from /Users/txcslm/~RIDER/JannyAI/JannyAI/bin/Debug/net9.0/temp_downloads/Vermeil.card.png to /Users/txcslm/~RIDER/JannyAI/JannyAI/bin/Debug/net9.0/jannyai_characters/efc0ae65-eaa4-4f71-bff6-e06978a038a2.png
[2025-07-14 11:00:56] File successfully saved for efc0ae65-eaa4-4f71-bff6-e06978a038a2, size: 373595 bytes
[2025-07-14 11:00:57] Returned to list page after downloading efc0ae65-eaa4-4f71-bff6-e06978a038a2
[2025-07-14 11:00:57] SUCCESS: Character efc0ae65-eaa4-4f71-bff6-e06978a038a2 downloaded successfully
[2025-07-14 11:00:57] Processing character 10/40: 6af08811-0140-4ecf-84e5-b15ef480c0d8, URL: https://jannyai.com/characters/6af08811-0140-4ecf-84e5-b15ef480c0d8_character-dabi
[2025-07-14 11:00:57] Download attempt 1/3 for character 6af08811-0140-4ecf-84e5-b15ef480c0d8
[2025-07-14 11:00:58] Navigated to character page: https://jannyai.com/characters/6af08811-0140-4ecf-84e5-b15ef480c0d8_character-dabi
[2025-07-14 11:00:59] Download button found for character 6af08811-0140-4ecf-84e5-b15ef480c0d8
[2025-07-14 11:00:59] Files before download: 0 for character 6af08811-0140-4ecf-84e5-b15ef480c0d8
[2025-07-14 11:00:59] Download button clicked for character 6af08811-0140-4ecf-84e5-b15ef480c0d8
[2025-07-14 11:00:59] Waiting for download file for character 6af08811-0140-4ecf-84e5-b15ef480c0d8, files before: 0
[2025-07-14 11:00:59] New file detected for 6af08811-0140-4ecf-84e5-b15ef480c0d8: /Users/txcslm/~RIDER/JannyAI/JannyAI/bin/Debug/net9.0/temp_downloads/Dabi.card.png, size: 666003 bytes
[2025-07-14 11:00:59] File download confirmed for 6af08811-0140-4ecf-84e5-b15ef480c0d8 - stable size: 666003 bytes
[2025-07-14 11:00:59] Moving file from /Users/txcslm/~RIDER/JannyAI/JannyAI/bin/Debug/net9.0/temp_downloads/Dabi.card.png to /Users/txcslm/~RIDER/JannyAI/JannyAI/bin/Debug/net9.0/jannyai_characters/6af08811-0140-4ecf-84e5-b15ef480c0d8.png
[2025-07-14 11:00:59] File successfully saved for 6af08811-0140-4ecf-84e5-b15ef480c0d8, size: 666003 bytes
[2025-07-14 11:01:01] Returned to list page after downloading 6af08811-0140-4ecf-84e5-b15ef480c0d8
[2025-07-14 11:01:01] SUCCESS: Character 6af08811-0140-4ecf-84e5-b15ef480c0d8 downloaded successfully
[2025-07-14 11:01:01] Processing character 11/40: 7bbb48e8-9f89-4656-a46e-e3b870ffd826, URL: https://jannyai.com/characters/7bbb48e8-9f89-4656-a46e-e3b870ffd826_character-g-1-shockwave
[2025-07-14 11:01:01] Download attempt 1/3 for character 7bbb48e8-9f89-4656-a46e-e3b870ffd826
[2025-07-14 11:01:02] Navigated to character page: https://jannyai.com/characters/7bbb48e8-9f89-4656-a46e-e3b870ffd826_character-g-1-shockwave
[2025-07-14 11:01:02] Download button found for character 7bbb48e8-9f89-4656-a46e-e3b870ffd826
[2025-07-14 11:01:02] Files before download: 0 for character 7bbb48e8-9f89-4656-a46e-e3b870ffd826
[2025-07-14 11:01:02] Download button clicked for character 7bbb48e8-9f89-4656-a46e-e3b870ffd826
[2025-07-14 11:01:02] Waiting for download file for character 7bbb48e8-9f89-4656-a46e-e3b870ffd826, files before: 0
[2025-07-14 11:01:03] New file detected for 7bbb48e8-9f89-4656-a46e-e3b870ffd826: /Users/txcslm/~RIDER/JannyAI/JannyAI/bin/Debug/net9.0/temp_downloads/G1 Shockwave.card.png, size: 590864 bytes
[2025-07-14 11:01:03] File download confirmed for 7bbb48e8-9f89-4656-a46e-e3b870ffd826 - stable size: 590864 bytes
[2025-07-14 11:01:03] Moving file from /Users/txcslm/~RIDER/JannyAI/JannyAI/bin/Debug/net9.0/temp_downloads/G1 Shockwave.card.png to /Users/txcslm/~RIDER/JannyAI/JannyAI/bin/Debug/net9.0/jannyai_characters/7bbb48e8-9f89-4656-a46e-e3b870ffd826.png
[2025-07-14 11:01:03] File successfully saved for 7bbb48e8-9f89-4656-a46e-e3b870ffd826, size: 590864 bytes
[2025-07-14 11:01:04] Returned to list page after downloading 7bbb48e8-9f89-4656-a46e-e3b870ffd826
[2025-07-14 11:01:04] SUCCESS: Character 7bbb48e8-9f89-4656-a46e-e3b870ffd826 downloaded successfully
[2025-07-14 11:01:05] Processing character 12/40: 0f50e78b-e0be-4713-9322-b7a502444e1c, URL: https://jannyai.com/characters/0f50e78b-e0be-4713-9322-b7a502444e1c_character-giyuu-tomioka
[2025-07-14 11:01:05] Download attempt 1/3 for character 0f50e78b-e0be-4713-9322-b7a502444e1c
[2025-07-14 11:01:06] Navigated to character page: https://jannyai.com/characters/0f50e78b-e0be-4713-9322-b7a502444e1c_character-giyuu-tomioka
[2025-07-14 11:01:06] Download button found for character 0f50e78b-e0be-4713-9322-b7a502444e1c
[2025-07-14 11:01:06] Files before download: 0 for character 0f50e78b-e0be-4713-9322-b7a502444e1c
[2025-07-14 11:01:06] Download button clicked for character 0f50e78b-e0be-4713-9322-b7a502444e1c
[2025-07-14 11:01:06] Waiting for download file for character 0f50e78b-e0be-4713-9322-b7a502444e1c, files before: 0
[2025-07-14 11:01:06] New file detected for 0f50e78b-e0be-4713-9322-b7a502444e1c: /Users/txcslm/~RIDER/JannyAI/JannyAI/bin/Debug/net9.0/temp_downloads/Giyuu Tomioka .card.png, size: 295076 bytes
[2025-07-14 11:01:07] File download confirmed for 0f50e78b-e0be-4713-9322-b7a502444e1c - stable size: 295076 bytes
[2025-07-14 11:01:07] Moving file from /Users/txcslm/~RIDER/JannyAI/JannyAI/bin/Debug/net9.0/temp_downloads/Giyuu Tomioka .card.png to /Users/txcslm/~RIDER/JannyAI/JannyAI/bin/Debug/net9.0/jannyai_characters/0f50e78b-e0be-4713-9322-b7a502444e1c.png
[2025-07-14 11:01:07] File successfully saved for 0f50e78b-e0be-4713-9322-b7a502444e1c, size: 295076 bytes
[2025-07-14 11:01:08] Returned to list page after downloading 0f50e78b-e0be-4713-9322-b7a502444e1c
[2025-07-14 11:01:08] SUCCESS: Character 0f50e78b-e0be-4713-9322-b7a502444e1c downloaded successfully
[2025-07-14 11:01:08] Processing character 13/40: f6a4e882-9714-413d-b888-46f6df3a9d03, URL: https://jannyai.com/characters/f6a4e882-9714-413d-b888-46f6df3a9d03_character-joel-miller-pre-tlou-2
[2025-07-14 11:01:08] Download attempt 1/3 for character f6a4e882-9714-413d-b888-46f6df3a9d03
[2025-07-14 11:01:09] Navigated to character page: https://jannyai.com/characters/f6a4e882-9714-413d-b888-46f6df3a9d03_character-joel-miller-pre-tlou-2
[2025-07-14 11:01:09] Download button found for character f6a4e882-9714-413d-b888-46f6df3a9d03
[2025-07-14 11:01:09] Files before download: 0 for character f6a4e882-9714-413d-b888-46f6df3a9d03
[2025-07-14 11:01:09] Download button clicked for character f6a4e882-9714-413d-b888-46f6df3a9d03
[2025-07-14 11:01:09] Waiting for download file for character f6a4e882-9714-413d-b888-46f6df3a9d03, files before: 0
[2025-07-14 11:01:10] New file detected for f6a4e882-9714-413d-b888-46f6df3a9d03: /Users/txcslm/~RIDER/JannyAI/JannyAI/bin/Debug/net9.0/temp_downloads/Joel Miller (pre-Tlou2).card.png, size: 401474 bytes
[2025-07-14 11:01:10] File download confirmed for f6a4e882-9714-413d-b888-46f6df3a9d03 - stable size: 401474 bytes
[2025-07-14 11:01:10] Moving file from /Users/txcslm/~RIDER/JannyAI/JannyAI/bin/Debug/net9.0/temp_downloads/Joel Miller (pre-Tlou2).card.png to /Users/txcslm/~RIDER/JannyAI/JannyAI/bin/Debug/net9.0/jannyai_characters/f6a4e882-9714-413d-b888-46f6df3a9d03.png
[2025-07-14 11:01:10] File successfully saved for f6a4e882-9714-413d-b888-46f6df3a9d03, size: 401474 bytes
[2025-07-14 11:01:11] Returned to list page after downloading f6a4e882-9714-413d-b888-46f6df3a9d03
[2025-07-14 11:01:11] SUCCESS: Character f6a4e882-9714-413d-b888-46f6df3a9d03 downloaded successfully
[2025-07-14 11:01:12] Processing character 14/40: 11bebf6e-d52b-4fc3-af48-4d8a4e0b8b5f, URL: https://jannyai.com/characters/11bebf6e-d52b-4fc3-af48-4d8a4e0b8b5f_character-ethan-landry
[2025-07-14 11:01:12] Download attempt 1/3 for character 11bebf6e-d52b-4fc3-af48-4d8a4e0b8b5f
[2025-07-14 11:01:13] Navigated to character page: https://jannyai.com/characters/11bebf6e-d52b-4fc3-af48-4d8a4e0b8b5f_character-ethan-landry
[2025-07-14 11:01:13] Download button found for character 11bebf6e-d52b-4fc3-af48-4d8a4e0b8b5f
[2025-07-14 11:01:13] Files before download: 0 for character 11bebf6e-d52b-4fc3-af48-4d8a4e0b8b5f
[2025-07-14 11:01:13] Download button clicked for character 11bebf6e-d52b-4fc3-af48-4d8a4e0b8b5f
[2025-07-14 11:01:13] Waiting for download file for character 11bebf6e-d52b-4fc3-af48-4d8a4e0b8b5f, files before: 0
[2025-07-14 11:01:13] New file detected for 11bebf6e-d52b-4fc3-af48-4d8a4e0b8b5f: /Users/txcslm/~RIDER/JannyAI/JannyAI/bin/Debug/net9.0/temp_downloads/Ethan landry.card.png, size: 793661 bytes
[2025-07-14 11:01:14] File download confirmed for 11bebf6e-d52b-4fc3-af48-4d8a4e0b8b5f - stable size: 793661 bytes
[2025-07-14 11:01:14] Moving file from /Users/txcslm/~RIDER/JannyAI/JannyAI/bin/Debug/net9.0/temp_downloads/Ethan landry.card.png to /Users/txcslm/~RIDER/JannyAI/JannyAI/bin/Debug/net9.0/jannyai_characters/11bebf6e-d52b-4fc3-af48-4d8a4e0b8b5f.png
[2025-07-14 11:01:14] File successfully saved for 11bebf6e-d52b-4fc3-af48-4d8a4e0b8b5f, size: 793661 bytes
[2025-07-14 11:01:15] Returned to list page after downloading 11bebf6e-d52b-4fc3-af48-4d8a4e0b8b5f
[2025-07-14 11:01:15] SUCCESS: Character 11bebf6e-d52b-4fc3-af48-4d8a4e0b8b5f downloaded successfully
[2025-07-14 11:01:15] Processing character 15/40: e5ab1060-13b3-41d3-9382-031faa6a0903, URL: https://jannyai.com/characters/e5ab1060-13b3-41d3-9382-031faa6a0903_character-aizetsu-clone
[2025-07-14 11:01:15] Download attempt 1/3 for character e5ab1060-13b3-41d3-9382-031faa6a0903
[2025-07-14 11:01:16] Navigated to character page: https://jannyai.com/characters/e5ab1060-13b3-41d3-9382-031faa6a0903_character-aizetsu-clone
[2025-07-14 11:01:16] Download button found for character e5ab1060-13b3-41d3-9382-031faa6a0903
[2025-07-14 11:01:16] Files before download: 0 for character e5ab1060-13b3-41d3-9382-031faa6a0903
[2025-07-14 11:01:16] Download button clicked for character e5ab1060-13b3-41d3-9382-031faa6a0903
[2025-07-14 11:01:16] Waiting for download file for character e5ab1060-13b3-41d3-9382-031faa6a0903, files before: 0
[2025-07-14 11:01:17] New file detected for e5ab1060-13b3-41d3-9382-031faa6a0903: /Users/txcslm/~RIDER/JannyAI/JannyAI/bin/Debug/net9.0/temp_downloads/Aizetsu clone.card.png, size: 396653 bytes
[2025-07-14 11:01:17] File download confirmed for e5ab1060-13b3-41d3-9382-031faa6a0903 - stable size: 396653 bytes
[2025-07-14 11:01:17] Moving file from /Users/txcslm/~RIDER/JannyAI/JannyAI/bin/Debug/net9.0/temp_downloads/Aizetsu clone.card.png to /Users/txcslm/~RIDER/JannyAI/JannyAI/bin/Debug/net9.0/jannyai_characters/e5ab1060-13b3-41d3-9382-031faa6a0903.png
[2025-07-14 11:01:17] File successfully saved for e5ab1060-13b3-41d3-9382-031faa6a0903, size: 396653 bytes
[2025-07-14 11:01:18] Returned to list page after downloading e5ab1060-13b3-41d3-9382-031faa6a0903
[2025-07-14 11:01:18] SUCCESS: Character e5ab1060-13b3-41d3-9382-031faa6a0903 downloaded successfully
[2025-07-14 11:01:19] Processing character 16/40: 9c6899ad-1c22-4b30-ba6f-cd02d1ab29ed, URL: https://jannyai.com/characters/9c6899ad-1c22-4b30-ba6f-cd02d1ab29ed_character-your-bisexual-best-friend-with-benifits
[2025-07-14 11:01:19] Download attempt 1/3 for character 9c6899ad-1c22-4b30-ba6f-cd02d1ab29ed
[2025-07-14 11:01:20] Navigated to character page: https://jannyai.com/characters/9c6899ad-1c22-4b30-ba6f-cd02d1ab29ed_character-your-bisexual-best-friend-with-benifits
[2025-07-14 11:01:20] Download button found for character 9c6899ad-1c22-4b30-ba6f-cd02d1ab29ed
[2025-07-14 11:01:20] Files before download: 0 for character 9c6899ad-1c22-4b30-ba6f-cd02d1ab29ed
[2025-07-14 11:01:20] Download button clicked for character 9c6899ad-1c22-4b30-ba6f-cd02d1ab29ed
[2025-07-14 11:01:20] Waiting for download file for character 9c6899ad-1c22-4b30-ba6f-cd02d1ab29ed, files before: 0
[2025-07-14 11:01:20] New file detected for 9c6899ad-1c22-4b30-ba6f-cd02d1ab29ed: /Users/txcslm/~RIDER/JannyAI/JannyAI/bin/Debug/net9.0/temp_downloads/Your Bisexual Best friend With Benifits..card.png, size: 151308 bytes
[2025-07-14 11:01:21] File download confirmed for 9c6899ad-1c22-4b30-ba6f-cd02d1ab29ed - stable size: 151308 bytes
[2025-07-14 11:01:21] Moving file from /Users/txcslm/~RIDER/JannyAI/JannyAI/bin/Debug/net9.0/temp_downloads/Your Bisexual Best friend With Benifits..card.png to /Users/txcslm/~RIDER/JannyAI/JannyAI/bin/Debug/net9.0/jannyai_characters/9c6899ad-1c22-4b30-ba6f-cd02d1ab29ed.png
[2025-07-14 11:01:21] File successfully saved for 9c6899ad-1c22-4b30-ba6f-cd02d1ab29ed, size: 151308 bytes
[2025-07-14 11:01:22] Returned to list page after downloading 9c6899ad-1c22-4b30-ba6f-cd02d1ab29ed
[2025-07-14 11:01:22] SUCCESS: Character 9c6899ad-1c22-4b30-ba6f-cd02d1ab29ed downloaded successfully
[2025-07-14 11:01:22] Processing character 17/40: b288a17f-d640-4c0d-9805-f0477e3c55fb, URL: https://jannyai.com/characters/b288a17f-d640-4c0d-9805-f0477e3c55fb_character-spiderman-noir
[2025-07-14 11:01:22] Download attempt 1/3 for character b288a17f-d640-4c0d-9805-f0477e3c55fb
[2025-07-14 11:01:24] Navigated to character page: https://jannyai.com/characters/b288a17f-d640-4c0d-9805-f0477e3c55fb_character-spiderman-noir
[2025-07-14 11:01:24] Download button found for character b288a17f-d640-4c0d-9805-f0477e3c55fb
[2025-07-14 11:01:24] Files before download: 0 for character b288a17f-d640-4c0d-9805-f0477e3c55fb
[2025-07-14 11:01:24] Download button clicked for character b288a17f-d640-4c0d-9805-f0477e3c55fb
[2025-07-14 11:01:24] Waiting for download file for character b288a17f-d640-4c0d-9805-f0477e3c55fb, files before: 0
[2025-07-14 11:01:25] Download timeout for character b288a17f-d640-4c0d-9805-f0477e3c55fb after 800ms
[2025-07-14 11:01:25] WARNING: Файл не скачался для персонажа b288a17f-d640-4c0d-9805-f0477e3c55fb (попытка 1)
[2025-07-14 11:01:26] Download attempt 2/3 for character b288a17f-d640-4c0d-9805-f0477e3c55fb
[2025-07-14 11:01:27] Navigated to character page: https://jannyai.com/characters/b288a17f-d640-4c0d-9805-f0477e3c55fb_character-spiderman-noir
[2025-07-14 11:01:28] Download button found for character b288a17f-d640-4c0d-9805-f0477e3c55fb
[2025-07-14 11:01:28] Files before download: 0 for character b288a17f-d640-4c0d-9805-f0477e3c55fb
[2025-07-14 11:01:28] Download button clicked for character b288a17f-d640-4c0d-9805-f0477e3c55fb
[2025-07-14 11:01:28] Waiting for download file for character b288a17f-d640-4c0d-9805-f0477e3c55fb, files before: 0
[2025-07-14 11:01:28] Download timeout for character b288a17f-d640-4c0d-9805-f0477e3c55fb after 800ms
[2025-07-14 11:01:28] WARNING: Файл не скачался для персонажа b288a17f-d640-4c0d-9805-f0477e3c55fb (попытка 2)
[2025-07-14 11:01:30] Download attempt 3/3 for character b288a17f-d640-4c0d-9805-f0477e3c55fb
[2025-07-14 11:01:31] Navigated to character page: https://jannyai.com/characters/b288a17f-d640-4c0d-9805-f0477e3c55fb_character-spiderman-noir
[2025-07-14 11:01:31] Download button found for character b288a17f-d640-4c0d-9805-f0477e3c55fb
[2025-07-14 11:01:31] Files before download: 0 for character b288a17f-d640-4c0d-9805-f0477e3c55fb
[2025-07-14 11:01:31] Download button clicked for character b288a17f-d640-4c0d-9805-f0477e3c55fb
[2025-07-14 11:01:31] Waiting for download file for character b288a17f-d640-4c0d-9805-f0477e3c55fb, files before: 0
[2025-07-14 11:01:32] Download timeout for character b288a17f-d640-4c0d-9805-f0477e3c55fb after 800ms
[2025-07-14 11:01:32] WARNING: Файл не скачался для персонажа b288a17f-d640-4c0d-9805-f0477e3c55fb (попытка 3)
[2025-07-14 11:01:33] FAILED: Could not download character b288a17f-d640-4c0d-9805-f0477e3c55fb
[2025-07-14 11:01:34] Processing character 18/40: 3e7c983c-a73f-45b1-a5e9-ad5caa47c67a, URL: https://jannyai.com/characters/3e7c983c-a73f-45b1-a5e9-ad5caa47c67a_character-douma
[2025-07-14 11:01:34] Download attempt 1/3 for character 3e7c983c-a73f-45b1-a5e9-ad5caa47c67a
[2025-07-14 11:01:36] Navigated to character page: https://jannyai.com/characters/3e7c983c-a73f-45b1-a5e9-ad5caa47c67a_character-douma
[2025-07-14 11:01:36] Download button found for character 3e7c983c-a73f-45b1-a5e9-ad5caa47c67a
[2025-07-14 11:01:36] Files before download: 0 for character 3e7c983c-a73f-45b1-a5e9-ad5caa47c67a
[2025-07-14 11:01:36] Download button clicked for character 3e7c983c-a73f-45b1-a5e9-ad5caa47c67a
[2025-07-14 11:01:36] Waiting for download file for character 3e7c983c-a73f-45b1-a5e9-ad5caa47c67a, files before: 0
[2025-07-14 11:01:37] Download timeout for character 3e7c983c-a73f-45b1-a5e9-ad5caa47c67a after 800ms
[2025-07-14 11:01:37] WARNING: Файл не скачался для персонажа 3e7c983c-a73f-45b1-a5e9-ad5caa47c67a (попытка 1)
[2025-07-14 11:01:38] Download attempt 2/3 for character 3e7c983c-a73f-45b1-a5e9-ad5caa47c67a
[2025-07-14 11:01:39] Navigated to character page: https://jannyai.com/characters/3e7c983c-a73f-45b1-a5e9-ad5caa47c67a_character-douma
[2025-07-14 11:01:39] Download button found for character 3e7c983c-a73f-45b1-a5e9-ad5caa47c67a
[2025-07-14 11:01:39] Files before download: 0 for character 3e7c983c-a73f-45b1-a5e9-ad5caa47c67a
[2025-07-14 11:01:39] Download button clicked for character 3e7c983c-a73f-45b1-a5e9-ad5caa47c67a
[2025-07-14 11:01:39] Waiting for download file for character 3e7c983c-a73f-45b1-a5e9-ad5caa47c67a, files before: 0
[2025-07-14 11:01:40] Download timeout for character 3e7c983c-a73f-45b1-a5e9-ad5caa47c67a after 800ms
[2025-07-14 11:01:40] WARNING: Файл не скачался для персонажа 3e7c983c-a73f-45b1-a5e9-ad5caa47c67a (попытка 2)
[2025-07-14 11:01:42] Download attempt 3/3 for character 3e7c983c-a73f-45b1-a5e9-ad5caa47c67a
[2025-07-14 11:01:43] Navigated to character page: https://jannyai.com/characters/3e7c983c-a73f-45b1-a5e9-ad5caa47c67a_character-douma
[2025-07-14 11:01:43] Download button found for character 3e7c983c-a73f-45b1-a5e9-ad5caa47c67a
[2025-07-14 11:01:43] Files before download: 0 for character 3e7c983c-a73f-45b1-a5e9-ad5caa47c67a
[2025-07-14 11:01:43] Download button clicked for character 3e7c983c-a73f-45b1-a5e9-ad5caa47c67a
[2025-07-14 11:01:43] Waiting for download file for character 3e7c983c-a73f-45b1-a5e9-ad5caa47c67a, files before: 0
[2025-07-14 11:01:44] Download timeout for character 3e7c983c-a73f-45b1-a5e9-ad5caa47c67a after 800ms
[2025-07-14 11:01:44] WARNING: Файл не скачался для персонажа 3e7c983c-a73f-45b1-a5e9-ad5caa47c67a (попытка 3)
[2025-07-14 11:01:45] FAILED: Could not download character 3e7c983c-a73f-45b1-a5e9-ad5caa47c67a
[2025-07-14 11:01:45] Processing character 19/40: 88b84404-c30b-4b63-b1ea-e83d687bcd0b, URL: https://jannyai.com/characters/88b84404-c30b-4b63-b1ea-e83d687bcd0b_character-genos
[2025-07-14 11:01:45] Download attempt 1/3 for character 88b84404-c30b-4b63-b1ea-e83d687bcd0b
[2025-07-14 11:01:46] Navigated to character page: https://jannyai.com/characters/88b84404-c30b-4b63-b1ea-e83d687bcd0b_character-genos
[2025-07-14 11:01:46] Download button found for character 88b84404-c30b-4b63-b1ea-e83d687bcd0b
[2025-07-14 11:01:46] Files before download: 0 for character 88b84404-c30b-4b63-b1ea-e83d687bcd0b
[2025-07-14 11:01:46] Download button clicked for character 88b84404-c30b-4b63-b1ea-e83d687bcd0b
[2025-07-14 11:01:46] Waiting for download file for character 88b84404-c30b-4b63-b1ea-e83d687bcd0b, files before: 0
[2025-07-14 11:01:47] Download timeout for character 88b84404-c30b-4b63-b1ea-e83d687bcd0b after 800ms
[2025-07-14 11:01:47] WARNING: Файл не скачался для персонажа 88b84404-c30b-4b63-b1ea-e83d687bcd0b (попытка 1)
[2025-07-14 11:01:49] Download attempt 2/3 for character 88b84404-c30b-4b63-b1ea-e83d687bcd0b
[2025-07-14 11:01:50] Navigated to character page: https://jannyai.com/characters/88b84404-c30b-4b63-b1ea-e83d687bcd0b_character-genos
[2025-07-14 11:01:50] Download button found for character 88b84404-c30b-4b63-b1ea-e83d687bcd0b
[2025-07-14 11:01:50] Files before download: 0 for character 88b84404-c30b-4b63-b1ea-e83d687bcd0b
[2025-07-14 11:01:50] Download button clicked for character 88b84404-c30b-4b63-b1ea-e83d687bcd0b
[2025-07-14 11:01:50] Waiting for download file for character 88b84404-c30b-4b63-b1ea-e83d687bcd0b, files before: 0
[2025-07-14 11:01:51] Download timeout for character 88b84404-c30b-4b63-b1ea-e83d687bcd0b after 800ms
[2025-07-14 11:01:51] WARNING: Файл не скачался для персонажа 88b84404-c30b-4b63-b1ea-e83d687bcd0b (попытка 2)
[2025-07-14 11:01:52] Download attempt 3/3 for character 88b84404-c30b-4b63-b1ea-e83d687bcd0b
[2025-07-14 11:01:53] Navigated to character page: https://jannyai.com/characters/88b84404-c30b-4b63-b1ea-e83d687bcd0b_character-genos
[2025-07-14 11:01:53] Download button found for character 88b84404-c30b-4b63-b1ea-e83d687bcd0b
[2025-07-14 11:01:53] Files before download: 0 for character 88b84404-c30b-4b63-b1ea-e83d687bcd0b
[2025-07-14 11:01:53] Download button clicked for character 88b84404-c30b-4b63-b1ea-e83d687bcd0b
[2025-07-14 11:01:53] Waiting for download file for character 88b84404-c30b-4b63-b1ea-e83d687bcd0b, files before: 0
[2025-07-14 11:01:54] Download timeout for character 88b84404-c30b-4b63-b1ea-e83d687bcd0b after 800ms
[2025-07-14 11:01:54] WARNING: Файл не скачался для персонажа 88b84404-c30b-4b63-b1ea-e83d687bcd0b (попытка 3)
[2025-07-14 11:01:56] FAILED: Could not download character 88b84404-c30b-4b63-b1ea-e83d687bcd0b
[2025-07-14 11:01:56] Processing character 20/40: aa95476e-449d-4531-9900-e04c780ae9fd, URL: https://jannyai.com/characters/aa95476e-449d-4531-9900-e04c780ae9fd_character-connor-rk-800
[2025-07-14 11:01:56] Download attempt 1/3 for character aa95476e-449d-4531-9900-e04c780ae9fd
[2025-07-14 11:01:57] Navigated to character page: https://jannyai.com/characters/aa95476e-449d-4531-9900-e04c780ae9fd_character-connor-rk-800
[2025-07-14 11:01:57] Download button found for character aa95476e-449d-4531-9900-e04c780ae9fd
[2025-07-14 11:01:57] Files before download: 0 for character aa95476e-449d-4531-9900-e04c780ae9fd
[2025-07-14 11:01:57] Download button clicked for character aa95476e-449d-4531-9900-e04c780ae9fd
[2025-07-14 11:01:57] Waiting for download file for character aa95476e-449d-4531-9900-e04c780ae9fd, files before: 0
[2025-07-14 11:01:58] Download timeout for character aa95476e-449d-4531-9900-e04c780ae9fd after 800ms
[2025-07-14 11:01:58] WARNING: Файл не скачался для персонажа aa95476e-449d-4531-9900-e04c780ae9fd (попытка 1)
[2025-07-14 11:01:59] Download attempt 2/3 for character aa95476e-449d-4531-9900-e04c780ae9fd
[2025-07-14 11:02:01] Navigated to character page: https://jannyai.com/characters/aa95476e-449d-4531-9900-e04c780ae9fd_character-connor-rk-800
[2025-07-14 11:02:01] Download button found for character aa95476e-449d-4531-9900-e04c780ae9fd
[2025-07-14 11:02:01] Files before download: 0 for character aa95476e-449d-4531-9900-e04c780ae9fd
[2025-07-14 11:02:01] Download button clicked for character aa95476e-449d-4531-9900-e04c780ae9fd
[2025-07-14 11:02:01] Waiting for download file for character aa95476e-449d-4531-9900-e04c780ae9fd, files before: 0
[2025-07-14 11:02:02] Download timeout for character aa95476e-449d-4531-9900-e04c780ae9fd after 800ms
[2025-07-14 11:02:02] WARNING: Файл не скачался для персонажа aa95476e-449d-4531-9900-e04c780ae9fd (попытка 2)
[2025-07-14 11:02:03] Download attempt 3/3 for character aa95476e-449d-4531-9900-e04c780ae9fd
[2025-07-14 11:02:05] Navigated to character page: https://jannyai.com/characters/aa95476e-449d-4531-9900-e04c780ae9fd_character-connor-rk-800
[2025-07-14 11:02:05] Download button found for character aa95476e-449d-4531-9900-e04c780ae9fd
[2025-07-14 11:02:05] Files before download: 0 for character aa95476e-449d-4531-9900-e04c780ae9fd
[2025-07-14 11:02:05] Download button clicked for character aa95476e-449d-4531-9900-e04c780ae9fd
[2025-07-14 11:02:05] Waiting for download file for character aa95476e-449d-4531-9900-e04c780ae9fd, files before: 0
[2025-07-14 11:02:06] Download timeout for character aa95476e-449d-4531-9900-e04c780ae9fd after 800ms
[2025-07-14 11:02:06] WARNING: Файл не скачался для персонажа aa95476e-449d-4531-9900-e04c780ae9fd (попытка 3)
[2025-07-14 11:02:07] FAILED: Could not download character aa95476e-449d-4531-9900-e04c780ae9fd
[2025-07-14 11:02:08] Processing character 21/40: 815015fd-0b44-4b10-ac16-1c249978592c, URL: https://jannyai.com/characters/815015fd-0b44-4b10-ac16-1c249978592c_character-box
[2025-07-14 11:02:08] Download attempt 1/3 for character 815015fd-0b44-4b10-ac16-1c249978592c
[2025-07-14 11:02:09] Navigated to character page: https://jannyai.com/characters/815015fd-0b44-4b10-ac16-1c249978592c_character-box
[2025-07-14 11:02:09] Download button found for character 815015fd-0b44-4b10-ac16-1c249978592c
[2025-07-14 11:02:09] Files before download: 0 for character 815015fd-0b44-4b10-ac16-1c249978592c
[2025-07-14 11:02:09] Download button clicked for character 815015fd-0b44-4b10-ac16-1c249978592c
[2025-07-14 11:02:09] Waiting for download file for character 815015fd-0b44-4b10-ac16-1c249978592c, files before: 0
[2025-07-14 11:02:09] New file detected for 815015fd-0b44-4b10-ac16-1c249978592c: /Users/txcslm/~RIDER/JannyAI/JannyAI/bin/Debug/net9.0/temp_downloads/Box-_.card.png, size: 715132 bytes
[2025-07-14 11:02:10] File download confirmed for 815015fd-0b44-4b10-ac16-1c249978592c - stable size: 715132 bytes
[2025-07-14 11:02:10] Moving file from /Users/txcslm/~RIDER/JannyAI/JannyAI/bin/Debug/net9.0/temp_downloads/Box-_.card.png to /Users/txcslm/~RIDER/JannyAI/JannyAI/bin/Debug/net9.0/jannyai_characters/815015fd-0b44-4b10-ac16-1c249978592c.png
[2025-07-14 11:02:10] File successfully saved for 815015fd-0b44-4b10-ac16-1c249978592c, size: 715132 bytes
[2025-07-14 11:02:11] Returned to list page after downloading 815015fd-0b44-4b10-ac16-1c249978592c
[2025-07-14 11:02:11] SUCCESS: Character 815015fd-0b44-4b10-ac16-1c249978592c downloaded successfully
[2025-07-14 11:02:11] Processing character 22/40: 0d9ba22d-0060-4867-940b-eadaf215678a, URL: https://jannyai.com/characters/0d9ba22d-0060-4867-940b-eadaf215678a_character-cain
[2025-07-14 11:02:11] Download attempt 1/3 for character 0d9ba22d-0060-4867-940b-eadaf215678a
[2025-07-14 11:02:12] Navigated to character page: https://jannyai.com/characters/0d9ba22d-0060-4867-940b-eadaf215678a_character-cain
[2025-07-14 11:02:12] Download button found for character 0d9ba22d-0060-4867-940b-eadaf215678a
[2025-07-14 11:02:12] Files before download: 0 for character 0d9ba22d-0060-4867-940b-eadaf215678a
[2025-07-14 11:02:13] Download button clicked for character 0d9ba22d-0060-4867-940b-eadaf215678a
[2025-07-14 11:02:13] Waiting for download file for character 0d9ba22d-0060-4867-940b-eadaf215678a, files before: 0
[2025-07-14 11:02:13] New file detected for 0d9ba22d-0060-4867-940b-eadaf215678a: /Users/txcslm/~RIDER/JannyAI/JannyAI/bin/Debug/net9.0/temp_downloads/Cain.card.png, size: 176952 bytes
[2025-07-14 11:02:13] File download confirmed for 0d9ba22d-0060-4867-940b-eadaf215678a - stable size: 176952 bytes
[2025-07-14 11:02:13] Moving file from /Users/txcslm/~RIDER/JannyAI/JannyAI/bin/Debug/net9.0/temp_downloads/Cain.card.png to /Users/txcslm/~RIDER/JannyAI/JannyAI/bin/Debug/net9.0/jannyai_characters/0d9ba22d-0060-4867-940b-eadaf215678a.png
[2025-07-14 11:02:13] File successfully saved for 0d9ba22d-0060-4867-940b-eadaf215678a, size: 176952 bytes
[2025-07-14 11:02:14] Returned to list page after downloading 0d9ba22d-0060-4867-940b-eadaf215678a
[2025-07-14 11:02:14] SUCCESS: Character 0d9ba22d-0060-4867-940b-eadaf215678a downloaded successfully
[2025-07-14 11:02:15] Processing character 23/40: 5a8952dc-c73a-47f9-b1d6-aa0811fa42a1, URL: https://jannyai.com/characters/5a8952dc-c73a-47f9-b1d6-aa0811fa42a1_character-george-weasley
[2025-07-14 11:02:15] Download attempt 1/3 for character 5a8952dc-c73a-47f9-b1d6-aa0811fa42a1
[2025-07-14 11:02:16] Navigated to character page: https://jannyai.com/characters/5a8952dc-c73a-47f9-b1d6-aa0811fa42a1_character-george-weasley
[2025-07-14 11:02:16] Download button found for character 5a8952dc-c73a-47f9-b1d6-aa0811fa42a1
[2025-07-14 11:02:16] Files before download: 0 for character 5a8952dc-c73a-47f9-b1d6-aa0811fa42a1
[2025-07-14 11:02:16] Download button clicked for character 5a8952dc-c73a-47f9-b1d6-aa0811fa42a1
[2025-07-14 11:02:16] Waiting for download file for character 5a8952dc-c73a-47f9-b1d6-aa0811fa42a1, files before: 0
[2025-07-14 11:02:16] New file detected for 5a8952dc-c73a-47f9-b1d6-aa0811fa42a1: /Users/txcslm/~RIDER/JannyAI/JannyAI/bin/Debug/net9.0/temp_downloads/George Weasley.card.png, size: 999268 bytes
[2025-07-14 11:02:17] File download confirmed for 5a8952dc-c73a-47f9-b1d6-aa0811fa42a1 - stable size: 999268 bytes
[2025-07-14 11:02:17] Moving file from /Users/txcslm/~RIDER/JannyAI/JannyAI/bin/Debug/net9.0/temp_downloads/George Weasley.card.png to /Users/txcslm/~RIDER/JannyAI/JannyAI/bin/Debug/net9.0/jannyai_characters/5a8952dc-c73a-47f9-b1d6-aa0811fa42a1.png
[2025-07-14 11:02:17] File successfully saved for 5a8952dc-c73a-47f9-b1d6-aa0811fa42a1, size: 999268 bytes
[2025-07-14 11:02:18] Returned to list page after downloading 5a8952dc-c73a-47f9-b1d6-aa0811fa42a1
[2025-07-14 11:02:18] SUCCESS: Character 5a8952dc-c73a-47f9-b1d6-aa0811fa42a1 downloaded successfully
[2025-07-14 11:02:18] Processing character 24/40: 61e756a9-b0c0-42ad-b27e-09e1115757b0, URL: https://jannyai.com/characters/61e756a9-b0c0-42ad-b27e-09e1115757b0_character-yeezy-tyrone
[2025-07-14 11:02:18] Download attempt 1/3 for character 61e756a9-b0c0-42ad-b27e-09e1115757b0
[2025-07-14 11:02:19] Navigated to character page: https://jannyai.com/characters/61e756a9-b0c0-42ad-b27e-09e1115757b0_character-yeezy-tyrone
[2025-07-14 11:02:19] Download button found for character 61e756a9-b0c0-42ad-b27e-09e1115757b0
[2025-07-14 11:02:19] Files before download: 0 for character 61e756a9-b0c0-42ad-b27e-09e1115757b0
[2025-07-14 11:02:20] Download button clicked for character 61e756a9-b0c0-42ad-b27e-09e1115757b0
[2025-07-14 11:02:20] Waiting for download file for character 61e756a9-b0c0-42ad-b27e-09e1115757b0, files before: 0
[2025-07-14 11:02:20] New file detected for 61e756a9-b0c0-42ad-b27e-09e1115757b0: /Users/txcslm/~RIDER/JannyAI/JannyAI/bin/Debug/net9.0/temp_downloads/Yeezy Tyrone.card.png, size: 1243614 bytes
[2025-07-14 11:02:20] File download confirmed for 61e756a9-b0c0-42ad-b27e-09e1115757b0 - stable size: 1243614 bytes
[2025-07-14 11:02:20] Moving file from /Users/txcslm/~RIDER/JannyAI/JannyAI/bin/Debug/net9.0/temp_downloads/Yeezy Tyrone.card.png to /Users/txcslm/~RIDER/JannyAI/JannyAI/bin/Debug/net9.0/jannyai_characters/61e756a9-b0c0-42ad-b27e-09e1115757b0.png
[2025-07-14 11:02:20] File successfully saved for 61e756a9-b0c0-42ad-b27e-09e1115757b0, size: 1243614 bytes
[2025-07-14 11:02:22] Returned to list page after downloading 61e756a9-b0c0-42ad-b27e-09e1115757b0
[2025-07-14 11:02:22] SUCCESS: Character 61e756a9-b0c0-42ad-b27e-09e1115757b0 downloaded successfully
[2025-07-14 11:02:22] Processing character 25/40: 41d9c470-5d93-4a37-8fbb-9a332565f343, URL: https://jannyai.com/characters/41d9c470-5d93-4a37-8fbb-9a332565f343_character-ran-haitani
[2025-07-14 11:02:22] Download attempt 1/3 for character 41d9c470-5d93-4a37-8fbb-9a332565f343
[2025-07-14 11:02:23] Navigated to character page: https://jannyai.com/characters/41d9c470-5d93-4a37-8fbb-9a332565f343_character-ran-haitani
[2025-07-14 11:02:23] Download button found for character 41d9c470-5d93-4a37-8fbb-9a332565f343
[2025-07-14 11:02:23] Files before download: 0 for character 41d9c470-5d93-4a37-8fbb-9a332565f343
[2025-07-14 11:02:23] Download button clicked for character 41d9c470-5d93-4a37-8fbb-9a332565f343
[2025-07-14 11:02:23] Waiting for download file for character 41d9c470-5d93-4a37-8fbb-9a332565f343, files before: 0
[2025-07-14 11:02:23] New file detected for 41d9c470-5d93-4a37-8fbb-9a332565f343: /Users/txcslm/~RIDER/JannyAI/JannyAI/bin/Debug/net9.0/temp_downloads/Ran haitani.card.png, size: 1053268 bytes
[2025-07-14 11:02:24] File download confirmed for 41d9c470-5d93-4a37-8fbb-9a332565f343 - stable size: 1053268 bytes
[2025-07-14 11:02:24] Moving file from /Users/txcslm/~RIDER/JannyAI/JannyAI/bin/Debug/net9.0/temp_downloads/Ran haitani.card.png to /Users/txcslm/~RIDER/JannyAI/JannyAI/bin/Debug/net9.0/jannyai_characters/41d9c470-5d93-4a37-8fbb-9a332565f343.png
[2025-07-14 11:02:24] File successfully saved for 41d9c470-5d93-4a37-8fbb-9a332565f343, size: 1053268 bytes
[2025-07-14 11:02:25] Returned to list page after downloading 41d9c470-5d93-4a37-8fbb-9a332565f343
[2025-07-14 11:02:25] SUCCESS: Character 41d9c470-5d93-4a37-8fbb-9a332565f343 downloaded successfully
[2025-07-14 11:02:25] Processing character 26/40: eaf7fb1b-6d16-469e-a9c9-f88754dad28a, URL: https://jannyai.com/characters/eaf7fb1b-6d16-469e-a9c9-f88754dad28a_character-mha-rpg
[2025-07-14 11:02:25] Download attempt 1/3 for character eaf7fb1b-6d16-469e-a9c9-f88754dad28a
[2025-07-14 11:02:29] Navigated to character page: https://jannyai.com/characters/eaf7fb1b-6d16-469e-a9c9-f88754dad28a_character-mha-rpg
[2025-07-14 11:02:29] Download button found for character eaf7fb1b-6d16-469e-a9c9-f88754dad28a
[2025-07-14 11:02:29] Files before download: 0 for character eaf7fb1b-6d16-469e-a9c9-f88754dad28a
[2025-07-14 11:02:29] Download button clicked for character eaf7fb1b-6d16-469e-a9c9-f88754dad28a
[2025-07-14 11:02:29] Waiting for download file for character eaf7fb1b-6d16-469e-a9c9-f88754dad28a, files before: 0
[2025-07-14 11:02:29] New file detected for eaf7fb1b-6d16-469e-a9c9-f88754dad28a: /Users/txcslm/~RIDER/JannyAI/JannyAI/bin/Debug/net9.0/temp_downloads/MHA RPG.card.png, size: 232145 bytes
[2025-07-14 11:02:30] File download confirmed for eaf7fb1b-6d16-469e-a9c9-f88754dad28a - stable size: 232145 bytes
[2025-07-14 11:02:30] Moving file from /Users/txcslm/~RIDER/JannyAI/JannyAI/bin/Debug/net9.0/temp_downloads/MHA RPG.card.png to /Users/txcslm/~RIDER/JannyAI/JannyAI/bin/Debug/net9.0/jannyai_characters/eaf7fb1b-6d16-469e-a9c9-f88754dad28a.png
[2025-07-14 11:02:30] File successfully saved for eaf7fb1b-6d16-469e-a9c9-f88754dad28a, size: 232145 bytes
[2025-07-14 11:02:31] Returned to list page after downloading eaf7fb1b-6d16-469e-a9c9-f88754dad28a
[2025-07-14 11:02:31] SUCCESS: Character eaf7fb1b-6d16-469e-a9c9-f88754dad28a downloaded successfully
[2025-07-14 11:02:31] Processing character 27/40: 39cfe7d2-68f4-44dc-8817-6ad4aa64559e, URL: https://jannyai.com/characters/39cfe7d2-68f4-44dc-8817-6ad4aa64559e_character-ethan-hawke
[2025-07-14 11:02:31] Download attempt 1/3 for character 39cfe7d2-68f4-44dc-8817-6ad4aa64559e
[2025-07-14 11:02:32] Navigated to character page: https://jannyai.com/characters/39cfe7d2-68f4-44dc-8817-6ad4aa64559e_character-ethan-hawke
[2025-07-14 11:02:32] Download button found for character 39cfe7d2-68f4-44dc-8817-6ad4aa64559e
[2025-07-14 11:02:32] Files before download: 0 for character 39cfe7d2-68f4-44dc-8817-6ad4aa64559e
[2025-07-14 11:02:32] Download button clicked for character 39cfe7d2-68f4-44dc-8817-6ad4aa64559e
[2025-07-14 11:02:32] Waiting for download file for character 39cfe7d2-68f4-44dc-8817-6ad4aa64559e, files before: 0
[2025-07-14 11:02:33] New file detected for 39cfe7d2-68f4-44dc-8817-6ad4aa64559e: /Users/txcslm/~RIDER/JannyAI/JannyAI/bin/Debug/net9.0/temp_downloads/Ethan Hawke.card.png, size: 498443 bytes
[2025-07-14 11:02:33] File download confirmed for 39cfe7d2-68f4-44dc-8817-6ad4aa64559e - stable size: 498443 bytes
[2025-07-14 11:02:33] Moving file from /Users/txcslm/~RIDER/JannyAI/JannyAI/bin/Debug/net9.0/temp_downloads/Ethan Hawke.card.png to /Users/txcslm/~RIDER/JannyAI/JannyAI/bin/Debug/net9.0/jannyai_characters/39cfe7d2-68f4-44dc-8817-6ad4aa64559e.png
[2025-07-14 11:02:33] File successfully saved for 39cfe7d2-68f4-44dc-8817-6ad4aa64559e, size: 498443 bytes
[2025-07-14 11:02:35] Returned to list page after downloading 39cfe7d2-68f4-44dc-8817-6ad4aa64559e
[2025-07-14 11:02:35] SUCCESS: Character 39cfe7d2-68f4-44dc-8817-6ad4aa64559e downloaded successfully
[2025-07-14 11:02:35] Processing character 28/40: 53482302-1e18-41c7-ada1-c6efbf723df4, URL: https://jannyai.com/characters/53482302-1e18-41c7-ada1-c6efbf723df4_character-predaking
[2025-07-14 11:02:35] Download attempt 1/3 for character 53482302-1e18-41c7-ada1-c6efbf723df4
[2025-07-14 11:02:36] Navigated to character page: https://jannyai.com/characters/53482302-1e18-41c7-ada1-c6efbf723df4_character-predaking
[2025-07-14 11:02:36] Download button found for character 53482302-1e18-41c7-ada1-c6efbf723df4
[2025-07-14 11:02:36] Files before download: 0 for character 53482302-1e18-41c7-ada1-c6efbf723df4
[2025-07-14 11:02:36] Download button clicked for character 53482302-1e18-41c7-ada1-c6efbf723df4
[2025-07-14 11:02:36] Waiting for download file for character 53482302-1e18-41c7-ada1-c6efbf723df4, files before: 0
[2025-07-14 11:02:36] New file detected for 53482302-1e18-41c7-ada1-c6efbf723df4: /Users/txcslm/~RIDER/JannyAI/JannyAI/bin/Debug/net9.0/temp_downloads/Predaking.card.png, size: 422010 bytes
[2025-07-14 11:02:37] File download confirmed for 53482302-1e18-41c7-ada1-c6efbf723df4 - stable size: 422010 bytes
[2025-07-14 11:02:37] Moving file from /Users/txcslm/~RIDER/JannyAI/JannyAI/bin/Debug/net9.0/temp_downloads/Predaking.card.png to /Users/txcslm/~RIDER/JannyAI/JannyAI/bin/Debug/net9.0/jannyai_characters/53482302-1e18-41c7-ada1-c6efbf723df4.png
[2025-07-14 11:02:37] File successfully saved for 53482302-1e18-41c7-ada1-c6efbf723df4, size: 422010 bytes
[2025-07-14 11:02:38] Returned to list page after downloading 53482302-1e18-41c7-ada1-c6efbf723df4
[2025-07-14 11:02:38] SUCCESS: Character 53482302-1e18-41c7-ada1-c6efbf723df4 downloaded successfully
[2025-07-14 11:02:38] Processing character 29/40: 776c5c40-bd16-4126-b945-8ba747a2f83b, URL: https://jannyai.com/characters/776c5c40-bd16-4126-b945-8ba747a2f83b_character-kyle-broflovski
[2025-07-14 11:02:38] Download attempt 1/3 for character 776c5c40-bd16-4126-b945-8ba747a2f83b
[2025-07-14 11:02:39] Navigated to character page: https://jannyai.com/characters/776c5c40-bd16-4126-b945-8ba747a2f83b_character-kyle-broflovski
[2025-07-14 11:02:40] Download button found for character 776c5c40-bd16-4126-b945-8ba747a2f83b
[2025-07-14 11:02:40] Files before download: 0 for character 776c5c40-bd16-4126-b945-8ba747a2f83b
[2025-07-14 11:02:40] Download button clicked for character 776c5c40-bd16-4126-b945-8ba747a2f83b
[2025-07-14 11:02:40] Waiting for download file for character 776c5c40-bd16-4126-b945-8ba747a2f83b, files before: 0
[2025-07-14 11:02:40] New file detected for 776c5c40-bd16-4126-b945-8ba747a2f83b: /Users/txcslm/~RIDER/JannyAI/JannyAI/bin/Debug/net9.0/temp_downloads/Kyle Broflovski.card.png, size: 918415 bytes
[2025-07-14 11:02:40] File download confirmed for 776c5c40-bd16-4126-b945-8ba747a2f83b - stable size: 918415 bytes
[2025-07-14 11:02:40] Moving file from /Users/txcslm/~RIDER/JannyAI/JannyAI/bin/Debug/net9.0/temp_downloads/Kyle Broflovski.card.png to /Users/txcslm/~RIDER/JannyAI/JannyAI/bin/Debug/net9.0/jannyai_characters/776c5c40-bd16-4126-b945-8ba747a2f83b.png
[2025-07-14 11:02:40] File successfully saved for 776c5c40-bd16-4126-b945-8ba747a2f83b, size: 918415 bytes
[2025-07-14 11:02:42] Returned to list page after downloading 776c5c40-bd16-4126-b945-8ba747a2f83b
[2025-07-14 11:02:42] SUCCESS: Character 776c5c40-bd16-4126-b945-8ba747a2f83b downloaded successfully
[2025-07-14 11:02:42] Processing character 30/40: 2026218a-7f7e-4d4c-a511-5d1ccdc3abc6, URL: https://jannyai.com/characters/2026218a-7f7e-4d4c-a511-5d1ccdc3abc6_character-hero
[2025-07-14 11:02:42] Download attempt 1/3 for character 2026218a-7f7e-4d4c-a511-5d1ccdc3abc6
[2025-07-14 11:02:43] Navigated to character page: https://jannyai.com/characters/2026218a-7f7e-4d4c-a511-5d1ccdc3abc6_character-hero
[2025-07-14 11:02:43] Download button found for character 2026218a-7f7e-4d4c-a511-5d1ccdc3abc6
[2025-07-14 11:02:43] Files before download: 0 for character 2026218a-7f7e-4d4c-a511-5d1ccdc3abc6
[2025-07-14 11:02:43] Download button clicked for character 2026218a-7f7e-4d4c-a511-5d1ccdc3abc6
[2025-07-14 11:02:43] Waiting for download file for character 2026218a-7f7e-4d4c-a511-5d1ccdc3abc6, files before: 0
[2025-07-14 11:02:44] New file detected for 2026218a-7f7e-4d4c-a511-5d1ccdc3abc6: /Users/txcslm/~RIDER/JannyAI/JannyAI/bin/Debug/net9.0/temp_downloads/Hero.card.png, size: 700372 bytes
[2025-07-14 11:02:44] File download confirmed for 2026218a-7f7e-4d4c-a511-5d1ccdc3abc6 - stable size: 700372 bytes
[2025-07-14 11:02:44] Moving file from /Users/txcslm/~RIDER/JannyAI/JannyAI/bin/Debug/net9.0/temp_downloads/Hero.card.png to /Users/txcslm/~RIDER/JannyAI/JannyAI/bin/Debug/net9.0/jannyai_characters/2026218a-7f7e-4d4c-a511-5d1ccdc3abc6.png
[2025-07-14 11:02:44] File successfully saved for 2026218a-7f7e-4d4c-a511-5d1ccdc3abc6, size: 700372 bytes
[2025-07-14 11:02:46] Returned to list page after downloading 2026218a-7f7e-4d4c-a511-5d1ccdc3abc6
[2025-07-14 11:02:46] SUCCESS: Character 2026218a-7f7e-4d4c-a511-5d1ccdc3abc6 downloaded successfully
[2025-07-14 11:02:46] Processing character 31/40: dea90e4d-fbd3-4b4d-8007-ee1661603a00, URL: https://jannyai.com/characters/dea90e4d-fbd3-4b4d-8007-ee1661603a00_character-nova-the-goat-milf
[2025-07-14 11:02:46] Download attempt 1/3 for character dea90e4d-fbd3-4b4d-8007-ee1661603a00
[2025-07-14 11:02:47] Navigated to character page: https://jannyai.com/characters/dea90e4d-fbd3-4b4d-8007-ee1661603a00_character-nova-the-goat-milf
[2025-07-14 11:02:47] Download button found for character dea90e4d-fbd3-4b4d-8007-ee1661603a00
[2025-07-14 11:02:47] Files before download: 0 for character dea90e4d-fbd3-4b4d-8007-ee1661603a00
[2025-07-14 11:02:48] Download button clicked for character dea90e4d-fbd3-4b4d-8007-ee1661603a00
[2025-07-14 11:02:48] Waiting for download file for character dea90e4d-fbd3-4b4d-8007-ee1661603a00, files before: 0
[2025-07-14 11:02:48] New file detected for dea90e4d-fbd3-4b4d-8007-ee1661603a00: /Users/txcslm/~RIDER/JannyAI/JannyAI/bin/Debug/net9.0/temp_downloads/Nova the Goat Milf.card.png, size: 716137 bytes
[2025-07-14 11:02:48] File download confirmed for dea90e4d-fbd3-4b4d-8007-ee1661603a00 - stable size: 716137 bytes
[2025-07-14 11:02:48] Moving file from /Users/txcslm/~RIDER/JannyAI/JannyAI/bin/Debug/net9.0/temp_downloads/Nova the Goat Milf.card.png to /Users/txcslm/~RIDER/JannyAI/JannyAI/bin/Debug/net9.0/jannyai_characters/dea90e4d-fbd3-4b4d-8007-ee1661603a00.png
[2025-07-14 11:02:48] File successfully saved for dea90e4d-fbd3-4b4d-8007-ee1661603a00, size: 716137 bytes
[2025-07-14 11:02:50] Returned to list page after downloading dea90e4d-fbd3-4b4d-8007-ee1661603a00
[2025-07-14 11:02:50] SUCCESS: Character dea90e4d-fbd3-4b4d-8007-ee1661603a00 downloaded successfully
[2025-07-14 11:02:50] Processing character 32/40: 19bf2512-0995-4c6a-832b-c2216cb59d26, URL: https://jannyai.com/characters/19bf2512-0995-4c6a-832b-c2216cb59d26_character-scott-tenorman
[2025-07-14 11:02:50] Download attempt 1/3 for character 19bf2512-0995-4c6a-832b-c2216cb59d26
[2025-07-14 11:02:51] Navigated to character page: https://jannyai.com/characters/19bf2512-0995-4c6a-832b-c2216cb59d26_character-scott-tenorman
[2025-07-14 11:02:51] Download button found for character 19bf2512-0995-4c6a-832b-c2216cb59d26
[2025-07-14 11:02:51] Files before download: 0 for character 19bf2512-0995-4c6a-832b-c2216cb59d26
[2025-07-14 11:02:51] Download button clicked for character 19bf2512-0995-4c6a-832b-c2216cb59d26
[2025-07-14 11:02:51] Waiting for download file for character 19bf2512-0995-4c6a-832b-c2216cb59d26, files before: 0
[2025-07-14 11:02:52] New file detected for 19bf2512-0995-4c6a-832b-c2216cb59d26: /Users/txcslm/~RIDER/JannyAI/JannyAI/bin/Debug/net9.0/temp_downloads/Scott Tenorman.card.png, size: 565955 bytes
[2025-07-14 11:02:52] File download confirmed for 19bf2512-0995-4c6a-832b-c2216cb59d26 - stable size: 565955 bytes
[2025-07-14 11:02:52] Moving file from /Users/txcslm/~RIDER/JannyAI/JannyAI/bin/Debug/net9.0/temp_downloads/Scott Tenorman.card.png to /Users/txcslm/~RIDER/JannyAI/JannyAI/bin/Debug/net9.0/jannyai_characters/19bf2512-0995-4c6a-832b-c2216cb59d26.png
[2025-07-14 11:02:52] File successfully saved for 19bf2512-0995-4c6a-832b-c2216cb59d26, size: 565955 bytes
[2025-07-14 11:02:54] Returned to list page after downloading 19bf2512-0995-4c6a-832b-c2216cb59d26
[2025-07-14 11:02:54] SUCCESS: Character 19bf2512-0995-4c6a-832b-c2216cb59d26 downloaded successfully
[2025-07-14 11:02:54] Processing character 33/40: 5c18940f-c163-4238-a1ae-24c2bec3ec23, URL: https://jannyai.com/characters/5c18940f-c163-4238-a1ae-24c2bec3ec23_character-lucien
[2025-07-14 11:02:54] Download attempt 1/3 for character 5c18940f-c163-4238-a1ae-24c2bec3ec23
[2025-07-14 11:02:55] Navigated to character page: https://jannyai.com/characters/5c18940f-c163-4238-a1ae-24c2bec3ec23_character-lucien
[2025-07-14 11:02:55] Download button found for character 5c18940f-c163-4238-a1ae-24c2bec3ec23
[2025-07-14 11:02:55] Files before download: 0 for character 5c18940f-c163-4238-a1ae-24c2bec3ec23
[2025-07-14 11:02:55] Download button clicked for character 5c18940f-c163-4238-a1ae-24c2bec3ec23
[2025-07-14 11:02:55] Waiting for download file for character 5c18940f-c163-4238-a1ae-24c2bec3ec23, files before: 0
[2025-07-14 11:02:56] Download timeout for character 5c18940f-c163-4238-a1ae-24c2bec3ec23 after 800ms
[2025-07-14 11:02:56] WARNING: Файл не скачался для персонажа 5c18940f-c163-4238-a1ae-24c2bec3ec23 (попытка 1)
[2025-07-14 11:02:58] Download attempt 2/3 for character 5c18940f-c163-4238-a1ae-24c2bec3ec23
[2025-07-14 11:02:59] Navigated to character page: https://jannyai.com/characters/5c18940f-c163-4238-a1ae-24c2bec3ec23_character-lucien
[2025-07-14 11:02:59] Download button found for character 5c18940f-c163-4238-a1ae-24c2bec3ec23
[2025-07-14 11:02:59] Files before download: 0 for character 5c18940f-c163-4238-a1ae-24c2bec3ec23
[2025-07-14 11:02:59] Download button clicked for character 5c18940f-c163-4238-a1ae-24c2bec3ec23
[2025-07-14 11:02:59] Waiting for download file for character 5c18940f-c163-4238-a1ae-24c2bec3ec23, files before: 0
[2025-07-14 11:03:00] Download timeout for character 5c18940f-c163-4238-a1ae-24c2bec3ec23 after 800ms
[2025-07-14 11:03:00] WARNING: Файл не скачался для персонажа 5c18940f-c163-4238-a1ae-24c2bec3ec23 (попытка 2)
[2025-07-14 11:03:01] Download attempt 3/3 for character 5c18940f-c163-4238-a1ae-24c2bec3ec23
[2025-07-14 11:03:02] Navigated to character page: https://jannyai.com/characters/5c18940f-c163-4238-a1ae-24c2bec3ec23_character-lucien
[2025-07-14 11:03:03] Download button found for character 5c18940f-c163-4238-a1ae-24c2bec3ec23
[2025-07-14 11:03:03] Files before download: 0 for character 5c18940f-c163-4238-a1ae-24c2bec3ec23
[2025-07-14 11:03:03] Download button clicked for character 5c18940f-c163-4238-a1ae-24c2bec3ec23
[2025-07-14 11:03:03] Waiting for download file for character 5c18940f-c163-4238-a1ae-24c2bec3ec23, files before: 0
[2025-07-14 11:03:04] Download timeout for character 5c18940f-c163-4238-a1ae-24c2bec3ec23 after 800ms
[2025-07-14 11:03:04] WARNING: Файл не скачался для персонажа 5c18940f-c163-4238-a1ae-24c2bec3ec23 (попытка 3)
[2025-07-14 11:03:05] FAILED: Could not download character 5c18940f-c163-4238-a1ae-24c2bec3ec23
[2025-07-14 11:03:05] Processing character 34/40: 9eb0adc5-d0d9-49b8-8e81-5b2a8495e8a3, URL: https://jannyai.com/characters/9eb0adc5-d0d9-49b8-8e81-5b2a8495e8a3_character-miguel-ohara
[2025-07-14 11:03:05] Download attempt 1/3 for character 9eb0adc5-d0d9-49b8-8e81-5b2a8495e8a3
[2025-07-14 11:03:06] Navigated to character page: https://jannyai.com/characters/9eb0adc5-d0d9-49b8-8e81-5b2a8495e8a3_character-miguel-ohara
[2025-07-14 11:03:06] Download button found for character 9eb0adc5-d0d9-49b8-8e81-5b2a8495e8a3
[2025-07-14 11:03:06] Files before download: 0 for character 9eb0adc5-d0d9-49b8-8e81-5b2a8495e8a3
[2025-07-14 11:03:06] Download button clicked for character 9eb0adc5-d0d9-49b8-8e81-5b2a8495e8a3
[2025-07-14 11:03:06] Waiting for download file for character 9eb0adc5-d0d9-49b8-8e81-5b2a8495e8a3, files before: 0
[2025-07-14 11:03:07] Download timeout for character 9eb0adc5-d0d9-49b8-8e81-5b2a8495e8a3 after 800ms
[2025-07-14 11:03:07] WARNING: Файл не скачался для персонажа 9eb0adc5-d0d9-49b8-8e81-5b2a8495e8a3 (попытка 1)
[2025-07-14 11:03:09] Download attempt 2/3 for character 9eb0adc5-d0d9-49b8-8e81-5b2a8495e8a3
[2025-07-14 11:03:10] Navigated to character page: https://jannyai.com/characters/9eb0adc5-d0d9-49b8-8e81-5b2a8495e8a3_character-miguel-ohara
[2025-07-14 11:03:11] Download button found for character 9eb0adc5-d0d9-49b8-8e81-5b2a8495e8a3
[2025-07-14 11:03:11] Files before download: 0 for character 9eb0adc5-d0d9-49b8-8e81-5b2a8495e8a3
[2025-07-14 11:03:11] Download button clicked for character 9eb0adc5-d0d9-49b8-8e81-5b2a8495e8a3
[2025-07-14 11:03:11] Waiting for download file for character 9eb0adc5-d0d9-49b8-8e81-5b2a8495e8a3, files before: 0
[2025-07-14 11:03:11] Download timeout for character 9eb0adc5-d0d9-49b8-8e81-5b2a8495e8a3 after 800ms
[2025-07-14 11:03:11] WARNING: Файл не скачался для персонажа 9eb0adc5-d0d9-49b8-8e81-5b2a8495e8a3 (попытка 2)
[2025-07-14 11:03:13] Download attempt 3/3 for character 9eb0adc5-d0d9-49b8-8e81-5b2a8495e8a3
[2025-07-14 11:03:14] Navigated to character page: https://jannyai.com/characters/9eb0adc5-d0d9-49b8-8e81-5b2a8495e8a3_character-miguel-ohara
[2025-07-14 11:03:14] Download button found for character 9eb0adc5-d0d9-49b8-8e81-5b2a8495e8a3
[2025-07-14 11:03:14] Files before download: 0 for character 9eb0adc5-d0d9-49b8-8e81-5b2a8495e8a3
[2025-07-14 11:03:14] Download button clicked for character 9eb0adc5-d0d9-49b8-8e81-5b2a8495e8a3
[2025-07-14 11:03:14] Waiting for download file for character 9eb0adc5-d0d9-49b8-8e81-5b2a8495e8a3, files before: 0
[2025-07-14 11:03:15] New file detected for 9eb0adc5-d0d9-49b8-8e81-5b2a8495e8a3: /Users/txcslm/~RIDER/JannyAI/JannyAI/bin/Debug/net9.0/temp_downloads/Miguel O'hara.card.png, size: 1041024 bytes
[2025-07-14 11:03:15] File download confirmed for 9eb0adc5-d0d9-49b8-8e81-5b2a8495e8a3 - stable size: 1041024 bytes
[2025-07-14 11:03:15] Moving file from /Users/txcslm/~RIDER/JannyAI/JannyAI/bin/Debug/net9.0/temp_downloads/Miguel O'hara.card.png to /Users/txcslm/~RIDER/JannyAI/JannyAI/bin/Debug/net9.0/jannyai_characters/9eb0adc5-d0d9-49b8-8e81-5b2a8495e8a3.png
[2025-07-14 11:03:15] File successfully saved for 9eb0adc5-d0d9-49b8-8e81-5b2a8495e8a3, size: 1041024 bytes
[2025-07-14 11:03:16] Returned to list page after downloading 9eb0adc5-d0d9-49b8-8e81-5b2a8495e8a3
[2025-07-14 11:03:16] SUCCESS: Character 9eb0adc5-d0d9-49b8-8e81-5b2a8495e8a3 downloaded successfully
[2025-07-14 11:03:17] Processing character 35/40: 7f8f0d4b-9405-4146-93e3-d43a2390e3e1, URL: https://jannyai.com/characters/7f8f0d4b-9405-4146-93e3-d43a2390e3e1_character-ei-your-roomate
[2025-07-14 11:03:17] Download attempt 1/3 for character 7f8f0d4b-9405-4146-93e3-d43a2390e3e1
[2025-07-14 11:03:18] Navigated to character page: https://jannyai.com/characters/7f8f0d4b-9405-4146-93e3-d43a2390e3e1_character-ei-your-roomate
[2025-07-14 11:03:18] Download button found for character 7f8f0d4b-9405-4146-93e3-d43a2390e3e1
[2025-07-14 11:03:18] Files before download: 0 for character 7f8f0d4b-9405-4146-93e3-d43a2390e3e1
[2025-07-14 11:03:18] Download button clicked for character 7f8f0d4b-9405-4146-93e3-d43a2390e3e1
[2025-07-14 11:03:18] Waiting for download file for character 7f8f0d4b-9405-4146-93e3-d43a2390e3e1, files before: 0
[2025-07-14 11:03:18] New file detected for 7f8f0d4b-9405-4146-93e3-d43a2390e3e1: /Users/txcslm/~RIDER/JannyAI/JannyAI/bin/Debug/net9.0/temp_downloads/Ei your roomate .card.png, size: 463635 bytes
[2025-07-14 11:03:19] File download confirmed for 7f8f0d4b-9405-4146-93e3-d43a2390e3e1 - stable size: 463635 bytes
[2025-07-14 11:03:19] Moving file from /Users/txcslm/~RIDER/JannyAI/JannyAI/bin/Debug/net9.0/temp_downloads/Ei your roomate .card.png to /Users/txcslm/~RIDER/JannyAI/JannyAI/bin/Debug/net9.0/jannyai_characters/7f8f0d4b-9405-4146-93e3-d43a2390e3e1.png
[2025-07-14 11:03:19] File successfully saved for 7f8f0d4b-9405-4146-93e3-d43a2390e3e1, size: 463635 bytes
[2025-07-14 11:03:20] Returned to list page after downloading 7f8f0d4b-9405-4146-93e3-d43a2390e3e1
[2025-07-14 11:03:20] SUCCESS: Character 7f8f0d4b-9405-4146-93e3-d43a2390e3e1 downloaded successfully
[2025-07-14 11:03:20] Processing character 36/40: b4d215f0-0cf8-42d0-8afa-cc3dac1ab9f5, URL: https://jannyai.com/characters/b4d215f0-0cf8-42d0-8afa-cc3dac1ab9f5_character-fred-weasley
[2025-07-14 11:03:20] Download attempt 1/3 for character b4d215f0-0cf8-42d0-8afa-cc3dac1ab9f5
[2025-07-14 11:03:21] Navigated to character page: https://jannyai.com/characters/b4d215f0-0cf8-42d0-8afa-cc3dac1ab9f5_character-fred-weasley
[2025-07-14 11:03:22] Download button found for character b4d215f0-0cf8-42d0-8afa-cc3dac1ab9f5
[2025-07-14 11:03:22] Files before download: 0 for character b4d215f0-0cf8-42d0-8afa-cc3dac1ab9f5
[2025-07-14 11:03:22] Download button clicked for character b4d215f0-0cf8-42d0-8afa-cc3dac1ab9f5
[2025-07-14 11:03:22] Waiting for download file for character b4d215f0-0cf8-42d0-8afa-cc3dac1ab9f5, files before: 0
[2025-07-14 11:03:22] New file detected for b4d215f0-0cf8-42d0-8afa-cc3dac1ab9f5: /Users/txcslm/~RIDER/JannyAI/JannyAI/bin/Debug/net9.0/temp_downloads/Fred Weasley.card.png, size: 589201 bytes
[2025-07-14 11:03:22] File download confirmed for b4d215f0-0cf8-42d0-8afa-cc3dac1ab9f5 - stable size: 589201 bytes
[2025-07-14 11:03:22] Moving file from /Users/txcslm/~RIDER/JannyAI/JannyAI/bin/Debug/net9.0/temp_downloads/Fred Weasley.card.png to /Users/txcslm/~RIDER/JannyAI/JannyAI/bin/Debug/net9.0/jannyai_characters/b4d215f0-0cf8-42d0-8afa-cc3dac1ab9f5.png
[2025-07-14 11:03:22] File successfully saved for b4d215f0-0cf8-42d0-8afa-cc3dac1ab9f5, size: 589201 bytes
[2025-07-14 11:03:23] Returned to list page after downloading b4d215f0-0cf8-42d0-8afa-cc3dac1ab9f5
[2025-07-14 11:03:23] SUCCESS: Character b4d215f0-0cf8-42d0-8afa-cc3dac1ab9f5 downloaded successfully
[2025-07-14 11:03:24] Processing character 37/40: cfaeb884-56d2-41fd-ba8e-38e22c9f4375, URL: https://jannyai.com/characters/cfaeb884-56d2-41fd-ba8e-38e22c9f4375_character-alex
[2025-07-14 11:03:24] Download attempt 1/3 for character cfaeb884-56d2-41fd-ba8e-38e22c9f4375
[2025-07-14 11:03:25] Navigated to character page: https://jannyai.com/characters/cfaeb884-56d2-41fd-ba8e-38e22c9f4375_character-alex
[2025-07-14 11:03:25] Download button found for character cfaeb884-56d2-41fd-ba8e-38e22c9f4375
[2025-07-14 11:03:25] Files before download: 0 for character cfaeb884-56d2-41fd-ba8e-38e22c9f4375
[2025-07-14 11:03:25] Download button clicked for character cfaeb884-56d2-41fd-ba8e-38e22c9f4375
[2025-07-14 11:03:25] Waiting for download file for character cfaeb884-56d2-41fd-ba8e-38e22c9f4375, files before: 0
[2025-07-14 11:03:26] New file detected for cfaeb884-56d2-41fd-ba8e-38e22c9f4375: /Users/txcslm/~RIDER/JannyAI/JannyAI/bin/Debug/net9.0/temp_downloads/Alex.card.png, size: 179595 bytes
[2025-07-14 11:03:26] File download confirmed for cfaeb884-56d2-41fd-ba8e-38e22c9f4375 - stable size: 179595 bytes
[2025-07-14 11:03:26] Moving file from /Users/txcslm/~RIDER/JannyAI/JannyAI/bin/Debug/net9.0/temp_downloads/Alex.card.png to /Users/txcslm/~RIDER/JannyAI/JannyAI/bin/Debug/net9.0/jannyai_characters/cfaeb884-56d2-41fd-ba8e-38e22c9f4375.png
[2025-07-14 11:03:26] File successfully saved for cfaeb884-56d2-41fd-ba8e-38e22c9f4375, size: 179595 bytes
[2025-07-14 11:03:27] Returned to list page after downloading cfaeb884-56d2-41fd-ba8e-38e22c9f4375
[2025-07-14 11:03:27] SUCCESS: Character cfaeb884-56d2-41fd-ba8e-38e22c9f4375 downloaded successfully
[2025-07-14 11:03:28] Processing character 38/40: 0f2c57d5-3db2-4185-b772-4e2d6bcb840b, URL: https://jannyai.com/characters/0f2c57d5-3db2-4185-b772-4e2d6bcb840b_character-scp-2747-lady-thorn
[2025-07-14 11:03:28] Download attempt 1/3 for character 0f2c57d5-3db2-4185-b772-4e2d6bcb840b
[2025-07-14 11:03:29] Navigated to character page: https://jannyai.com/characters/0f2c57d5-3db2-4185-b772-4e2d6bcb840b_character-scp-2747-lady-thorn
[2025-07-14 11:03:29] Download button found for character 0f2c57d5-3db2-4185-b772-4e2d6bcb840b
[2025-07-14 11:03:29] Files before download: 0 for character 0f2c57d5-3db2-4185-b772-4e2d6bcb840b
[2025-07-14 11:03:29] Download button clicked for character 0f2c57d5-3db2-4185-b772-4e2d6bcb840b
[2025-07-14 11:03:29] Waiting for download file for character 0f2c57d5-3db2-4185-b772-4e2d6bcb840b, files before: 0
[2025-07-14 11:03:29] New file detected for 0f2c57d5-3db2-4185-b772-4e2d6bcb840b: /Users/txcslm/~RIDER/JannyAI/JannyAI/bin/Debug/net9.0/temp_downloads/SCP 2747 Lady Thorn .card.png, size: 568894 bytes
[2025-07-14 11:03:30] File download confirmed for 0f2c57d5-3db2-4185-b772-4e2d6bcb840b - stable size: 568894 bytes
[2025-07-14 11:03:30] Moving file from /Users/txcslm/~RIDER/JannyAI/JannyAI/bin/Debug/net9.0/temp_downloads/SCP 2747 Lady Thorn .card.png to /Users/txcslm/~RIDER/JannyAI/JannyAI/bin/Debug/net9.0/jannyai_characters/0f2c57d5-3db2-4185-b772-4e2d6bcb840b.png
[2025-07-14 11:03:30] File successfully saved for 0f2c57d5-3db2-4185-b772-4e2d6bcb840b, size: 568894 bytes
[2025-07-14 11:03:31] Returned to list page after downloading 0f2c57d5-3db2-4185-b772-4e2d6bcb840b
[2025-07-14 11:03:31] SUCCESS: Character 0f2c57d5-3db2-4185-b772-4e2d6bcb840b downloaded successfully
[2025-07-14 11:03:31] Processing character 39/40: ebe68334-67ed-4138-8b1f-09ba43ec3e7b, URL: https://jannyai.com/characters/ebe68334-67ed-4138-8b1f-09ba43ec3e7b_character-steve-vai
[2025-07-14 11:03:31] Download attempt 1/3 for character ebe68334-67ed-4138-8b1f-09ba43ec3e7b
[2025-07-14 11:03:33] Navigated to character page: https://jannyai.com/characters/ebe68334-67ed-4138-8b1f-09ba43ec3e7b_character-steve-vai
[2025-07-14 11:03:33] Download button found for character ebe68334-67ed-4138-8b1f-09ba43ec3e7b
[2025-07-14 11:03:33] Files before download: 0 for character ebe68334-67ed-4138-8b1f-09ba43ec3e7b
[2025-07-14 11:03:33] Download button clicked for character ebe68334-67ed-4138-8b1f-09ba43ec3e7b
[2025-07-14 11:03:33] Waiting for download file for character ebe68334-67ed-4138-8b1f-09ba43ec3e7b, files before: 0
[2025-07-14 11:03:33] New file detected for ebe68334-67ed-4138-8b1f-09ba43ec3e7b: /Users/txcslm/~RIDER/JannyAI/JannyAI/bin/Debug/net9.0/temp_downloads/Steve vai.card.png, size: 1430883 bytes
[2025-07-14 11:03:33] File download confirmed for ebe68334-67ed-4138-8b1f-09ba43ec3e7b - stable size: 1430883 bytes
[2025-07-14 11:03:33] Moving file from /Users/txcslm/~RIDER/JannyAI/JannyAI/bin/Debug/net9.0/temp_downloads/Steve vai.card.png to /Users/txcslm/~RIDER/JannyAI/JannyAI/bin/Debug/net9.0/jannyai_characters/ebe68334-67ed-4138-8b1f-09ba43ec3e7b.png
[2025-07-14 11:03:33] File successfully saved for ebe68334-67ed-4138-8b1f-09ba43ec3e7b, size: 1430883 bytes
[2025-07-14 11:03:35] Returned to list page after downloading ebe68334-67ed-4138-8b1f-09ba43ec3e7b
[2025-07-14 11:03:35] SUCCESS: Character ebe68334-67ed-4138-8b1f-09ba43ec3e7b downloaded successfully
[2025-07-14 11:03:35] Processing character 40/40: 00f8ea41-e2e0-46f8-b001-3a9890ddbe8f, URL: https://jannyai.com/characters/00f8ea41-e2e0-46f8-b001-3a9890ddbe8f_character-scaramouche
[2025-07-14 11:03:35] Download attempt 1/3 for character 00f8ea41-e2e0-46f8-b001-3a9890ddbe8f
[2025-07-14 11:03:36] Navigated to character page: https://jannyai.com/characters/00f8ea41-e2e0-46f8-b001-3a9890ddbe8f_character-scaramouche
[2025-07-14 11:03:36] Download button found for character 00f8ea41-e2e0-46f8-b001-3a9890ddbe8f
[2025-07-14 11:03:36] Files before download: 0 for character 00f8ea41-e2e0-46f8-b001-3a9890ddbe8f
[2025-07-14 11:03:36] Download button clicked for character 00f8ea41-e2e0-46f8-b001-3a9890ddbe8f
[2025-07-14 11:03:36] Waiting for download file for character 00f8ea41-e2e0-46f8-b001-3a9890ddbe8f, files before: 0
[2025-07-14 11:03:37] New file detected for 00f8ea41-e2e0-46f8-b001-3a9890ddbe8f: /Users/txcslm/~RIDER/JannyAI/JannyAI/bin/Debug/net9.0/temp_downloads/Scaramouche .card.png, size: 524736 bytes
[2025-07-14 11:03:37] File download confirmed for 00f8ea41-e2e0-46f8-b001-3a9890ddbe8f - stable size: 524736 bytes
[2025-07-14 11:03:37] Moving file from /Users/txcslm/~RIDER/JannyAI/JannyAI/bin/Debug/net9.0/temp_downloads/Scaramouche .card.png to /Users/txcslm/~RIDER/JannyAI/JannyAI/bin/Debug/net9.0/jannyai_characters/00f8ea41-e2e0-46f8-b001-3a9890ddbe8f.png
[2025-07-14 11:03:37] File successfully saved for 00f8ea41-e2e0-46f8-b001-3a9890ddbe8f, size: 524736 bytes
[2025-07-14 11:03:39] Returned to list page after downloading 00f8ea41-e2e0-46f8-b001-3a9890ddbe8f
[2025-07-14 11:03:39] SUCCESS: Character 00f8ea41-e2e0-46f8-b001-3a9890ddbe8f downloaded successfully
[2025-07-14 11:03:39] Завершена обработка страницы 21691, обработано персонажей: 32
[2025-07-14 11:03:39] Страница 21691 завершена - обработано: 32, всего: 72
[2025-07-14 11:03:39] Attempting to go to previous page from 21691
[2025-07-14 11:03:39] Navigating to previous page: 21690
[2025-07-14 11:03:50] Successfully navigated to page 21690
[2025-07-14 11:03:51] Начало обработки страницы 21690
[2025-07-14 11:03:51] Грид персонажей загружен на странице 21690
[2025-07-14 11:03:51] Сохранен URL страницы для возврата: https://jannyai.com/?page=21690
[2025-07-14 11:03:51] Processing character 1/40: e5a659b4-e00e-479b-8208-ebca3c9ff980, URL: https://jannyai.com/characters/e5a659b4-e00e-479b-8208-ebca3c9ff980_character-aemond-targaryen
[2025-07-14 11:03:51] Download attempt 1/3 for character e5a659b4-e00e-479b-8208-ebca3c9ff980
[2025-07-14 11:03:52] Navigated to character page: https://jannyai.com/characters/e5a659b4-e00e-479b-8208-ebca3c9ff980_character-aemond-targaryen
[2025-07-14 11:03:52] Download button found for character e5a659b4-e00e-479b-8208-ebca3c9ff980
[2025-07-14 11:03:52] Files before download: 0 for character e5a659b4-e00e-479b-8208-ebca3c9ff980
[2025-07-14 11:03:52] Download button clicked for character e5a659b4-e00e-479b-8208-ebca3c9ff980
[2025-07-14 11:03:52] Waiting for download file for character e5a659b4-e00e-479b-8208-ebca3c9ff980, files before: 0
[2025-07-14 11:03:53] Download timeout for character e5a659b4-e00e-479b-8208-ebca3c9ff980 after 800ms
[2025-07-14 11:03:53] WARNING: Файл не скачался для персонажа e5a659b4-e00e-479b-8208-ebca3c9ff980 (попытка 1)
[2025-07-14 11:03:54] Download attempt 2/3 for character e5a659b4-e00e-479b-8208-ebca3c9ff980
[2025-07-14 11:03:56] Navigated to character page: https://jannyai.com/characters/e5a659b4-e00e-479b-8208-ebca3c9ff980_character-aemond-targaryen
[2025-07-14 11:03:56] Download button found for character e5a659b4-e00e-479b-8208-ebca3c9ff980
[2025-07-14 11:03:56] Files before download: 0 for character e5a659b4-e00e-479b-8208-ebca3c9ff980
[2025-07-14 11:03:56] Download button clicked for character e5a659b4-e00e-479b-8208-ebca3c9ff980
[2025-07-14 11:03:56] Waiting for download file for character e5a659b4-e00e-479b-8208-ebca3c9ff980, files before: 0
[2025-07-14 11:03:57] Download timeout for character e5a659b4-e00e-479b-8208-ebca3c9ff980 after 800ms
[2025-07-14 11:03:57] WARNING: Файл не скачался для персонажа e5a659b4-e00e-479b-8208-ebca3c9ff980 (попытка 2)
[2025-07-14 11:03:58] Download attempt 3/3 for character e5a659b4-e00e-479b-8208-ebca3c9ff980
[2025-07-14 11:04:03] Navigated to character page: https://jannyai.com/characters/e5a659b4-e00e-479b-8208-ebca3c9ff980_character-aemond-targaryen
[2025-07-14 11:04:03] Download button found for character e5a659b4-e00e-479b-8208-ebca3c9ff980
[2025-07-14 11:04:03] Files before download: 0 for character e5a659b4-e00e-479b-8208-ebca3c9ff980
[2025-07-14 11:04:03] Download button clicked for character e5a659b4-e00e-479b-8208-ebca3c9ff980
[2025-07-14 11:04:03] Waiting for download file for character e5a659b4-e00e-479b-8208-ebca3c9ff980, files before: 0
[2025-07-14 11:04:04] Download timeout for character e5a659b4-e00e-479b-8208-ebca3c9ff980 after 800ms
[2025-07-14 11:04:04] WARNING: Файл не скачался для персонажа e5a659b4-e00e-479b-8208-ebca3c9ff980 (попытка 3)
[2025-07-14 11:04:05] FAILED: Could not download character e5a659b4-e00e-479b-8208-ebca3c9ff980
[2025-07-14 11:04:05] Processing character 2/40: 3bfc9eb8-afeb-4d41-9ca9-cb1600c6bb3a, URL: https://jannyai.com/characters/3bfc9eb8-afeb-4d41-9ca9-cb1600c6bb3a_character-edgar-valden
[2025-07-14 11:04:05] Download attempt 1/3 for character 3bfc9eb8-afeb-4d41-9ca9-cb1600c6bb3a
[2025-07-14 11:04:06] Navigated to character page: https://jannyai.com/characters/3bfc9eb8-afeb-4d41-9ca9-cb1600c6bb3a_character-edgar-valden
[2025-07-14 11:04:06] Download button found for character 3bfc9eb8-afeb-4d41-9ca9-cb1600c6bb3a
[2025-07-14 11:04:06] Files before download: 0 for character 3bfc9eb8-afeb-4d41-9ca9-cb1600c6bb3a
[2025-07-14 11:04:06] Download button clicked for character 3bfc9eb8-afeb-4d41-9ca9-cb1600c6bb3a
[2025-07-14 11:04:06] Waiting for download file for character 3bfc9eb8-afeb-4d41-9ca9-cb1600c6bb3a, files before: 0
[2025-07-14 11:04:07] New file detected for 3bfc9eb8-afeb-4d41-9ca9-cb1600c6bb3a: /Users/txcslm/~RIDER/JannyAI/JannyAI/bin/Debug/net9.0/temp_downloads/Edgar Valden.card.png, size: 614881 bytes
[2025-07-14 11:04:07] File download confirmed for 3bfc9eb8-afeb-4d41-9ca9-cb1600c6bb3a - stable size: 614881 bytes
[2025-07-14 11:04:07] Moving file from /Users/txcslm/~RIDER/JannyAI/JannyAI/bin/Debug/net9.0/temp_downloads/Edgar Valden.card.png to /Users/txcslm/~RIDER/JannyAI/JannyAI/bin/Debug/net9.0/jannyai_characters/3bfc9eb8-afeb-4d41-9ca9-cb1600c6bb3a.png
[2025-07-14 11:04:07] File successfully saved for 3bfc9eb8-afeb-4d41-9ca9-cb1600c6bb3a, size: 614881 bytes
[2025-07-14 11:04:09] Returned to list page after downloading 3bfc9eb8-afeb-4d41-9ca9-cb1600c6bb3a
[2025-07-14 11:04:09] SUCCESS: Character 3bfc9eb8-afeb-4d41-9ca9-cb1600c6bb3a downloaded successfully
[2025-07-14 11:04:09] Processing character 3/40: af583fc4-bd26-4c7e-952d-e3d3ee0ef695, URL: https://jannyai.com/characters/af583fc4-bd26-4c7e-952d-e3d3ee0ef695_character-hendrik-nowak
[2025-07-14 11:04:09] Download attempt 1/3 for character af583fc4-bd26-4c7e-952d-e3d3ee0ef695
[2025-07-14 11:04:10] Navigated to character page: https://jannyai.com/characters/af583fc4-bd26-4c7e-952d-e3d3ee0ef695_character-hendrik-nowak
[2025-07-14 11:04:10] Download button found for character af583fc4-bd26-4c7e-952d-e3d3ee0ef695
[2025-07-14 11:04:10] Files before download: 0 for character af583fc4-bd26-4c7e-952d-e3d3ee0ef695
[2025-07-14 11:04:10] Download button clicked for character af583fc4-bd26-4c7e-952d-e3d3ee0ef695
[2025-07-14 11:04:10] Waiting for download file for character af583fc4-bd26-4c7e-952d-e3d3ee0ef695, files before: 0
[2025-07-14 11:04:10] New file detected for af583fc4-bd26-4c7e-952d-e3d3ee0ef695: /Users/txcslm/~RIDER/JannyAI/JannyAI/bin/Debug/net9.0/temp_downloads/Hendrik Nowak.card.png, size: 534470 bytes
[2025-07-14 11:04:11] File download confirmed for af583fc4-bd26-4c7e-952d-e3d3ee0ef695 - stable size: 534470 bytes
[2025-07-14 11:04:11] Moving file from /Users/txcslm/~RIDER/JannyAI/JannyAI/bin/Debug/net9.0/temp_downloads/Hendrik Nowak.card.png to /Users/txcslm/~RIDER/JannyAI/JannyAI/bin/Debug/net9.0/jannyai_characters/af583fc4-bd26-4c7e-952d-e3d3ee0ef695.png
[2025-07-14 11:04:11] File successfully saved for af583fc4-bd26-4c7e-952d-e3d3ee0ef695, size: 534470 bytes
[2025-07-14 11:04:12] Returned to list page after downloading af583fc4-bd26-4c7e-952d-e3d3ee0ef695
[2025-07-14 11:04:12] SUCCESS: Character af583fc4-bd26-4c7e-952d-e3d3ee0ef695 downloaded successfully
[2025-07-14 11:04:12] Processing character 4/40: 7fda7329-ab2d-4db6-a4bc-994c3f3f2970, URL: https://jannyai.com/characters/7fda7329-ab2d-4db6-a4bc-994c3f3f2970_character-danheng
[2025-07-14 11:04:12] Download attempt 1/3 for character 7fda7329-ab2d-4db6-a4bc-994c3f3f2970
[2025-07-14 11:04:14] Navigated to character page: https://jannyai.com/characters/7fda7329-ab2d-4db6-a4bc-994c3f3f2970_character-danheng
[2025-07-14 11:04:14] Download button found for character 7fda7329-ab2d-4db6-a4bc-994c3f3f2970
[2025-07-14 11:04:14] Files before download: 0 for character 7fda7329-ab2d-4db6-a4bc-994c3f3f2970
[2025-07-14 11:04:14] Download button clicked for character 7fda7329-ab2d-4db6-a4bc-994c3f3f2970
[2025-07-14 11:04:14] Waiting for download file for character 7fda7329-ab2d-4db6-a4bc-994c3f3f2970, files before: 0
[2025-07-14 11:04:14] New file detected for 7fda7329-ab2d-4db6-a4bc-994c3f3f2970: /Users/txcslm/~RIDER/JannyAI/JannyAI/bin/Debug/net9.0/temp_downloads/Danheng .card.png, size: 1419717 bytes
[2025-07-14 11:04:14] File download confirmed for 7fda7329-ab2d-4db6-a4bc-994c3f3f2970 - stable size: 1419717 bytes
[2025-07-14 11:04:14] Moving file from /Users/txcslm/~RIDER/JannyAI/JannyAI/bin/Debug/net9.0/temp_downloads/Danheng .card.png to /Users/txcslm/~RIDER/JannyAI/JannyAI/bin/Debug/net9.0/jannyai_characters/7fda7329-ab2d-4db6-a4bc-994c3f3f2970.png
[2025-07-14 11:04:14] File successfully saved for 7fda7329-ab2d-4db6-a4bc-994c3f3f2970, size: 1419717 bytes
[2025-07-14 11:04:16] Returned to list page after downloading 7fda7329-ab2d-4db6-a4bc-994c3f3f2970
[2025-07-14 11:04:16] SUCCESS: Character 7fda7329-ab2d-4db6-a4bc-994c3f3f2970 downloaded successfully
[2025-07-14 11:04:16] Processing character 5/40: b0f8936e-c77b-46b2-a46f-482d6e1a8e46, URL: https://jannyai.com/characters/b0f8936e-c77b-46b2-a46f-482d6e1a8e46_character-damion-valence-solavin
[2025-07-14 11:04:16] Download attempt 1/3 for character b0f8936e-c77b-46b2-a46f-482d6e1a8e46
[2025-07-14 11:04:17] Navigated to character page: https://jannyai.com/characters/b0f8936e-c77b-46b2-a46f-482d6e1a8e46_character-damion-valence-solavin
[2025-07-14 11:04:17] Download button found for character b0f8936e-c77b-46b2-a46f-482d6e1a8e46
[2025-07-14 11:04:17] Files before download: 0 for character b0f8936e-c77b-46b2-a46f-482d6e1a8e46
[2025-07-14 11:04:17] Download button clicked for character b0f8936e-c77b-46b2-a46f-482d6e1a8e46
[2025-07-14 11:04:17] Waiting for download file for character b0f8936e-c77b-46b2-a46f-482d6e1a8e46, files before: 0
[2025-07-14 11:04:18] New file detected for b0f8936e-c77b-46b2-a46f-482d6e1a8e46: /Users/txcslm/~RIDER/JannyAI/JannyAI/bin/Debug/net9.0/temp_downloads/Damion Valence Solavin .card.png, size: 420414 bytes
[2025-07-14 11:04:18] File download confirmed for b0f8936e-c77b-46b2-a46f-482d6e1a8e46 - stable size: 420414 bytes
[2025-07-14 11:04:18] Moving file from /Users/txcslm/~RIDER/JannyAI/JannyAI/bin/Debug/net9.0/temp_downloads/Damion Valence Solavin .card.png to /Users/txcslm/~RIDER/JannyAI/JannyAI/bin/Debug/net9.0/jannyai_characters/b0f8936e-c77b-46b2-a46f-482d6e1a8e46.png
[2025-07-14 11:04:18] File successfully saved for b0f8936e-c77b-46b2-a46f-482d6e1a8e46, size: 420414 bytes
[2025-07-14 11:04:19] Returned to list page after downloading b0f8936e-c77b-46b2-a46f-482d6e1a8e46
[2025-07-14 11:04:19] SUCCESS: Character b0f8936e-c77b-46b2-a46f-482d6e1a8e46 downloaded successfully
[2025-07-14 11:04:20] Processing character 6/40: 314009b3-46a8-48be-bf38-1fc21118ffbb, URL: https://jannyai.com/characters/314009b3-46a8-48be-bf38-1fc21118ffbb_character-why-im-just-testing
[2025-07-14 11:04:20] Download attempt 1/3 for character 314009b3-46a8-48be-bf38-1fc21118ffbb
[2025-07-14 11:04:21] Navigated to character page: https://jannyai.com/characters/314009b3-46a8-48be-bf38-1fc21118ffbb_character-why-im-just-testing
[2025-07-14 11:04:21] Download button found for character 314009b3-46a8-48be-bf38-1fc21118ffbb
[2025-07-14 11:04:21] Files before download: 0 for character 314009b3-46a8-48be-bf38-1fc21118ffbb
[2025-07-14 11:04:21] Download button clicked for character 314009b3-46a8-48be-bf38-1fc21118ffbb
[2025-07-14 11:04:21] Waiting for download file for character 314009b3-46a8-48be-bf38-1fc21118ffbb, files before: 0
[2025-07-14 11:04:21] New file detected for 314009b3-46a8-48be-bf38-1fc21118ffbb: /Users/txcslm/~RIDER/JannyAI/JannyAI/bin/Debug/net9.0/temp_downloads/Why, I'm just testing.card.png, size: 80223 bytes
[2025-07-14 11:04:22] File download confirmed for 314009b3-46a8-48be-bf38-1fc21118ffbb - stable size: 80223 bytes
[2025-07-14 11:04:22] Moving file from /Users/txcslm/~RIDER/JannyAI/JannyAI/bin/Debug/net9.0/temp_downloads/Why, I'm just testing.card.png to /Users/txcslm/~RIDER/JannyAI/JannyAI/bin/Debug/net9.0/jannyai_characters/314009b3-46a8-48be-bf38-1fc21118ffbb.png
[2025-07-14 11:04:22] File successfully saved for 314009b3-46a8-48be-bf38-1fc21118ffbb, size: 80223 bytes
[2025-07-14 11:04:23] Returned to list page after downloading 314009b3-46a8-48be-bf38-1fc21118ffbb
[2025-07-14 11:04:23] SUCCESS: Character 314009b3-46a8-48be-bf38-1fc21118ffbb downloaded successfully
[2025-07-14 11:04:23] Processing character 7/40: dba289d0-fb25-4cc1-9afb-0c0201b7522a, URL: https://jannyai.com/characters/dba289d0-fb25-4cc1-9afb-0c0201b7522a_character-alan-rickman
[2025-07-14 11:04:23] Download attempt 1/3 for character dba289d0-fb25-4cc1-9afb-0c0201b7522a
[2025-07-14 11:04:24] Navigated to character page: https://jannyai.com/characters/dba289d0-fb25-4cc1-9afb-0c0201b7522a_character-alan-rickman
[2025-07-14 11:04:24] Download button found for character dba289d0-fb25-4cc1-9afb-0c0201b7522a
[2025-07-14 11:04:24] Files before download: 0 for character dba289d0-fb25-4cc1-9afb-0c0201b7522a
[2025-07-14 11:04:24] Download button clicked for character dba289d0-fb25-4cc1-9afb-0c0201b7522a
[2025-07-14 11:04:24] Waiting for download file for character dba289d0-fb25-4cc1-9afb-0c0201b7522a, files before: 0
[2025-07-14 11:04:25] New file detected for dba289d0-fb25-4cc1-9afb-0c0201b7522a: /Users/txcslm/~RIDER/JannyAI/JannyAI/bin/Debug/net9.0/temp_downloads/Alan rickman.card.png, size: 500702 bytes
[2025-07-14 11:04:25] File download confirmed for dba289d0-fb25-4cc1-9afb-0c0201b7522a - stable size: 500702 bytes
[2025-07-14 11:04:25] Moving file from /Users/txcslm/~RIDER/JannyAI/JannyAI/bin/Debug/net9.0/temp_downloads/Alan rickman.card.png to /Users/txcslm/~RIDER/JannyAI/JannyAI/bin/Debug/net9.0/jannyai_characters/dba289d0-fb25-4cc1-9afb-0c0201b7522a.png
[2025-07-14 11:04:25] File successfully saved for dba289d0-fb25-4cc1-9afb-0c0201b7522a, size: 500702 bytes
[2025-07-14 11:04:26] Returned to list page after downloading dba289d0-fb25-4cc1-9afb-0c0201b7522a
[2025-07-14 11:04:26] SUCCESS: Character dba289d0-fb25-4cc1-9afb-0c0201b7522a downloaded successfully
[2025-07-14 11:04:27] Processing character 8/40: 92a11515-3c12-45e2-8600-a460b8aa1166, URL: https://jannyai.com/characters/92a11515-3c12-45e2-8600-a460b8aa1166_character-commander-lyle-rourke
[2025-07-14 11:04:27] Download attempt 1/3 for character 92a11515-3c12-45e2-8600-a460b8aa1166
[2025-07-14 11:04:28] Navigated to character page: https://jannyai.com/characters/92a11515-3c12-45e2-8600-a460b8aa1166_character-commander-lyle-rourke
[2025-07-14 11:04:28] Download button found for character 92a11515-3c12-45e2-8600-a460b8aa1166
[2025-07-14 11:04:28] Files before download: 0 for character 92a11515-3c12-45e2-8600-a460b8aa1166
[2025-07-14 11:04:28] Download button clicked for character 92a11515-3c12-45e2-8600-a460b8aa1166
[2025-07-14 11:04:28] Waiting for download file for character 92a11515-3c12-45e2-8600-a460b8aa1166, files before: 0
[2025-07-14 11:04:28] New file detected for 92a11515-3c12-45e2-8600-a460b8aa1166: /Users/txcslm/~RIDER/JannyAI/JannyAI/bin/Debug/net9.0/temp_downloads/Commander Lyle Rourke.card.png, size: 103348 bytes
[2025-07-14 11:04:29] File download confirmed for 92a11515-3c12-45e2-8600-a460b8aa1166 - stable size: 103348 bytes
[2025-07-14 11:04:29] Moving file from /Users/txcslm/~RIDER/JannyAI/JannyAI/bin/Debug/net9.0/temp_downloads/Commander Lyle Rourke.card.png to /Users/txcslm/~RIDER/JannyAI/JannyAI/bin/Debug/net9.0/jannyai_characters/92a11515-3c12-45e2-8600-a460b8aa1166.png
[2025-07-14 11:04:29] File successfully saved for 92a11515-3c12-45e2-8600-a460b8aa1166, size: 103348 bytes
[2025-07-14 11:04:30] Returned to list page after downloading 92a11515-3c12-45e2-8600-a460b8aa1166
[2025-07-14 11:04:30] SUCCESS: Character 92a11515-3c12-45e2-8600-a460b8aa1166 downloaded successfully
[2025-07-14 11:04:30] Processing character 9/40: 02fb4be7-d1c5-4fb5-9ade-3e64d7654991, URL: https://jannyai.com/characters/02fb4be7-d1c5-4fb5-9ade-3e64d7654991_character-reiner-braun
[2025-07-14 11:04:30] Download attempt 1/3 for character 02fb4be7-d1c5-4fb5-9ade-3e64d7654991
[2025-07-14 11:04:31] Navigated to character page: https://jannyai.com/characters/02fb4be7-d1c5-4fb5-9ade-3e64d7654991_character-reiner-braun
[2025-07-14 11:04:32] Download button found for character 02fb4be7-d1c5-4fb5-9ade-3e64d7654991
[2025-07-14 11:04:32] Files before download: 0 for character 02fb4be7-d1c5-4fb5-9ade-3e64d7654991
[2025-07-14 11:04:32] Download button clicked for character 02fb4be7-d1c5-4fb5-9ade-3e64d7654991
[2025-07-14 11:04:32] Waiting for download file for character 02fb4be7-d1c5-4fb5-9ade-3e64d7654991, files before: 0
[2025-07-14 11:04:32] Download timeout for character 02fb4be7-d1c5-4fb5-9ade-3e64d7654991 after 800ms
[2025-07-14 11:04:32] WARNING: Файл не скачался для персонажа 02fb4be7-d1c5-4fb5-9ade-3e64d7654991 (попытка 1)
[2025-07-14 11:04:34] Download attempt 2/3 for character 02fb4be7-d1c5-4fb5-9ade-3e64d7654991
[2025-07-14 11:04:35] Navigated to character page: https://jannyai.com/characters/02fb4be7-d1c5-4fb5-9ade-3e64d7654991_character-reiner-braun
[2025-07-14 11:04:35] Download button found for character 02fb4be7-d1c5-4fb5-9ade-3e64d7654991
[2025-07-14 11:04:35] Files before download: 0 for character 02fb4be7-d1c5-4fb5-9ade-3e64d7654991
[2025-07-14 11:04:35] Download button clicked for character 02fb4be7-d1c5-4fb5-9ade-3e64d7654991
[2025-07-14 11:04:35] Waiting for download file for character 02fb4be7-d1c5-4fb5-9ade-3e64d7654991, files before: 0
[2025-07-14 11:04:36] Download timeout for character 02fb4be7-d1c5-4fb5-9ade-3e64d7654991 after 800ms
[2025-07-14 11:04:36] WARNING: Файл не скачался для персонажа 02fb4be7-d1c5-4fb5-9ade-3e64d7654991 (попытка 2)
[2025-07-14 11:04:37] Download attempt 3/3 for character 02fb4be7-d1c5-4fb5-9ade-3e64d7654991
[2025-07-14 11:04:39] Navigated to character page: https://jannyai.com/characters/02fb4be7-d1c5-4fb5-9ade-3e64d7654991_character-reiner-braun
[2025-07-14 11:04:39] Download button found for character 02fb4be7-d1c5-4fb5-9ade-3e64d7654991
[2025-07-14 11:04:39] Files before download: 0 for character 02fb4be7-d1c5-4fb5-9ade-3e64d7654991
[2025-07-14 11:04:39] Download button clicked for character 02fb4be7-d1c5-4fb5-9ade-3e64d7654991
[2025-07-14 11:04:39] Waiting for download file for character 02fb4be7-d1c5-4fb5-9ade-3e64d7654991, files before: 0
[2025-07-14 11:04:40] Download timeout for character 02fb4be7-d1c5-4fb5-9ade-3e64d7654991 after 800ms
[2025-07-14 11:04:40] WARNING: Файл не скачался для персонажа 02fb4be7-d1c5-4fb5-9ade-3e64d7654991 (попытка 3)
[2025-07-14 11:04:41] FAILED: Could not download character 02fb4be7-d1c5-4fb5-9ade-3e64d7654991
[2025-07-14 11:04:41] Processing character 10/40: c76548fe-ffc9-4b4e-a846-3db9531f09ab, URL: https://jannyai.com/characters/c76548fe-ffc9-4b4e-a846-3db9531f09ab_character-kakashi-hatake
[2025-07-14 11:04:41] Download attempt 1/3 for character c76548fe-ffc9-4b4e-a846-3db9531f09ab
[2025-07-14 11:04:42] Navigated to character page: https://jannyai.com/characters/c76548fe-ffc9-4b4e-a846-3db9531f09ab_character-kakashi-hatake
[2025-07-14 11:04:42] Download button found for character c76548fe-ffc9-4b4e-a846-3db9531f09ab
[2025-07-14 11:04:42] Files before download: 0 for character c76548fe-ffc9-4b4e-a846-3db9531f09ab
[2025-07-14 11:04:42] Download button clicked for character c76548fe-ffc9-4b4e-a846-3db9531f09ab
[2025-07-14 11:04:42] Waiting for download file for character c76548fe-ffc9-4b4e-a846-3db9531f09ab, files before: 0
[2025-07-14 11:04:43] New file detected for c76548fe-ffc9-4b4e-a846-3db9531f09ab: /Users/txcslm/~RIDER/JannyAI/JannyAI/bin/Debug/net9.0/temp_downloads/Kakashi hatake .card.png, size: 562182 bytes
[2025-07-14 11:04:43] File download confirmed for c76548fe-ffc9-4b4e-a846-3db9531f09ab - stable size: 562182 bytes
[2025-07-14 11:04:43] Moving file from /Users/txcslm/~RIDER/JannyAI/JannyAI/bin/Debug/net9.0/temp_downloads/Kakashi hatake .card.png to /Users/txcslm/~RIDER/JannyAI/JannyAI/bin/Debug/net9.0/jannyai_characters/c76548fe-ffc9-4b4e-a846-3db9531f09ab.png
[2025-07-14 11:04:43] File successfully saved for c76548fe-ffc9-4b4e-a846-3db9531f09ab, size: 562182 bytes
[2025-07-14 11:04:45] Returned to list page after downloading c76548fe-ffc9-4b4e-a846-3db9531f09ab
[2025-07-14 11:04:45] SUCCESS: Character c76548fe-ffc9-4b4e-a846-3db9531f09ab downloaded successfully
[2025-07-14 11:04:45] Processing character 11/40: 4dd16982-d84c-4e29-a009-beefd8ac673b, URL: https://jannyai.com/characters/4dd16982-d84c-4e29-a009-beefd8ac673b_character-gojo-satoru
[2025-07-14 11:04:45] Download attempt 1/3 for character 4dd16982-d84c-4e29-a009-beefd8ac673b
[2025-07-14 11:04:46] Navigated to character page: https://jannyai.com/characters/4dd16982-d84c-4e29-a009-beefd8ac673b_character-gojo-satoru
[2025-07-14 11:04:46] Download button found for character 4dd16982-d84c-4e29-a009-beefd8ac673b
[2025-07-14 11:04:46] Files before download: 0 for character 4dd16982-d84c-4e29-a009-beefd8ac673b
[2025-07-14 11:04:46] Download button clicked for character 4dd16982-d84c-4e29-a009-beefd8ac673b
[2025-07-14 11:04:46] Waiting for download file for character 4dd16982-d84c-4e29-a009-beefd8ac673b, files before: 0
[2025-07-14 11:04:46] New file detected for 4dd16982-d84c-4e29-a009-beefd8ac673b: /Users/txcslm/~RIDER/JannyAI/JannyAI/bin/Debug/net9.0/temp_downloads/Gojo Satoru .card.png, size: 212548 bytes
[2025-07-14 11:04:47] File download confirmed for 4dd16982-d84c-4e29-a009-beefd8ac673b - stable size: 212548 bytes
[2025-07-14 11:04:47] Moving file from /Users/txcslm/~RIDER/JannyAI/JannyAI/bin/Debug/net9.0/temp_downloads/Gojo Satoru .card.png to /Users/txcslm/~RIDER/JannyAI/JannyAI/bin/Debug/net9.0/jannyai_characters/4dd16982-d84c-4e29-a009-beefd8ac673b.png
[2025-07-14 11:04:47] File successfully saved for 4dd16982-d84c-4e29-a009-beefd8ac673b, size: 212548 bytes
[2025-07-14 11:04:48] Returned to list page after downloading 4dd16982-d84c-4e29-a009-beefd8ac673b
[2025-07-14 11:04:48] SUCCESS: Character 4dd16982-d84c-4e29-a009-beefd8ac673b downloaded successfully
[2025-07-14 11:04:48] Processing character 12/40: 7a28baf5-f165-4c82-9379-81713096db57, URL: https://jannyai.com/characters/7a28baf5-f165-4c82-9379-81713096db57_character-peter-quill
[2025-07-14 11:04:48] Download attempt 1/3 for character 7a28baf5-f165-4c82-9379-81713096db57
[2025-07-14 11:04:49] Navigated to character page: https://jannyai.com/characters/7a28baf5-f165-4c82-9379-81713096db57_character-peter-quill
[2025-07-14 11:04:50] Download button found for character 7a28baf5-f165-4c82-9379-81713096db57
[2025-07-14 11:04:50] Files before download: 0 for character 7a28baf5-f165-4c82-9379-81713096db57
[2025-07-14 11:04:50] Download button clicked for character 7a28baf5-f165-4c82-9379-81713096db57
[2025-07-14 11:04:50] Waiting for download file for character 7a28baf5-f165-4c82-9379-81713096db57, files before: 0
[2025-07-14 11:04:50] New file detected for 7a28baf5-f165-4c82-9379-81713096db57: /Users/txcslm/~RIDER/JannyAI/JannyAI/bin/Debug/net9.0/temp_downloads/Peter Quill.card.png, size: 511437 bytes
[2025-07-14 11:04:50] File download confirmed for 7a28baf5-f165-4c82-9379-81713096db57 - stable size: 511437 bytes
[2025-07-14 11:04:50] Moving file from /Users/txcslm/~RIDER/JannyAI/JannyAI/bin/Debug/net9.0/temp_downloads/Peter Quill.card.png to /Users/txcslm/~RIDER/JannyAI/JannyAI/bin/Debug/net9.0/jannyai_characters/7a28baf5-f165-4c82-9379-81713096db57.png
[2025-07-14 11:04:50] File successfully saved for 7a28baf5-f165-4c82-9379-81713096db57, size: 511437 bytes
[2025-07-14 11:04:52] Returned to list page after downloading 7a28baf5-f165-4c82-9379-81713096db57
[2025-07-14 11:04:52] SUCCESS: Character 7a28baf5-f165-4c82-9379-81713096db57 downloaded successfully
[2025-07-14 11:04:52] Processing character 13/40: 0ab56166-ee40-4737-acf6-fe66c5c505e5, URL: https://jannyai.com/characters/0ab56166-ee40-4737-acf6-fe66c5c505e5_character-mo-ran
[2025-07-14 11:04:52] Download attempt 1/3 for character 0ab56166-ee40-4737-acf6-fe66c5c505e5
[2025-07-14 11:04:53] Navigated to character page: https://jannyai.com/characters/0ab56166-ee40-4737-acf6-fe66c5c505e5_character-mo-ran
[2025-07-14 11:04:53] Download button found for character 0ab56166-ee40-4737-acf6-fe66c5c505e5
[2025-07-14 11:04:53] Files before download: 0 for character 0ab56166-ee40-4737-acf6-fe66c5c505e5
[2025-07-14 11:04:53] Download button clicked for character 0ab56166-ee40-4737-acf6-fe66c5c505e5
[2025-07-14 11:04:53] Waiting for download file for character 0ab56166-ee40-4737-acf6-fe66c5c505e5, files before: 0
[2025-07-14 11:04:53] New file detected for 0ab56166-ee40-4737-acf6-fe66c5c505e5: /Users/txcslm/~RIDER/JannyAI/JannyAI/bin/Debug/net9.0/temp_downloads/Mo Ran.card.png, size: 883145 bytes
[2025-07-14 11:04:54] File download confirmed for 0ab56166-ee40-4737-acf6-fe66c5c505e5 - stable size: 883145 bytes
[2025-07-14 11:04:54] Moving file from /Users/txcslm/~RIDER/JannyAI/JannyAI/bin/Debug/net9.0/temp_downloads/Mo Ran.card.png to /Users/txcslm/~RIDER/JannyAI/JannyAI/bin/Debug/net9.0/jannyai_characters/0ab56166-ee40-4737-acf6-fe66c5c505e5.png
[2025-07-14 11:04:54] File successfully saved for 0ab56166-ee40-4737-acf6-fe66c5c505e5, size: 883145 bytes
[2025-07-14 11:04:55] Returned to list page after downloading 0ab56166-ee40-4737-acf6-fe66c5c505e5
[2025-07-14 11:04:55] SUCCESS: Character 0ab56166-ee40-4737-acf6-fe66c5c505e5 downloaded successfully
[2025-07-14 11:04:55] Processing character 14/40: 08df9060-00a2-4d24-9c31-da5af73d68ce, URL: https://jannyai.com/characters/08df9060-00a2-4d24-9c31-da5af73d68ce_character-hot-bf
[2025-07-14 11:04:55] Download attempt 1/3 for character 08df9060-00a2-4d24-9c31-da5af73d68ce
[2025-07-14 11:04:57] Navigated to character page: https://jannyai.com/characters/08df9060-00a2-4d24-9c31-da5af73d68ce_character-hot-bf
[2025-07-14 11:04:57] Download button found for character 08df9060-00a2-4d24-9c31-da5af73d68ce
[2025-07-14 11:04:57] Files before download: 0 for character 08df9060-00a2-4d24-9c31-da5af73d68ce
[2025-07-14 11:04:57] Download button clicked for character 08df9060-00a2-4d24-9c31-da5af73d68ce
[2025-07-14 11:04:57] Waiting for download file for character 08df9060-00a2-4d24-9c31-da5af73d68ce, files before: 0
[2025-07-14 11:04:57] New file detected for 08df9060-00a2-4d24-9c31-da5af73d68ce: /Users/txcslm/~RIDER/JannyAI/JannyAI/bin/Debug/net9.0/temp_downloads/Hot bf.card.png, size: 665569 bytes
[2025-07-14 11:04:58] File download confirmed for 08df9060-00a2-4d24-9c31-da5af73d68ce - stable size: 665569 bytes
[2025-07-14 11:04:58] Moving file from /Users/txcslm/~RIDER/JannyAI/JannyAI/bin/Debug/net9.0/temp_downloads/Hot bf.card.png to /Users/txcslm/~RIDER/JannyAI/JannyAI/bin/Debug/net9.0/jannyai_characters/08df9060-00a2-4d24-9c31-da5af73d68ce.png
[2025-07-14 11:04:58] File successfully saved for 08df9060-00a2-4d24-9c31-da5af73d68ce, size: 665569 bytes
[2025-07-14 11:04:59] Returned to list page after downloading 08df9060-00a2-4d24-9c31-da5af73d68ce
[2025-07-14 11:04:59] SUCCESS: Character 08df9060-00a2-4d24-9c31-da5af73d68ce downloaded successfully
[2025-07-14 11:04:59] Processing character 15/40: b5db8275-70fa-487b-b4f6-256832fd6602, URL: https://jannyai.com/characters/b5db8275-70fa-487b-b4f6-256832fd6602_character-wally-darling
[2025-07-14 11:04:59] Download attempt 1/3 for character b5db8275-70fa-487b-b4f6-256832fd6602
[2025-07-14 11:05:00] Navigated to character page: https://jannyai.com/characters/b5db8275-70fa-487b-b4f6-256832fd6602_character-wally-darling
[2025-07-14 11:05:00] Download button found for character b5db8275-70fa-487b-b4f6-256832fd6602
[2025-07-14 11:05:00] Files before download: 0 for character b5db8275-70fa-487b-b4f6-256832fd6602
[2025-07-14 11:05:00] Download button clicked for character b5db8275-70fa-487b-b4f6-256832fd6602
[2025-07-14 11:05:00] Waiting for download file for character b5db8275-70fa-487b-b4f6-256832fd6602, files before: 0
[2025-07-14 11:05:01] New file detected for b5db8275-70fa-487b-b4f6-256832fd6602: /Users/txcslm/~RIDER/JannyAI/JannyAI/bin/Debug/net9.0/temp_downloads/Wally darling.card.png, size: 1485120 bytes
[2025-07-14 11:05:01] File download confirmed for b5db8275-70fa-487b-b4f6-256832fd6602 - stable size: 1485120 bytes
[2025-07-14 11:05:01] Moving file from /Users/txcslm/~RIDER/JannyAI/JannyAI/bin/Debug/net9.0/temp_downloads/Wally darling.card.png to /Users/txcslm/~RIDER/JannyAI/JannyAI/bin/Debug/net9.0/jannyai_characters/b5db8275-70fa-487b-b4f6-256832fd6602.png
[2025-07-14 11:05:01] File successfully saved for b5db8275-70fa-487b-b4f6-256832fd6602, size: 1485120 bytes
[2025-07-14 11:05:03] Returned to list page after downloading b5db8275-70fa-487b-b4f6-256832fd6602
[2025-07-14 11:05:03] SUCCESS: Character b5db8275-70fa-487b-b4f6-256832fd6602 downloaded successfully
[2025-07-14 11:05:03] Processing character 16/40: 4874da0f-2712-428d-be09-9afce4551372, URL: https://jannyai.com/characters/4874da0f-2712-428d-be09-9afce4551372_character-keung-to
[2025-07-14 11:05:03] Download attempt 1/3 for character 4874da0f-2712-428d-be09-9afce4551372
[2025-07-14 11:05:04] Navigated to character page: https://jannyai.com/characters/4874da0f-2712-428d-be09-9afce4551372_character-keung-to
[2025-07-14 11:05:04] Download button found for character 4874da0f-2712-428d-be09-9afce4551372
[2025-07-14 11:05:04] Files before download: 0 for character 4874da0f-2712-428d-be09-9afce4551372
[2025-07-14 11:05:04] Download button clicked for character 4874da0f-2712-428d-be09-9afce4551372
[2025-07-14 11:05:04] Waiting for download file for character 4874da0f-2712-428d-be09-9afce4551372, files before: 0
[2025-07-14 11:05:04] New file detected for 4874da0f-2712-428d-be09-9afce4551372: /Users/txcslm/~RIDER/JannyAI/JannyAI/bin/Debug/net9.0/temp_downloads/Keung To.card.png, size: 839590 bytes
[2025-07-14 11:05:05] File download confirmed for 4874da0f-2712-428d-be09-9afce4551372 - stable size: 839590 bytes
[2025-07-14 11:05:05] Moving file from /Users/txcslm/~RIDER/JannyAI/JannyAI/bin/Debug/net9.0/temp_downloads/Keung To.card.png to /Users/txcslm/~RIDER/JannyAI/JannyAI/bin/Debug/net9.0/jannyai_characters/4874da0f-2712-428d-be09-9afce4551372.png
[2025-07-14 11:05:05] File successfully saved for 4874da0f-2712-428d-be09-9afce4551372, size: 839590 bytes
[2025-07-14 11:05:06] Returned to list page after downloading 4874da0f-2712-428d-be09-9afce4551372
[2025-07-14 11:05:06] SUCCESS: Character 4874da0f-2712-428d-be09-9afce4551372 downloaded successfully
[2025-07-14 11:05:06] Processing character 17/40: fbffd361-2ac3-40a0-b257-443d9cba7127, URL: https://jannyai.com/characters/fbffd361-2ac3-40a0-b257-443d9cba7127_character-daijin
[2025-07-14 11:05:06] Download attempt 1/3 for character fbffd361-2ac3-40a0-b257-443d9cba7127
[2025-07-14 11:05:08] Navigated to character page: https://jannyai.com/characters/fbffd361-2ac3-40a0-b257-443d9cba7127_character-daijin
[2025-07-14 11:05:08] Download button found for character fbffd361-2ac3-40a0-b257-443d9cba7127
[2025-07-14 11:05:08] Files before download: 0 for character fbffd361-2ac3-40a0-b257-443d9cba7127
[2025-07-14 11:05:08] Download button clicked for character fbffd361-2ac3-40a0-b257-443d9cba7127
[2025-07-14 11:05:08] Waiting for download file for character fbffd361-2ac3-40a0-b257-443d9cba7127, files before: 0
[2025-07-14 11:05:08] New file detected for fbffd361-2ac3-40a0-b257-443d9cba7127: /Users/txcslm/~RIDER/JannyAI/JannyAI/bin/Debug/net9.0/temp_downloads/Daijin.card.png, size: 673773 bytes
[2025-07-14 11:05:08] File download confirmed for fbffd361-2ac3-40a0-b257-443d9cba7127 - stable size: 673773 bytes
[2025-07-14 11:05:08] Moving file from /Users/txcslm/~RIDER/JannyAI/JannyAI/bin/Debug/net9.0/temp_downloads/Daijin.card.png to /Users/txcslm/~RIDER/JannyAI/JannyAI/bin/Debug/net9.0/jannyai_characters/fbffd361-2ac3-40a0-b257-443d9cba7127.png
[2025-07-14 11:05:08] File successfully saved for fbffd361-2ac3-40a0-b257-443d9cba7127, size: 673773 bytes
[2025-07-14 11:05:10] Returned to list page after downloading fbffd361-2ac3-40a0-b257-443d9cba7127
[2025-07-14 11:05:10] SUCCESS: Character fbffd361-2ac3-40a0-b257-443d9cba7127 downloaded successfully
[2025-07-14 11:05:10] Processing character 18/40: f7962267-87e9-43b8-85a9-dee611dc58bf, URL: https://jannyai.com/characters/f7962267-87e9-43b8-85a9-dee611dc58bf_character-portgas-d-ace
[2025-07-14 11:05:10] Download attempt 1/3 for character f7962267-87e9-43b8-85a9-dee611dc58bf
[2025-07-14 11:05:11] Navigated to character page: https://jannyai.com/characters/f7962267-87e9-43b8-85a9-dee611dc58bf_character-portgas-d-ace
[2025-07-14 11:05:11] Download button found for character f7962267-87e9-43b8-85a9-dee611dc58bf
[2025-07-14 11:05:11] Files before download: 0 for character f7962267-87e9-43b8-85a9-dee611dc58bf
[2025-07-14 11:05:11] Download button clicked for character f7962267-87e9-43b8-85a9-dee611dc58bf
[2025-07-14 11:05:11] Waiting for download file for character f7962267-87e9-43b8-85a9-dee611dc58bf, files before: 0
[2025-07-14 11:05:12] New file detected for f7962267-87e9-43b8-85a9-dee611dc58bf: /Users/txcslm/~RIDER/JannyAI/JannyAI/bin/Debug/net9.0/temp_downloads/Portgas D. Ace.card.png, size: 626596 bytes
[2025-07-14 11:05:12] File download confirmed for f7962267-87e9-43b8-85a9-dee611dc58bf - stable size: 626596 bytes
[2025-07-14 11:05:12] Moving file from /Users/txcslm/~RIDER/JannyAI/JannyAI/bin/Debug/net9.0/temp_downloads/Portgas D. Ace.card.png to /Users/txcslm/~RIDER/JannyAI/JannyAI/bin/Debug/net9.0/jannyai_characters/f7962267-87e9-43b8-85a9-dee611dc58bf.png
[2025-07-14 11:05:12] File successfully saved for f7962267-87e9-43b8-85a9-dee611dc58bf, size: 626596 bytes
[2025-07-14 11:05:13] Returned to list page after downloading f7962267-87e9-43b8-85a9-dee611dc58bf
[2025-07-14 11:05:13] SUCCESS: Character f7962267-87e9-43b8-85a9-dee611dc58bf downloaded successfully
[2025-07-14 11:05:14] Processing character 19/40: fb0c61ad-e4d0-41fb-be52-61c8603237bf, URL: https://jannyai.com/characters/fb0c61ad-e4d0-41fb-be52-61c8603237bf_character-kim-myung-dae
[2025-07-14 11:05:14] Download attempt 1/3 for character fb0c61ad-e4d0-41fb-be52-61c8603237bf
[2025-07-14 11:05:15] Navigated to character page: https://jannyai.com/characters/fb0c61ad-e4d0-41fb-be52-61c8603237bf_character-kim-myung-dae
[2025-07-14 11:05:15] Download button found for character fb0c61ad-e4d0-41fb-be52-61c8603237bf
[2025-07-14 11:05:15] Files before download: 0 for character fb0c61ad-e4d0-41fb-be52-61c8603237bf
[2025-07-14 11:05:15] Download button clicked for character fb0c61ad-e4d0-41fb-be52-61c8603237bf
[2025-07-14 11:05:15] Waiting for download file for character fb0c61ad-e4d0-41fb-be52-61c8603237bf, files before: 0
[2025-07-14 11:05:15] New file detected for fb0c61ad-e4d0-41fb-be52-61c8603237bf: /Users/txcslm/~RIDER/JannyAI/JannyAI/bin/Debug/net9.0/temp_downloads/KIM MYUNG DAE.card.png, size: 668798 bytes
[2025-07-14 11:05:16] File download confirmed for fb0c61ad-e4d0-41fb-be52-61c8603237bf - stable size: 668798 bytes
[2025-07-14 11:05:16] Moving file from /Users/txcslm/~RIDER/JannyAI/JannyAI/bin/Debug/net9.0/temp_downloads/KIM MYUNG DAE.card.png to /Users/txcslm/~RIDER/JannyAI/JannyAI/bin/Debug/net9.0/jannyai_characters/fb0c61ad-e4d0-41fb-be52-61c8603237bf.png
[2025-07-14 11:05:16] File successfully saved for fb0c61ad-e4d0-41fb-be52-61c8603237bf, size: 668798 bytes
[2025-07-14 11:05:17] Returned to list page after downloading fb0c61ad-e4d0-41fb-be52-61c8603237bf
[2025-07-14 11:05:17] SUCCESS: Character fb0c61ad-e4d0-41fb-be52-61c8603237bf downloaded successfully
[2025-07-14 11:05:17] Processing character 20/40: 21a74bdb-1a10-4046-b799-aa2fde6807ad, URL: https://jannyai.com/characters/21a74bdb-1a10-4046-b799-aa2fde6807ad_character-chuu
[2025-07-14 11:05:17] Download attempt 1/3 for character 21a74bdb-1a10-4046-b799-aa2fde6807ad
[2025-07-14 11:05:18] Navigated to character page: https://jannyai.com/characters/21a74bdb-1a10-4046-b799-aa2fde6807ad_character-chuu
[2025-07-14 11:05:19] Download button found for character 21a74bdb-1a10-4046-b799-aa2fde6807ad
[2025-07-14 11:05:19] Files before download: 0 for character 21a74bdb-1a10-4046-b799-aa2fde6807ad
[2025-07-14 11:05:19] Download button clicked for character 21a74bdb-1a10-4046-b799-aa2fde6807ad
[2025-07-14 11:05:19] Waiting for download file for character 21a74bdb-1a10-4046-b799-aa2fde6807ad, files before: 0
[2025-07-14 11:05:19] New file detected for 21a74bdb-1a10-4046-b799-aa2fde6807ad: /Users/txcslm/~RIDER/JannyAI/JannyAI/bin/Debug/net9.0/temp_downloads/chuu.card.png, size: 208362 bytes
[2025-07-14 11:05:19] File download confirmed for 21a74bdb-1a10-4046-b799-aa2fde6807ad - stable size: 208362 bytes
[2025-07-14 11:05:19] Moving file from /Users/txcslm/~RIDER/JannyAI/JannyAI/bin/Debug/net9.0/temp_downloads/chuu.card.png to /Users/txcslm/~RIDER/JannyAI/JannyAI/bin/Debug/net9.0/jannyai_characters/21a74bdb-1a10-4046-b799-aa2fde6807ad.png
[2025-07-14 11:05:19] File successfully saved for 21a74bdb-1a10-4046-b799-aa2fde6807ad, size: 208362 bytes
[2025-07-14 11:05:21] Returned to list page after downloading 21a74bdb-1a10-4046-b799-aa2fde6807ad
[2025-07-14 11:05:21] SUCCESS: Character 21a74bdb-1a10-4046-b799-aa2fde6807ad downloaded successfully
[2025-07-14 11:05:21] Processing character 21/40: eff15356-f9d7-49fa-b26c-fb6b3d3569bd, URL: https://jannyai.com/characters/eff15356-f9d7-49fa-b26c-fb6b3d3569bd_character-quanxi
[2025-07-14 11:05:21] Download attempt 1/3 for character eff15356-f9d7-49fa-b26c-fb6b3d3569bd
[2025-07-14 11:05:24] Navigated to character page: https://jannyai.com/characters/eff15356-f9d7-49fa-b26c-fb6b3d3569bd_character-quanxi
[2025-07-14 11:05:24] Download button found for character eff15356-f9d7-49fa-b26c-fb6b3d3569bd
[2025-07-14 11:05:24] Files before download: 0 for character eff15356-f9d7-49fa-b26c-fb6b3d3569bd
[2025-07-14 11:05:24] Download button clicked for character eff15356-f9d7-49fa-b26c-fb6b3d3569bd
[2025-07-14 11:05:24] Waiting for download file for character eff15356-f9d7-49fa-b26c-fb6b3d3569bd, files before: 0
[2025-07-14 11:05:24] New file detected for eff15356-f9d7-49fa-b26c-fb6b3d3569bd: /Users/txcslm/~RIDER/JannyAI/JannyAI/bin/Debug/net9.0/temp_downloads/Quanxi.card.png, size: 121937 bytes
[2025-07-14 11:05:25] File download confirmed for eff15356-f9d7-49fa-b26c-fb6b3d3569bd - stable size: 121937 bytes
[2025-07-14 11:05:25] Moving file from /Users/txcslm/~RIDER/JannyAI/JannyAI/bin/Debug/net9.0/temp_downloads/Quanxi.card.png to /Users/txcslm/~RIDER/JannyAI/JannyAI/bin/Debug/net9.0/jannyai_characters/eff15356-f9d7-49fa-b26c-fb6b3d3569bd.png
[2025-07-14 11:05:25] File successfully saved for eff15356-f9d7-49fa-b26c-fb6b3d3569bd, size: 121937 bytes
[2025-07-14 11:05:26] Returned to list page after downloading eff15356-f9d7-49fa-b26c-fb6b3d3569bd
[2025-07-14 11:05:26] SUCCESS: Character eff15356-f9d7-49fa-b26c-fb6b3d3569bd downloaded successfully
[2025-07-14 11:05:26] Processing character 22/40: f6928deb-e2a0-44ce-be92-6513b6289045, URL: https://jannyai.com/characters/f6928deb-e2a0-44ce-be92-6513b6289045_character-amelia-sterling
[2025-07-14 11:05:26] Download attempt 1/3 for character f6928deb-e2a0-44ce-be92-6513b6289045
[2025-07-14 11:05:32] Navigated to character page: https://jannyai.com/characters/f6928deb-e2a0-44ce-be92-6513b6289045_character-amelia-sterling
[2025-07-14 11:05:33] Download button found for character f6928deb-e2a0-44ce-be92-6513b6289045
[2025-07-14 11:05:33] Files before download: 0 for character f6928deb-e2a0-44ce-be92-6513b6289045
[2025-07-14 11:05:33] Download button clicked for character f6928deb-e2a0-44ce-be92-6513b6289045
[2025-07-14 11:05:33] Waiting for download file for character f6928deb-e2a0-44ce-be92-6513b6289045, files before: 0
[2025-07-14 11:05:33] New file detected for f6928deb-e2a0-44ce-be92-6513b6289045: /Users/txcslm/~RIDER/JannyAI/JannyAI/bin/Debug/net9.0/temp_downloads/Amelia Sterling.card.png, size: 469585 bytes
[2025-07-14 11:05:33] File download confirmed for f6928deb-e2a0-44ce-be92-6513b6289045 - stable size: 469585 bytes
[2025-07-14 11:05:33] Moving file from /Users/txcslm/~RIDER/JannyAI/JannyAI/bin/Debug/net9.0/temp_downloads/Amelia Sterling.card.png to /Users/txcslm/~RIDER/JannyAI/JannyAI/bin/Debug/net9.0/jannyai_characters/f6928deb-e2a0-44ce-be92-6513b6289045.png
[2025-07-14 11:05:33] File successfully saved for f6928deb-e2a0-44ce-be92-6513b6289045, size: 469585 bytes
[2025-07-14 11:05:35] Returned to list page after downloading f6928deb-e2a0-44ce-be92-6513b6289045
[2025-07-14 11:05:35] SUCCESS: Character f6928deb-e2a0-44ce-be92-6513b6289045 downloaded successfully
[2025-07-14 11:05:35] Processing character 23/40: 40692fdb-4e7b-48ef-b00b-7879945b56bc, URL: https://jannyai.com/characters/40692fdb-4e7b-48ef-b00b-7879945b56bc_character-wally-darling
[2025-07-14 11:05:35] Download attempt 1/3 for character 40692fdb-4e7b-48ef-b00b-7879945b56bc
[2025-07-14 11:05:37] Navigated to character page: https://jannyai.com/characters/40692fdb-4e7b-48ef-b00b-7879945b56bc_character-wally-darling
[2025-07-14 11:05:37] Download button found for character 40692fdb-4e7b-48ef-b00b-7879945b56bc
[2025-07-14 11:05:37] Files before download: 0 for character 40692fdb-4e7b-48ef-b00b-7879945b56bc
[2025-07-14 11:05:37] Download button clicked for character 40692fdb-4e7b-48ef-b00b-7879945b56bc
[2025-07-14 11:05:37] Waiting for download file for character 40692fdb-4e7b-48ef-b00b-7879945b56bc, files before: 0
[2025-07-14 11:05:37] New file detected for 40692fdb-4e7b-48ef-b00b-7879945b56bc: /Users/txcslm/~RIDER/JannyAI/JannyAI/bin/Debug/net9.0/temp_downloads/Wally Darling.card.png, size: 430340 bytes
[2025-07-14 11:05:38] File download confirmed for 40692fdb-4e7b-48ef-b00b-7879945b56bc - stable size: 430340 bytes
[2025-07-14 11:05:38] Moving file from /Users/txcslm/~RIDER/JannyAI/JannyAI/bin/Debug/net9.0/temp_downloads/Wally Darling.card.png to /Users/txcslm/~RIDER/JannyAI/JannyAI/bin/Debug/net9.0/jannyai_characters/40692fdb-4e7b-48ef-b00b-7879945b56bc.png
[2025-07-14 11:05:38] File successfully saved for 40692fdb-4e7b-48ef-b00b-7879945b56bc, size: 430340 bytes
[2025-07-14 11:05:39] Returned to list page after downloading 40692fdb-4e7b-48ef-b00b-7879945b56bc
[2025-07-14 11:05:39] SUCCESS: Character 40692fdb-4e7b-48ef-b00b-7879945b56bc downloaded successfully
[2025-07-14 11:05:39] Processing character 24/40: 2e44a586-bc40-4264-b547-89ae83e32c45, URL: https://jannyai.com/characters/2e44a586-bc40-4264-b547-89ae83e32c45_character-jetstream-sam
[2025-07-14 11:05:39] Download attempt 1/3 for character 2e44a586-bc40-4264-b547-89ae83e32c45
[2025-07-14 11:05:40] Navigated to character page: https://jannyai.com/characters/2e44a586-bc40-4264-b547-89ae83e32c45_character-jetstream-sam
[2025-07-14 11:05:41] Download button found for character 2e44a586-bc40-4264-b547-89ae83e32c45
[2025-07-14 11:05:41] Files before download: 0 for character 2e44a586-bc40-4264-b547-89ae83e32c45
[2025-07-14 11:05:41] Download button clicked for character 2e44a586-bc40-4264-b547-89ae83e32c45
[2025-07-14 11:05:41] Waiting for download file for character 2e44a586-bc40-4264-b547-89ae83e32c45, files before: 0
[2025-07-14 11:05:41] New file detected for 2e44a586-bc40-4264-b547-89ae83e32c45: /Users/txcslm/~RIDER/JannyAI/JannyAI/bin/Debug/net9.0/temp_downloads/Jetstream Sam.card.png, size: 171093 bytes
[2025-07-14 11:05:41] File download confirmed for 2e44a586-bc40-4264-b547-89ae83e32c45 - stable size: 171093 bytes
[2025-07-14 11:05:41] Moving file from /Users/txcslm/~RIDER/JannyAI/JannyAI/bin/Debug/net9.0/temp_downloads/Jetstream Sam.card.png to /Users/txcslm/~RIDER/JannyAI/JannyAI/bin/Debug/net9.0/jannyai_characters/2e44a586-bc40-4264-b547-89ae83e32c45.png
[2025-07-14 11:05:41] File successfully saved for 2e44a586-bc40-4264-b547-89ae83e32c45, size: 171093 bytes
[2025-07-14 11:05:43] Returned to list page after downloading 2e44a586-bc40-4264-b547-89ae83e32c45
[2025-07-14 11:05:43] SUCCESS: Character 2e44a586-bc40-4264-b547-89ae83e32c45 downloaded successfully
[2025-07-14 11:05:43] Processing character 25/40: 1b424705-75bf-40f6-b286-2f05c9c5e2ee, URL: https://jannyai.com/characters/1b424705-75bf-40f6-b286-2f05c9c5e2ee_character-betty-my-first-bot
[2025-07-14 11:05:43] Download attempt 1/3 for character 1b424705-75bf-40f6-b286-2f05c9c5e2ee
[2025-07-14 11:05:44] Navigated to character page: https://jannyai.com/characters/1b424705-75bf-40f6-b286-2f05c9c5e2ee_character-betty-my-first-bot
[2025-07-14 11:05:44] Download button found for character 1b424705-75bf-40f6-b286-2f05c9c5e2ee
[2025-07-14 11:05:44] Files before download: 0 for character 1b424705-75bf-40f6-b286-2f05c9c5e2ee
[2025-07-14 11:05:44] Download button clicked for character 1b424705-75bf-40f6-b286-2f05c9c5e2ee
[2025-07-14 11:05:44] Waiting for download file for character 1b424705-75bf-40f6-b286-2f05c9c5e2ee, files before: 0
[2025-07-14 11:05:45] New file detected for 1b424705-75bf-40f6-b286-2f05c9c5e2ee: /Users/txcslm/~RIDER/JannyAI/JannyAI/bin/Debug/net9.0/temp_downloads/Betty (my first bot).card.png, size: 180311 bytes
[2025-07-14 11:05:45] File download confirmed for 1b424705-75bf-40f6-b286-2f05c9c5e2ee - stable size: 180311 bytes
[2025-07-14 11:05:45] Moving file from /Users/txcslm/~RIDER/JannyAI/JannyAI/bin/Debug/net9.0/temp_downloads/Betty (my first bot).card.png to /Users/txcslm/~RIDER/JannyAI/JannyAI/bin/Debug/net9.0/jannyai_characters/1b424705-75bf-40f6-b286-2f05c9c5e2ee.png
[2025-07-14 11:05:45] File successfully saved for 1b424705-75bf-40f6-b286-2f05c9c5e2ee, size: 180311 bytes
[2025-07-14 11:05:46] Returned to list page after downloading 1b424705-75bf-40f6-b286-2f05c9c5e2ee
[2025-07-14 11:05:46] SUCCESS: Character 1b424705-75bf-40f6-b286-2f05c9c5e2ee downloaded successfully
[2025-07-14 11:05:47] Processing character 26/40: 23886657-1217-4727-94e2-8851afd915fe, URL: https://jannyai.com/characters/23886657-1217-4727-94e2-8851afd915fe_character-quanxi
[2025-07-14 11:05:47] Download attempt 1/3 for character 23886657-1217-4727-94e2-8851afd915fe
[2025-07-14 11:05:48] Navigated to character page: https://jannyai.com/characters/23886657-1217-4727-94e2-8851afd915fe_character-quanxi
[2025-07-14 11:05:48] Download button found for character 23886657-1217-4727-94e2-8851afd915fe
[2025-07-14 11:05:48] Files before download: 0 for character 23886657-1217-4727-94e2-8851afd915fe
[2025-07-14 11:05:48] Download button clicked for character 23886657-1217-4727-94e2-8851afd915fe
[2025-07-14 11:05:48] Waiting for download file for character 23886657-1217-4727-94e2-8851afd915fe, files before: 0
[2025-07-14 11:05:48] New file detected for 23886657-1217-4727-94e2-8851afd915fe: /Users/txcslm/~RIDER/JannyAI/JannyAI/bin/Debug/net9.0/temp_downloads/Quanxi .card.png, size: 702555 bytes
[2025-07-14 11:05:49] File download confirmed for 23886657-1217-4727-94e2-8851afd915fe - stable size: 702555 bytes
[2025-07-14 11:05:49] Moving file from /Users/txcslm/~RIDER/JannyAI/JannyAI/bin/Debug/net9.0/temp_downloads/Quanxi .card.png to /Users/txcslm/~RIDER/JannyAI/JannyAI/bin/Debug/net9.0/jannyai_characters/23886657-1217-4727-94e2-8851afd915fe.png
[2025-07-14 11:05:49] File successfully saved for 23886657-1217-4727-94e2-8851afd915fe, size: 702555 bytes
[2025-07-14 11:05:50] Returned to list page after downloading 23886657-1217-4727-94e2-8851afd915fe
[2025-07-14 11:05:50] SUCCESS: Character 23886657-1217-4727-94e2-8851afd915fe downloaded successfully
[2025-07-14 11:05:50] Processing character 27/40: 78dc6256-c140-418c-9398-17d7cd221904, URL: https://jannyai.com/characters/78dc6256-c140-418c-9398-17d7cd221904_character-akito
[2025-07-14 11:05:50] Download attempt 1/3 for character 78dc6256-c140-418c-9398-17d7cd221904
[2025-07-14 11:05:52] Navigated to character page: https://jannyai.com/characters/78dc6256-c140-418c-9398-17d7cd221904_character-akito
[2025-07-14 11:05:52] Download button found for character 78dc6256-c140-418c-9398-17d7cd221904
[2025-07-14 11:05:52] Files before download: 0 for character 78dc6256-c140-418c-9398-17d7cd221904
[2025-07-14 11:05:52] Download button clicked for character 78dc6256-c140-418c-9398-17d7cd221904
[2025-07-14 11:05:52] Waiting for download file for character 78dc6256-c140-418c-9398-17d7cd221904, files before: 0
[2025-07-14 11:05:52] New file detected for 78dc6256-c140-418c-9398-17d7cd221904: /Users/txcslm/~RIDER/JannyAI/JannyAI/bin/Debug/net9.0/temp_downloads/Akito.card.png, size: 348495 bytes
[2025-07-14 11:05:53] File download confirmed for 78dc6256-c140-418c-9398-17d7cd221904 - stable size: 348495 bytes
[2025-07-14 11:05:53] Moving file from /Users/txcslm/~RIDER/JannyAI/JannyAI/bin/Debug/net9.0/temp_downloads/Akito.card.png to /Users/txcslm/~RIDER/JannyAI/JannyAI/bin/Debug/net9.0/jannyai_characters/78dc6256-c140-418c-9398-17d7cd221904.png
[2025-07-14 11:05:53] File successfully saved for 78dc6256-c140-418c-9398-17d7cd221904, size: 348495 bytes
[2025-07-14 11:05:54] Returned to list page after downloading 78dc6256-c140-418c-9398-17d7cd221904
[2025-07-14 11:05:54] SUCCESS: Character 78dc6256-c140-418c-9398-17d7cd221904 downloaded successfully
[2025-07-14 11:05:54] Processing character 28/40: ff15ed8f-5a28-4913-a0bd-3c36a51b7b79, URL: https://jannyai.com/characters/ff15ed8f-5a28-4913-a0bd-3c36a51b7b79_character-miguel-ohara
[2025-07-14 11:05:54] Download attempt 1/3 for character ff15ed8f-5a28-4913-a0bd-3c36a51b7b79
[2025-07-14 11:05:55] Navigated to character page: https://jannyai.com/characters/ff15ed8f-5a28-4913-a0bd-3c36a51b7b79_character-miguel-ohara
[2025-07-14 11:05:55] Download button found for character ff15ed8f-5a28-4913-a0bd-3c36a51b7b79
[2025-07-14 11:05:55] Files before download: 0 for character ff15ed8f-5a28-4913-a0bd-3c36a51b7b79
[2025-07-14 11:05:56] Download button clicked for character ff15ed8f-5a28-4913-a0bd-3c36a51b7b79
[2025-07-14 11:05:56] Waiting for download file for character ff15ed8f-5a28-4913-a0bd-3c36a51b7b79, files before: 0
[2025-07-14 11:05:56] New file detected for ff15ed8f-5a28-4913-a0bd-3c36a51b7b79: /Users/txcslm/~RIDER/JannyAI/JannyAI/bin/Debug/net9.0/temp_downloads/Miguel O’hara .card.png, size: 802718 bytes
[2025-07-14 11:05:56] File download confirmed for ff15ed8f-5a28-4913-a0bd-3c36a51b7b79 - stable size: 802718 bytes
[2025-07-14 11:05:56] Moving file from /Users/txcslm/~RIDER/JannyAI/JannyAI/bin/Debug/net9.0/temp_downloads/Miguel O’hara .card.png to /Users/txcslm/~RIDER/JannyAI/JannyAI/bin/Debug/net9.0/jannyai_characters/ff15ed8f-5a28-4913-a0bd-3c36a51b7b79.png
[2025-07-14 11:05:56] File successfully saved for ff15ed8f-5a28-4913-a0bd-3c36a51b7b79, size: 802718 bytes
[2025-07-14 11:05:58] Returned to list page after downloading ff15ed8f-5a28-4913-a0bd-3c36a51b7b79
[2025-07-14 11:05:58] SUCCESS: Character ff15ed8f-5a28-4913-a0bd-3c36a51b7b79 downloaded successfully
[2025-07-14 11:05:58] Processing character 29/40: 34bee288-6afb-4b59-9492-4bfc6d23886e, URL: https://jannyai.com/characters/34bee288-6afb-4b59-9492-4bfc6d23886e_character-cake
[2025-07-14 11:05:58] Download attempt 1/3 for character 34bee288-6afb-4b59-9492-4bfc6d23886e
[2025-07-14 11:05:59] Navigated to character page: https://jannyai.com/characters/34bee288-6afb-4b59-9492-4bfc6d23886e_character-cake
[2025-07-14 11:05:59] Download button found for character 34bee288-6afb-4b59-9492-4bfc6d23886e
[2025-07-14 11:05:59] Files before download: 0 for character 34bee288-6afb-4b59-9492-4bfc6d23886e
[2025-07-14 11:05:59] Download button clicked for character 34bee288-6afb-4b59-9492-4bfc6d23886e
[2025-07-14 11:05:59] Waiting for download file for character 34bee288-6afb-4b59-9492-4bfc6d23886e, files before: 0
[2025-07-14 11:06:00] New file detected for 34bee288-6afb-4b59-9492-4bfc6d23886e: /Users/txcslm/~RIDER/JannyAI/JannyAI/bin/Debug/net9.0/temp_downloads/Cake.card.png, size: 323249 bytes
[2025-07-14 11:06:00] File download confirmed for 34bee288-6afb-4b59-9492-4bfc6d23886e - stable size: 323249 bytes
[2025-07-14 11:06:00] Moving file from /Users/txcslm/~RIDER/JannyAI/JannyAI/bin/Debug/net9.0/temp_downloads/Cake.card.png to /Users/txcslm/~RIDER/JannyAI/JannyAI/bin/Debug/net9.0/jannyai_characters/34bee288-6afb-4b59-9492-4bfc6d23886e.png
[2025-07-14 11:06:00] File successfully saved for 34bee288-6afb-4b59-9492-4bfc6d23886e, size: 323249 bytes
[2025-07-14 11:06:01] Returned to list page after downloading 34bee288-6afb-4b59-9492-4bfc6d23886e
[2025-07-14 11:06:01] SUCCESS: Character 34bee288-6afb-4b59-9492-4bfc6d23886e downloaded successfully
[2025-07-14 11:06:02] Processing character 30/40: d73ce1c5-0ac1-4b5f-a1a5-990790eb3e4d, URL: https://jannyai.com/characters/d73ce1c5-0ac1-4b5f-a1a5-990790eb3e4d_character-akaza
[2025-07-14 11:06:02] Download attempt 1/3 for character d73ce1c5-0ac1-4b5f-a1a5-990790eb3e4d
[2025-07-14 11:06:03] Navigated to character page: https://jannyai.com/characters/d73ce1c5-0ac1-4b5f-a1a5-990790eb3e4d_character-akaza
[2025-07-14 11:06:03] Download button found for character d73ce1c5-0ac1-4b5f-a1a5-990790eb3e4d
[2025-07-14 11:06:03] Files before download: 0 for character d73ce1c5-0ac1-4b5f-a1a5-990790eb3e4d
[2025-07-14 11:06:03] Download button clicked for character d73ce1c5-0ac1-4b5f-a1a5-990790eb3e4d
[2025-07-14 11:06:03] Waiting for download file for character d73ce1c5-0ac1-4b5f-a1a5-990790eb3e4d, files before: 0
[2025-07-14 11:06:03] New file detected for d73ce1c5-0ac1-4b5f-a1a5-990790eb3e4d: /Users/txcslm/~RIDER/JannyAI/JannyAI/bin/Debug/net9.0/temp_downloads/akaza.card.png, size: 552117 bytes
[2025-07-14 11:06:04] File download confirmed for d73ce1c5-0ac1-4b5f-a1a5-990790eb3e4d - stable size: 552117 bytes
[2025-07-14 11:06:04] Moving file from /Users/txcslm/~RIDER/JannyAI/JannyAI/bin/Debug/net9.0/temp_downloads/akaza.card.png to /Users/txcslm/~RIDER/JannyAI/JannyAI/bin/Debug/net9.0/jannyai_characters/d73ce1c5-0ac1-4b5f-a1a5-990790eb3e4d.png
[2025-07-14 11:06:04] File successfully saved for d73ce1c5-0ac1-4b5f-a1a5-990790eb3e4d, size: 552117 bytes
[2025-07-14 11:06:05] Returned to list page after downloading d73ce1c5-0ac1-4b5f-a1a5-990790eb3e4d
[2025-07-14 11:06:05] SUCCESS: Character d73ce1c5-0ac1-4b5f-a1a5-990790eb3e4d downloaded successfully
[2025-07-14 11:06:05] Processing character 31/40: 3247367c-7f02-42da-a28b-dc03f7623336, URL: https://jannyai.com/characters/3247367c-7f02-42da-a28b-dc03f7623336_character-vvvvvvvvvv
[2025-07-14 11:06:05] Download attempt 1/3 for character 3247367c-7f02-42da-a28b-dc03f7623336
[2025-07-14 11:06:07] Navigated to character page: https://jannyai.com/characters/3247367c-7f02-42da-a28b-dc03f7623336_character-vvvvvvvvvv
[2025-07-14 11:06:07] Download button found for character 3247367c-7f02-42da-a28b-dc03f7623336
[2025-07-14 11:06:07] Files before download: 0 for character 3247367c-7f02-42da-a28b-dc03f7623336
[2025-07-14 11:06:07] Download button clicked for character 3247367c-7f02-42da-a28b-dc03f7623336
[2025-07-14 11:06:07] Waiting for download file for character 3247367c-7f02-42da-a28b-dc03f7623336, files before: 0
[2025-07-14 11:06:07] New file detected for 3247367c-7f02-42da-a28b-dc03f7623336: /Users/txcslm/~RIDER/JannyAI/JannyAI/bin/Debug/net9.0/temp_downloads/vvvvvvvvvv.card.png, size: 956153 bytes
[2025-07-14 11:06:08] File download confirmed for 3247367c-7f02-42da-a28b-dc03f7623336 - stable size: 956153 bytes
[2025-07-14 11:06:08] Moving file from /Users/txcslm/~RIDER/JannyAI/JannyAI/bin/Debug/net9.0/temp_downloads/vvvvvvvvvv.card.png to /Users/txcslm/~RIDER/JannyAI/JannyAI/bin/Debug/net9.0/jannyai_characters/3247367c-7f02-42da-a28b-dc03f7623336.png
[2025-07-14 11:06:08] File successfully saved for 3247367c-7f02-42da-a28b-dc03f7623336, size: 956153 bytes
[2025-07-14 11:06:09] Returned to list page after downloading 3247367c-7f02-42da-a28b-dc03f7623336
[2025-07-14 11:06:09] SUCCESS: Character 3247367c-7f02-42da-a28b-dc03f7623336 downloaded successfully
[2025-07-14 11:06:09] Processing character 32/40: 5a03e0bb-b7d3-431b-96c8-f79e67de2e6e, URL: https://jannyai.com/characters/5a03e0bb-b7d3-431b-96c8-f79e67de2e6e_character-cake
[2025-07-14 11:06:09] Download attempt 1/3 for character 5a03e0bb-b7d3-431b-96c8-f79e67de2e6e
[2025-07-14 11:06:10] Navigated to character page: https://jannyai.com/characters/5a03e0bb-b7d3-431b-96c8-f79e67de2e6e_character-cake
[2025-07-14 11:06:11] Download button found for character 5a03e0bb-b7d3-431b-96c8-f79e67de2e6e
[2025-07-14 11:06:11] Files before download: 0 for character 5a03e0bb-b7d3-431b-96c8-f79e67de2e6e
[2025-07-14 11:06:11] Download button clicked for character 5a03e0bb-b7d3-431b-96c8-f79e67de2e6e
[2025-07-14 11:06:11] Waiting for download file for character 5a03e0bb-b7d3-431b-96c8-f79e67de2e6e, files before: 0
[2025-07-14 11:06:11] New file detected for 5a03e0bb-b7d3-431b-96c8-f79e67de2e6e: /Users/txcslm/~RIDER/JannyAI/JannyAI/bin/Debug/net9.0/temp_downloads/Cake.card.png, size: 323345 bytes
[2025-07-14 11:06:11] File download confirmed for 5a03e0bb-b7d3-431b-96c8-f79e67de2e6e - stable size: 323345 bytes
[2025-07-14 11:06:11] Moving file from /Users/txcslm/~RIDER/JannyAI/JannyAI/bin/Debug/net9.0/temp_downloads/Cake.card.png to /Users/txcslm/~RIDER/JannyAI/JannyAI/bin/Debug/net9.0/jannyai_characters/5a03e0bb-b7d3-431b-96c8-f79e67de2e6e.png
[2025-07-14 11:06:11] File successfully saved for 5a03e0bb-b7d3-431b-96c8-f79e67de2e6e, size: 323345 bytes
[2025-07-14 11:06:13] Returned to list page after downloading 5a03e0bb-b7d3-431b-96c8-f79e67de2e6e
[2025-07-14 11:06:13] SUCCESS: Character 5a03e0bb-b7d3-431b-96c8-f79e67de2e6e downloaded successfully
[2025-07-14 11:06:13] Processing character 33/40: aaf5b0ae-979d-48c1-8725-b1bee2f0ed7d, URL: https://jannyai.com/characters/aaf5b0ae-979d-48c1-8725-b1bee2f0ed7d_character-suzumura-alisa
[2025-07-14 11:06:13] Download attempt 1/3 for character aaf5b0ae-979d-48c1-8725-b1bee2f0ed7d
[2025-07-14 11:06:14] Navigated to character page: https://jannyai.com/characters/aaf5b0ae-979d-48c1-8725-b1bee2f0ed7d_character-suzumura-alisa
[2025-07-14 11:06:14] Download button found for character aaf5b0ae-979d-48c1-8725-b1bee2f0ed7d
[2025-07-14 11:06:14] Files before download: 0 for character aaf5b0ae-979d-48c1-8725-b1bee2f0ed7d
[2025-07-14 11:06:14] Download button clicked for character aaf5b0ae-979d-48c1-8725-b1bee2f0ed7d
[2025-07-14 11:06:14] Waiting for download file for character aaf5b0ae-979d-48c1-8725-b1bee2f0ed7d, files before: 0
[2025-07-14 11:06:15] New file detected for aaf5b0ae-979d-48c1-8725-b1bee2f0ed7d: /Users/txcslm/~RIDER/JannyAI/JannyAI/bin/Debug/net9.0/temp_downloads/Suzumura Alisa.card.png, size: 321868 bytes
[2025-07-14 11:06:15] File download confirmed for aaf5b0ae-979d-48c1-8725-b1bee2f0ed7d - stable size: 321868 bytes
[2025-07-14 11:06:15] Moving file from /Users/txcslm/~RIDER/JannyAI/JannyAI/bin/Debug/net9.0/temp_downloads/Suzumura Alisa.card.png to /Users/txcslm/~RIDER/JannyAI/JannyAI/bin/Debug/net9.0/jannyai_characters/aaf5b0ae-979d-48c1-8725-b1bee2f0ed7d.png
[2025-07-14 11:06:15] File successfully saved for aaf5b0ae-979d-48c1-8725-b1bee2f0ed7d, size: 321868 bytes
[2025-07-14 11:06:16] Returned to list page after downloading aaf5b0ae-979d-48c1-8725-b1bee2f0ed7d
[2025-07-14 11:06:16] SUCCESS: Character aaf5b0ae-979d-48c1-8725-b1bee2f0ed7d downloaded successfully
[2025-07-14 11:06:17] Processing character 34/40: a381ce19-006e-486c-9433-94c226bb8af7, URL: https://jannyai.com/characters/a381ce19-006e-486c-9433-94c226bb8af7_character-stormshadow
[2025-07-14 11:06:17] Download attempt 1/3 for character a381ce19-006e-486c-9433-94c226bb8af7
[2025-07-14 11:06:18] Navigated to character page: https://jannyai.com/characters/a381ce19-006e-486c-9433-94c226bb8af7_character-stormshadow
[2025-07-14 11:06:18] Download button found for character a381ce19-006e-486c-9433-94c226bb8af7
[2025-07-14 11:06:18] Files before download: 0 for character a381ce19-006e-486c-9433-94c226bb8af7
[2025-07-14 11:06:18] Download button clicked for character a381ce19-006e-486c-9433-94c226bb8af7
[2025-07-14 11:06:18] Waiting for download file for character a381ce19-006e-486c-9433-94c226bb8af7, files before: 0
[2025-07-14 11:06:18] New file detected for a381ce19-006e-486c-9433-94c226bb8af7: /Users/txcslm/~RIDER/JannyAI/JannyAI/bin/Debug/net9.0/temp_downloads/Stormshadow.card.png, size: 419208 bytes
[2025-07-14 11:06:19] File download confirmed for a381ce19-006e-486c-9433-94c226bb8af7 - stable size: 419208 bytes
[2025-07-14 11:06:19] Moving file from /Users/txcslm/~RIDER/JannyAI/JannyAI/bin/Debug/net9.0/temp_downloads/Stormshadow.card.png to /Users/txcslm/~RIDER/JannyAI/JannyAI/bin/Debug/net9.0/jannyai_characters/a381ce19-006e-486c-9433-94c226bb8af7.png
[2025-07-14 11:06:19] File successfully saved for a381ce19-006e-486c-9433-94c226bb8af7, size: 419208 bytes
[2025-07-14 11:06:20] Returned to list page after downloading a381ce19-006e-486c-9433-94c226bb8af7
[2025-07-14 11:06:20] SUCCESS: Character a381ce19-006e-486c-9433-94c226bb8af7 downloaded successfully
[2025-07-14 11:06:20] Processing character 35/40: 6940f535-283f-45c8-87b8-cab8101f23b4, URL: https://jannyai.com/characters/6940f535-283f-45c8-87b8-cab8101f23b4_character-sombra
[2025-07-14 11:06:20] Download attempt 1/3 for character 6940f535-283f-45c8-87b8-cab8101f23b4
[2025-07-14 11:06:22] Navigated to character page: https://jannyai.com/characters/6940f535-283f-45c8-87b8-cab8101f23b4_character-sombra
[2025-07-14 11:06:22] Download button found for character 6940f535-283f-45c8-87b8-cab8101f23b4
[2025-07-14 11:06:22] Files before download: 0 for character 6940f535-283f-45c8-87b8-cab8101f23b4
[2025-07-14 11:06:22] Download button clicked for character 6940f535-283f-45c8-87b8-cab8101f23b4
[2025-07-14 11:06:22] Waiting for download file for character 6940f535-283f-45c8-87b8-cab8101f23b4, files before: 0
[2025-07-14 11:06:22] New file detected for 6940f535-283f-45c8-87b8-cab8101f23b4: /Users/txcslm/~RIDER/JannyAI/JannyAI/bin/Debug/net9.0/temp_downloads/Sombra.card.png, size: 1493751 bytes
[2025-07-14 11:06:23] File download confirmed for 6940f535-283f-45c8-87b8-cab8101f23b4 - stable size: 1493751 bytes
[2025-07-14 11:06:23] Moving file from /Users/txcslm/~RIDER/JannyAI/JannyAI/bin/Debug/net9.0/temp_downloads/Sombra.card.png to /Users/txcslm/~RIDER/JannyAI/JannyAI/bin/Debug/net9.0/jannyai_characters/6940f535-283f-45c8-87b8-cab8101f23b4.png
[2025-07-14 11:06:23] File successfully saved for 6940f535-283f-45c8-87b8-cab8101f23b4, size: 1493751 bytes
[2025-07-14 11:06:24] Returned to list page after downloading 6940f535-283f-45c8-87b8-cab8101f23b4
[2025-07-14 11:06:24] SUCCESS: Character 6940f535-283f-45c8-87b8-cab8101f23b4 downloaded successfully
[2025-07-14 11:06:24] Processing character 36/40: 933d58c3-a20c-4882-9adf-9eff7b27d1d1, URL: https://jannyai.com/characters/933d58c3-a20c-4882-9adf-9eff7b27d1d1_character-rafe-cameron
[2025-07-14 11:06:24] Download attempt 1/3 for character 933d58c3-a20c-4882-9adf-9eff7b27d1d1
[2025-07-14 11:06:26] Navigated to character page: https://jannyai.com/characters/933d58c3-a20c-4882-9adf-9eff7b27d1d1_character-rafe-cameron
[2025-07-14 11:06:26] Download button found for character 933d58c3-a20c-4882-9adf-9eff7b27d1d1
[2025-07-14 11:06:26] Files before download: 0 for character 933d58c3-a20c-4882-9adf-9eff7b27d1d1
[2025-07-14 11:06:26] Download button clicked for character 933d58c3-a20c-4882-9adf-9eff7b27d1d1
[2025-07-14 11:06:26] Waiting for download file for character 933d58c3-a20c-4882-9adf-9eff7b27d1d1, files before: 0
[2025-07-14 11:06:27] New file detected for 933d58c3-a20c-4882-9adf-9eff7b27d1d1: /Users/txcslm/~RIDER/JannyAI/JannyAI/bin/Debug/net9.0/temp_downloads/Rafe Cameron .card.png, size: 591689 bytes
[2025-07-14 11:06:27] File download confirmed for 933d58c3-a20c-4882-9adf-9eff7b27d1d1 - stable size: 591689 bytes
[2025-07-14 11:06:27] Moving file from /Users/txcslm/~RIDER/JannyAI/JannyAI/bin/Debug/net9.0/temp_downloads/Rafe Cameron .card.png to /Users/txcslm/~RIDER/JannyAI/JannyAI/bin/Debug/net9.0/jannyai_characters/933d58c3-a20c-4882-9adf-9eff7b27d1d1.png
[2025-07-14 11:06:27] File successfully saved for 933d58c3-a20c-4882-9adf-9eff7b27d1d1, size: 591689 bytes
[2025-07-14 11:06:29] Returned to list page after downloading 933d58c3-a20c-4882-9adf-9eff7b27d1d1
[2025-07-14 11:06:29] SUCCESS: Character 933d58c3-a20c-4882-9adf-9eff7b27d1d1 downloaded successfully
[2025-07-14 11:06:30] Processing character 37/40: a45c95ce-5767-46cc-bc15-4edf7a533670, URL: https://jannyai.com/characters/a45c95ce-5767-46cc-bc15-4edf7a533670_character-corry
[2025-07-14 11:06:30] Download attempt 1/3 for character a45c95ce-5767-46cc-bc15-4edf7a533670
[2025-07-14 11:06:31] Navigated to character page: https://jannyai.com/characters/a45c95ce-5767-46cc-bc15-4edf7a533670_character-corry
[2025-07-14 11:06:31] Download button found for character a45c95ce-5767-46cc-bc15-4edf7a533670
[2025-07-14 11:06:31] Files before download: 0 for character a45c95ce-5767-46cc-bc15-4edf7a533670
[2025-07-14 11:06:31] Download button clicked for character a45c95ce-5767-46cc-bc15-4edf7a533670
[2025-07-14 11:06:31] Waiting for download file for character a45c95ce-5767-46cc-bc15-4edf7a533670, files before: 0
[2025-07-14 11:06:31] New file detected for a45c95ce-5767-46cc-bc15-4edf7a533670: /Users/txcslm/~RIDER/JannyAI/JannyAI/bin/Debug/net9.0/temp_downloads/Corry.card.png, size: 570263 bytes
[2025-07-14 11:06:32] File download confirmed for a45c95ce-5767-46cc-bc15-4edf7a533670 - stable size: 570263 bytes
[2025-07-14 11:06:32] Moving file from /Users/txcslm/~RIDER/JannyAI/JannyAI/bin/Debug/net9.0/temp_downloads/Corry.card.png to /Users/txcslm/~RIDER/JannyAI/JannyAI/bin/Debug/net9.0/jannyai_characters/a45c95ce-5767-46cc-bc15-4edf7a533670.png
[2025-07-14 11:06:32] File successfully saved for a45c95ce-5767-46cc-bc15-4edf7a533670, size: 570263 bytes
[2025-07-14 11:06:33] Returned to list page after downloading a45c95ce-5767-46cc-bc15-4edf7a533670
[2025-07-14 11:06:33] SUCCESS: Character a45c95ce-5767-46cc-bc15-4edf7a533670 downloaded successfully
[2025-07-14 11:06:33] Processing character 38/40: 3e843a25-3022-4d99-98cb-5d31a087e535, URL: https://jannyai.com/characters/3e843a25-3022-4d99-98cb-5d31a087e535_character-childe
[2025-07-14 11:06:33] Download attempt 1/3 for character 3e843a25-3022-4d99-98cb-5d31a087e535
[2025-07-14 11:06:35] Navigated to character page: https://jannyai.com/characters/3e843a25-3022-4d99-98cb-5d31a087e535_character-childe
[2025-07-14 11:06:35] Download button found for character 3e843a25-3022-4d99-98cb-5d31a087e535
[2025-07-14 11:06:35] Files before download: 0 for character 3e843a25-3022-4d99-98cb-5d31a087e535
[2025-07-14 11:06:35] Download button clicked for character 3e843a25-3022-4d99-98cb-5d31a087e535
[2025-07-14 11:06:35] Waiting for download file for character 3e843a25-3022-4d99-98cb-5d31a087e535, files before: 0
[2025-07-14 11:06:35] New file detected for 3e843a25-3022-4d99-98cb-5d31a087e535: /Users/txcslm/~RIDER/JannyAI/JannyAI/bin/Debug/net9.0/temp_downloads/Childe.card.png, size: 807133 bytes
[2025-07-14 11:06:36] File download confirmed for 3e843a25-3022-4d99-98cb-5d31a087e535 - stable size: 807133 bytes
[2025-07-14 11:06:36] Moving file from /Users/txcslm/~RIDER/JannyAI/JannyAI/bin/Debug/net9.0/temp_downloads/Childe.card.png to /Users/txcslm/~RIDER/JannyAI/JannyAI/bin/Debug/net9.0/jannyai_characters/3e843a25-3022-4d99-98cb-5d31a087e535.png
[2025-07-14 11:06:36] File successfully saved for 3e843a25-3022-4d99-98cb-5d31a087e535, size: 807133 bytes
[2025-07-14 11:06:37] Returned to list page after downloading 3e843a25-3022-4d99-98cb-5d31a087e535
[2025-07-14 11:06:37] SUCCESS: Character 3e843a25-3022-4d99-98cb-5d31a087e535 downloaded successfully
[2025-07-14 11:06:37] Processing character 39/40: 2e4eb037-d7fe-4bc5-9f61-3c2248c1b758, URL: https://jannyai.com/characters/2e4eb037-d7fe-4bc5-9f61-3c2248c1b758_character-meru
[2025-07-14 11:06:37] Download attempt 1/3 for character 2e4eb037-d7fe-4bc5-9f61-3c2248c1b758
[2025-07-14 11:06:39] Navigated to character page: https://jannyai.com/characters/2e4eb037-d7fe-4bc5-9f61-3c2248c1b758_character-meru
[2025-07-14 11:06:39] Download button found for character 2e4eb037-d7fe-4bc5-9f61-3c2248c1b758
[2025-07-14 11:06:39] Files before download: 0 for character 2e4eb037-d7fe-4bc5-9f61-3c2248c1b758
[2025-07-14 11:06:39] Download button clicked for character 2e4eb037-d7fe-4bc5-9f61-3c2248c1b758
[2025-07-14 11:06:39] Waiting for download file for character 2e4eb037-d7fe-4bc5-9f61-3c2248c1b758, files before: 0
[2025-07-14 11:06:39] New file detected for 2e4eb037-d7fe-4bc5-9f61-3c2248c1b758: /Users/txcslm/~RIDER/JannyAI/JannyAI/bin/Debug/net9.0/temp_downloads/Meru.card.png, size: 291257 bytes
[2025-07-14 11:06:39] File download confirmed for 2e4eb037-d7fe-4bc5-9f61-3c2248c1b758 - stable size: 291257 bytes
[2025-07-14 11:06:39] Moving file from /Users/txcslm/~RIDER/JannyAI/JannyAI/bin/Debug/net9.0/temp_downloads/Meru.card.png to /Users/txcslm/~RIDER/JannyAI/JannyAI/bin/Debug/net9.0/jannyai_characters/2e4eb037-d7fe-4bc5-9f61-3c2248c1b758.png
[2025-07-14 11:06:39] File successfully saved for 2e4eb037-d7fe-4bc5-9f61-3c2248c1b758, size: 291257 bytes
[2025-07-14 11:06:41] Returned to list page after downloading 2e4eb037-d7fe-4bc5-9f61-3c2248c1b758
[2025-07-14 11:06:41] SUCCESS: Character 2e4eb037-d7fe-4bc5-9f61-3c2248c1b758 downloaded successfully
[2025-07-14 11:06:41] Processing character 40/40: bfdd53ac-659e-4612-b5a5-766e5f79c382, URL: https://jannyai.com/characters/bfdd53ac-659e-4612-b5a5-766e5f79c382_character-bela-dimitrescu
[2025-07-14 11:06:41] Download attempt 1/3 for character bfdd53ac-659e-4612-b5a5-766e5f79c382
[2025-07-14 11:06:43] Navigated to character page: https://jannyai.com/characters/bfdd53ac-659e-4612-b5a5-766e5f79c382_character-bela-dimitrescu
[2025-07-14 11:06:43] Download button found for character bfdd53ac-659e-4612-b5a5-766e5f79c382
[2025-07-14 11:06:43] Files before download: 0 for character bfdd53ac-659e-4612-b5a5-766e5f79c382
[2025-07-14 11:06:43] Download button clicked for character bfdd53ac-659e-4612-b5a5-766e5f79c382
[2025-07-14 11:06:43] Waiting for download file for character bfdd53ac-659e-4612-b5a5-766e5f79c382, files before: 0
[2025-07-14 11:06:43] New file detected for bfdd53ac-659e-4612-b5a5-766e5f79c382: /Users/txcslm/~RIDER/JannyAI/JannyAI/bin/Debug/net9.0/temp_downloads/Bela Dimitrescu.card.png, size: 451648 bytes
[2025-07-14 11:06:44] File download confirmed for bfdd53ac-659e-4612-b5a5-766e5f79c382 - stable size: 451648 bytes
[2025-07-14 11:06:44] Moving file from /Users/txcslm/~RIDER/JannyAI/JannyAI/bin/Debug/net9.0/temp_downloads/Bela Dimitrescu.card.png to /Users/txcslm/~RIDER/JannyAI/JannyAI/bin/Debug/net9.0/jannyai_characters/bfdd53ac-659e-4612-b5a5-766e5f79c382.png
[2025-07-14 11:06:44] File successfully saved for bfdd53ac-659e-4612-b5a5-766e5f79c382, size: 451648 bytes
[2025-07-14 11:06:45] Returned to list page after downloading bfdd53ac-659e-4612-b5a5-766e5f79c382
[2025-07-14 11:06:45] SUCCESS: Character bfdd53ac-659e-4612-b5a5-766e5f79c382 downloaded successfully
[2025-07-14 11:06:45] Завершена обработка страницы 21690, обработано персонажей: 38
[2025-07-14 11:06:45] Страница 21690 завершена - обработано: 38, всего: 110
[2025-07-14 11:06:45] Attempting to go to previous page from 21690
[2025-07-14 11:06:45] Navigating to previous page: 21689
[2025-07-14 11:06:51] Successfully navigated to page 21689
[2025-07-14 11:06:52] Начало обработки страницы 21689
[2025-07-14 11:06:52] Грид персонажей загружен на странице 21689
[2025-07-14 11:06:52] Сохранен URL страницы для возврата: https://jannyai.com/?page=21689
[2025-07-14 11:06:52] Processing character 1/40: a2537dbd-259a-40a5-9cd1-32c1dc29f824, URL: https://jannyai.com/characters/a2537dbd-259a-40a5-9cd1-32c1dc29f824_character-yoshi
[2025-07-14 11:06:52] Download attempt 1/3 for character a2537dbd-259a-40a5-9cd1-32c1dc29f824
[2025-07-14 11:06:53] Navigated to character page: https://jannyai.com/characters/a2537dbd-259a-40a5-9cd1-32c1dc29f824_character-yoshi
[2025-07-14 11:06:53] Download button found for character a2537dbd-259a-40a5-9cd1-32c1dc29f824
[2025-07-14 11:06:53] Files before download: 0 for character a2537dbd-259a-40a5-9cd1-32c1dc29f824
[2025-07-14 11:06:53] Download button clicked for character a2537dbd-259a-40a5-9cd1-32c1dc29f824
[2025-07-14 11:06:53] Waiting for download file for character a2537dbd-259a-40a5-9cd1-32c1dc29f824, files before: 0
[2025-07-14 11:06:53] New file detected for a2537dbd-259a-40a5-9cd1-32c1dc29f824: /Users/txcslm/~RIDER/JannyAI/JannyAI/bin/Debug/net9.0/temp_downloads/Yoshi.card.png, size: 1013714 bytes
[2025-07-14 11:06:54] File download confirmed for a2537dbd-259a-40a5-9cd1-32c1dc29f824 - stable size: 1013714 bytes
[2025-07-14 11:06:54] Moving file from /Users/txcslm/~RIDER/JannyAI/JannyAI/bin/Debug/net9.0/temp_downloads/Yoshi.card.png to /Users/txcslm/~RIDER/JannyAI/JannyAI/bin/Debug/net9.0/jannyai_characters/a2537dbd-259a-40a5-9cd1-32c1dc29f824.png
[2025-07-14 11:06:54] File successfully saved for a2537dbd-259a-40a5-9cd1-32c1dc29f824, size: 1013714 bytes
[2025-07-14 11:06:55] Returned to list page after downloading a2537dbd-259a-40a5-9cd1-32c1dc29f824
[2025-07-14 11:06:55] SUCCESS: Character a2537dbd-259a-40a5-9cd1-32c1dc29f824 downloaded successfully
[2025-07-14 11:06:55] Processing character 2/40: 0d8f937d-e6cc-45e7-b874-fd1e07a85d5d, URL: https://jannyai.com/characters/0d8f937d-e6cc-45e7-b874-fd1e07a85d5d_character-koh-daehwi
[2025-07-14 11:06:55] Download attempt 1/3 for character 0d8f937d-e6cc-45e7-b874-fd1e07a85d5d
[2025-07-14 11:06:56] Navigated to character page: https://jannyai.com/characters/0d8f937d-e6cc-45e7-b874-fd1e07a85d5d_character-koh-daehwi
[2025-07-14 11:06:57] Download button found for character 0d8f937d-e6cc-45e7-b874-fd1e07a85d5d
[2025-07-14 11:06:57] Files before download: 0 for character 0d8f937d-e6cc-45e7-b874-fd1e07a85d5d
[2025-07-14 11:06:57] Download button clicked for character 0d8f937d-e6cc-45e7-b874-fd1e07a85d5d
[2025-07-14 11:06:57] Waiting for download file for character 0d8f937d-e6cc-45e7-b874-fd1e07a85d5d, files before: 0
[2025-07-14 11:06:57] New file detected for 0d8f937d-e6cc-45e7-b874-fd1e07a85d5d: /Users/txcslm/~RIDER/JannyAI/JannyAI/bin/Debug/net9.0/temp_downloads/Koh Daehwi.card.png, size: 581815 bytes
[2025-07-14 11:06:57] File download confirmed for 0d8f937d-e6cc-45e7-b874-fd1e07a85d5d - stable size: 581815 bytes
[2025-07-14 11:06:57] Moving file from /Users/txcslm/~RIDER/JannyAI/JannyAI/bin/Debug/net9.0/temp_downloads/Koh Daehwi.card.png to /Users/txcslm/~RIDER/JannyAI/JannyAI/bin/Debug/net9.0/jannyai_characters/0d8f937d-e6cc-45e7-b874-fd1e07a85d5d.png
[2025-07-14 11:06:57] File successfully saved for 0d8f937d-e6cc-45e7-b874-fd1e07a85d5d, size: 581815 bytes
[2025-07-14 11:07:00] Returned to list page after downloading 0d8f937d-e6cc-45e7-b874-fd1e07a85d5d
[2025-07-14 11:07:00] SUCCESS: Character 0d8f937d-e6cc-45e7-b874-fd1e07a85d5d downloaded successfully
[2025-07-14 11:07:01] Processing character 3/40: 8a3ea9cd-b113-4a88-8b6c-8b39c428998c, URL: https://jannyai.com/characters/8a3ea9cd-b113-4a88-8b6c-8b39c428998c_character-saruhiko-fushimi
[2025-07-14 11:07:01] Download attempt 1/3 for character 8a3ea9cd-b113-4a88-8b6c-8b39c428998c
[2025-07-14 11:07:07] Navigated to character page: https://jannyai.com/characters/8a3ea9cd-b113-4a88-8b6c-8b39c428998c_character-saruhiko-fushimi
[2025-07-14 11:07:07] Download button found for character 8a3ea9cd-b113-4a88-8b6c-8b39c428998c
[2025-07-14 11:07:07] Files before download: 0 for character 8a3ea9cd-b113-4a88-8b6c-8b39c428998c
[2025-07-14 11:07:07] Download button clicked for character 8a3ea9cd-b113-4a88-8b6c-8b39c428998c
[2025-07-14 11:07:07] Waiting for download file for character 8a3ea9cd-b113-4a88-8b6c-8b39c428998c, files before: 0
[2025-07-14 11:07:07] New file detected for 8a3ea9cd-b113-4a88-8b6c-8b39c428998c: /Users/txcslm/~RIDER/JannyAI/JannyAI/bin/Debug/net9.0/temp_downloads/Saruhiko Fushimi.card.png, size: 629982 bytes
[2025-07-14 11:07:08] File download confirmed for 8a3ea9cd-b113-4a88-8b6c-8b39c428998c - stable size: 629982 bytes
[2025-07-14 11:07:08] Moving file from /Users/txcslm/~RIDER/JannyAI/JannyAI/bin/Debug/net9.0/temp_downloads/Saruhiko Fushimi.card.png to /Users/txcslm/~RIDER/JannyAI/JannyAI/bin/Debug/net9.0/jannyai_characters/8a3ea9cd-b113-4a88-8b6c-8b39c428998c.png
[2025-07-14 11:07:08] File successfully saved for 8a3ea9cd-b113-4a88-8b6c-8b39c428998c, size: 629982 bytes
[2025-07-14 11:07:09] Returned to list page after downloading 8a3ea9cd-b113-4a88-8b6c-8b39c428998c
[2025-07-14 11:07:09] SUCCESS: Character 8a3ea9cd-b113-4a88-8b6c-8b39c428998c downloaded successfully
[2025-07-14 11:07:09] Processing character 4/40: ee3757e5-a2e9-45b4-b1e1-a7f682e8f165, URL: https://jannyai.com/characters/ee3757e5-a2e9-45b4-b1e1-a7f682e8f165_character-eros-vasilios
[2025-07-14 11:07:09] Download attempt 1/3 for character ee3757e5-a2e9-45b4-b1e1-a7f682e8f165
[2025-07-14 11:07:10] Navigated to character page: https://jannyai.com/characters/ee3757e5-a2e9-45b4-b1e1-a7f682e8f165_character-eros-vasilios
[2025-07-14 11:07:11] Download button found for character ee3757e5-a2e9-45b4-b1e1-a7f682e8f165
[2025-07-14 11:07:11] Files before download: 0 for character ee3757e5-a2e9-45b4-b1e1-a7f682e8f165
[2025-07-14 11:07:11] Download button clicked for character ee3757e5-a2e9-45b4-b1e1-a7f682e8f165
[2025-07-14 11:07:11] Waiting for download file for character ee3757e5-a2e9-45b4-b1e1-a7f682e8f165, files before: 0
[2025-07-14 11:07:11] New file detected for ee3757e5-a2e9-45b4-b1e1-a7f682e8f165: /Users/txcslm/~RIDER/JannyAI/JannyAI/bin/Debug/net9.0/temp_downloads/Eros Vasilios.card.png, size: 991146 bytes
[2025-07-14 11:07:11] File download confirmed for ee3757e5-a2e9-45b4-b1e1-a7f682e8f165 - stable size: 991146 bytes
[2025-07-14 11:07:11] Moving file from /Users/txcslm/~RIDER/JannyAI/JannyAI/bin/Debug/net9.0/temp_downloads/Eros Vasilios.card.png to /Users/txcslm/~RIDER/JannyAI/JannyAI/bin/Debug/net9.0/jannyai_characters/ee3757e5-a2e9-45b4-b1e1-a7f682e8f165.png
[2025-07-14 11:07:11] File successfully saved for ee3757e5-a2e9-45b4-b1e1-a7f682e8f165, size: 991146 bytes
[2025-07-14 11:07:13] Returned to list page after downloading ee3757e5-a2e9-45b4-b1e1-a7f682e8f165
[2025-07-14 11:07:13] SUCCESS: Character ee3757e5-a2e9-45b4-b1e1-a7f682e8f165 downloaded successfully
[2025-07-14 11:07:13] Processing character 5/40: 8efa356e-f574-41cd-b343-38c9a5b152c8, URL: https://jannyai.com/characters/8efa356e-f574-41cd-b343-38c9a5b152c8_character-beelzebub
[2025-07-14 11:07:13] Download attempt 1/3 for character 8efa356e-f574-41cd-b343-38c9a5b152c8
[2025-07-14 11:07:14] Navigated to character page: https://jannyai.com/characters/8efa356e-f574-41cd-b343-38c9a5b152c8_character-beelzebub
[2025-07-14 11:07:14] Download button found for character 8efa356e-f574-41cd-b343-38c9a5b152c8
[2025-07-14 11:07:14] Files before download: 0 for character 8efa356e-f574-41cd-b343-38c9a5b152c8
[2025-07-14 11:07:14] Download button clicked for character 8efa356e-f574-41cd-b343-38c9a5b152c8
[2025-07-14 11:07:14] Waiting for download file for character 8efa356e-f574-41cd-b343-38c9a5b152c8, files before: 0
[2025-07-14 11:07:15] New file detected for 8efa356e-f574-41cd-b343-38c9a5b152c8: /Users/txcslm/~RIDER/JannyAI/JannyAI/bin/Debug/net9.0/temp_downloads/Beelzebub.card.png, size: 938470 bytes
[2025-07-14 11:07:15] File download confirmed for 8efa356e-f574-41cd-b343-38c9a5b152c8 - stable size: 938470 bytes
[2025-07-14 11:07:15] Moving file from /Users/txcslm/~RIDER/JannyAI/JannyAI/bin/Debug/net9.0/temp_downloads/Beelzebub.card.png to /Users/txcslm/~RIDER/JannyAI/JannyAI/bin/Debug/net9.0/jannyai_characters/8efa356e-f574-41cd-b343-38c9a5b152c8.png
[2025-07-14 11:07:15] File successfully saved for 8efa356e-f574-41cd-b343-38c9a5b152c8, size: 938470 bytes
[2025-07-14 11:07:16] Returned to list page after downloading 8efa356e-f574-41cd-b343-38c9a5b152c8
[2025-07-14 11:07:16] SUCCESS: Character 8efa356e-f574-41cd-b343-38c9a5b152c8 downloaded successfully
[2025-07-14 11:07:17] Processing character 6/40: 92a38899-a51c-4b7e-be09-c9828f8f5030, URL: https://jannyai.com/characters/92a38899-a51c-4b7e-be09-c9828f8f5030_character-doll-jj
[2025-07-14 11:07:17] Download attempt 1/3 for character 92a38899-a51c-4b7e-be09-c9828f8f5030
[2025-07-14 11:07:18] Navigated to character page: https://jannyai.com/characters/92a38899-a51c-4b7e-be09-c9828f8f5030_character-doll-jj
[2025-07-14 11:07:18] Download button found for character 92a38899-a51c-4b7e-be09-c9828f8f5030
[2025-07-14 11:07:18] Files before download: 0 for character 92a38899-a51c-4b7e-be09-c9828f8f5030
[2025-07-14 11:07:18] Download button clicked for character 92a38899-a51c-4b7e-be09-c9828f8f5030
[2025-07-14 11:07:18] Waiting for download file for character 92a38899-a51c-4b7e-be09-c9828f8f5030, files before: 0
[2025-07-14 11:07:18] New file detected for 92a38899-a51c-4b7e-be09-c9828f8f5030: /Users/txcslm/~RIDER/JannyAI/JannyAI/bin/Debug/net9.0/temp_downloads/Doll! JJ.card.png, size: 64756 bytes
[2025-07-14 11:07:19] File download confirmed for 92a38899-a51c-4b7e-be09-c9828f8f5030 - stable size: 64756 bytes
[2025-07-14 11:07:19] Moving file from /Users/txcslm/~RIDER/JannyAI/JannyAI/bin/Debug/net9.0/temp_downloads/Doll! JJ.card.png to /Users/txcslm/~RIDER/JannyAI/JannyAI/bin/Debug/net9.0/jannyai_characters/92a38899-a51c-4b7e-be09-c9828f8f5030.png
[2025-07-14 11:07:19] File successfully saved for 92a38899-a51c-4b7e-be09-c9828f8f5030, size: 64756 bytes
[2025-07-14 11:07:20] Returned to list page after downloading 92a38899-a51c-4b7e-be09-c9828f8f5030
[2025-07-14 11:07:20] SUCCESS: Character 92a38899-a51c-4b7e-be09-c9828f8f5030 downloaded successfully
[2025-07-14 11:07:20] Processing character 7/40: fba5aca6-6565-409e-9bd1-dfb91d5b7d6a, URL: https://jannyai.com/characters/fba5aca6-6565-409e-9bd1-dfb91d5b7d6a_character-childe
[2025-07-14 11:07:20] Download attempt 1/3 for character fba5aca6-6565-409e-9bd1-dfb91d5b7d6a
[2025-07-14 11:07:21] Navigated to character page: https://jannyai.com/characters/fba5aca6-6565-409e-9bd1-dfb91d5b7d6a_character-childe
[2025-07-14 11:07:22] Download button found for character fba5aca6-6565-409e-9bd1-dfb91d5b7d6a
[2025-07-14 11:07:22] Files before download: 0 for character fba5aca6-6565-409e-9bd1-dfb91d5b7d6a
[2025-07-14 11:07:22] Download button clicked for character fba5aca6-6565-409e-9bd1-dfb91d5b7d6a
[2025-07-14 11:07:22] Waiting for download file for character fba5aca6-6565-409e-9bd1-dfb91d5b7d6a, files before: 0
[2025-07-14 11:07:22] New file detected for fba5aca6-6565-409e-9bd1-dfb91d5b7d6a: /Users/txcslm/~RIDER/JannyAI/JannyAI/bin/Debug/net9.0/temp_downloads/childe.card.png, size: 734933 bytes
[2025-07-14 11:07:22] File download confirmed for fba5aca6-6565-409e-9bd1-dfb91d5b7d6a - stable size: 734933 bytes
[2025-07-14 11:07:22] Moving file from /Users/txcslm/~RIDER/JannyAI/JannyAI/bin/Debug/net9.0/temp_downloads/childe.card.png to /Users/txcslm/~RIDER/JannyAI/JannyAI/bin/Debug/net9.0/jannyai_characters/fba5aca6-6565-409e-9bd1-dfb91d5b7d6a.png
[2025-07-14 11:07:22] File successfully saved for fba5aca6-6565-409e-9bd1-dfb91d5b7d6a, size: 734933 bytes
[2025-07-14 11:07:24] Returned to list page after downloading fba5aca6-6565-409e-9bd1-dfb91d5b7d6a
[2025-07-14 11:07:24] SUCCESS: Character fba5aca6-6565-409e-9bd1-dfb91d5b7d6a downloaded successfully
[2025-07-14 11:07:24] Processing character 8/40: f3ed696e-5247-4b92-aa56-404d48adc2d6, URL: https://jannyai.com/characters/f3ed696e-5247-4b92-aa56-404d48adc2d6_character-suction-cup-man
[2025-07-14 11:07:24] Download attempt 1/3 for character f3ed696e-5247-4b92-aa56-404d48adc2d6
[2025-07-14 11:07:25] Navigated to character page: https://jannyai.com/characters/f3ed696e-5247-4b92-aa56-404d48adc2d6_character-suction-cup-man
[2025-07-14 11:07:25] Download button found for character f3ed696e-5247-4b92-aa56-404d48adc2d6
[2025-07-14 11:07:25] Files before download: 0 for character f3ed696e-5247-4b92-aa56-404d48adc2d6
[2025-07-14 11:07:25] Download button clicked for character f3ed696e-5247-4b92-aa56-404d48adc2d6
[2025-07-14 11:07:25] Waiting for download file for character f3ed696e-5247-4b92-aa56-404d48adc2d6, files before: 0
[2025-07-14 11:07:25] New file detected for f3ed696e-5247-4b92-aa56-404d48adc2d6: /Users/txcslm/~RIDER/JannyAI/JannyAI/bin/Debug/net9.0/temp_downloads/Suction Cup Man.card.png, size: 325423 bytes
[2025-07-14 11:07:26] File download confirmed for f3ed696e-5247-4b92-aa56-404d48adc2d6 - stable size: 325423 bytes
[2025-07-14 11:07:26] Moving file from /Users/txcslm/~RIDER/JannyAI/JannyAI/bin/Debug/net9.0/temp_downloads/Suction Cup Man.card.png to /Users/txcslm/~RIDER/JannyAI/JannyAI/bin/Debug/net9.0/jannyai_characters/f3ed696e-5247-4b92-aa56-404d48adc2d6.png
[2025-07-14 11:07:26] File successfully saved for f3ed696e-5247-4b92-aa56-404d48adc2d6, size: 325423 bytes
[2025-07-14 11:07:27] Returned to list page after downloading f3ed696e-5247-4b92-aa56-404d48adc2d6
[2025-07-14 11:07:27] SUCCESS: Character f3ed696e-5247-4b92-aa56-404d48adc2d6 downloaded successfully
[2025-07-14 11:07:27] Processing character 9/40: d7bf03b1-bea9-4efe-9a2b-e226c759f814, URL: https://jannyai.com/characters/d7bf03b1-bea9-4efe-9a2b-e226c759f814_character-pennywise
[2025-07-14 11:07:27] Download attempt 1/3 for character d7bf03b1-bea9-4efe-9a2b-e226c759f814
[2025-07-14 11:07:29] Navigated to character page: https://jannyai.com/characters/d7bf03b1-bea9-4efe-9a2b-e226c759f814_character-pennywise
[2025-07-14 11:07:29] Download button found for character d7bf03b1-bea9-4efe-9a2b-e226c759f814
[2025-07-14 11:07:29] Files before download: 0 for character d7bf03b1-bea9-4efe-9a2b-e226c759f814
[2025-07-14 11:07:29] Download button clicked for character d7bf03b1-bea9-4efe-9a2b-e226c759f814
[2025-07-14 11:07:29] Waiting for download file for character d7bf03b1-bea9-4efe-9a2b-e226c759f814, files before: 0
[2025-07-14 11:07:29] New file detected for d7bf03b1-bea9-4efe-9a2b-e226c759f814: /Users/txcslm/~RIDER/JannyAI/JannyAI/bin/Debug/net9.0/temp_downloads/Pennywise.card.png, size: 186567 bytes
[2025-07-14 11:07:30] File download confirmed for d7bf03b1-bea9-4efe-9a2b-e226c759f814 - stable size: 186567 bytes
[2025-07-14 11:07:30] Moving file from /Users/txcslm/~RIDER/JannyAI/JannyAI/bin/Debug/net9.0/temp_downloads/Pennywise.card.png to /Users/txcslm/~RIDER/JannyAI/JannyAI/bin/Debug/net9.0/jannyai_characters/d7bf03b1-bea9-4efe-9a2b-e226c759f814.png
[2025-07-14 11:07:30] File successfully saved for d7bf03b1-bea9-4efe-9a2b-e226c759f814, size: 186567 bytes
[2025-07-14 11:07:31] Returned to list page after downloading d7bf03b1-bea9-4efe-9a2b-e226c759f814
[2025-07-14 11:07:31] SUCCESS: Character d7bf03b1-bea9-4efe-9a2b-e226c759f814 downloaded successfully
[2025-07-14 11:07:31] Processing character 10/40: 0bb21cbe-1a69-4b15-9dd3-35f27515cbf9, URL: https://jannyai.com/characters/0bb21cbe-1a69-4b15-9dd3-35f27515cbf9_character-viktor
[2025-07-14 11:07:31] Download attempt 1/3 for character 0bb21cbe-1a69-4b15-9dd3-35f27515cbf9
[2025-07-14 11:07:33] Navigated to character page: https://jannyai.com/characters/0bb21cbe-1a69-4b15-9dd3-35f27515cbf9_character-viktor
[2025-07-14 11:07:33] Download button found for character 0bb21cbe-1a69-4b15-9dd3-35f27515cbf9
[2025-07-14 11:07:33] Files before download: 0 for character 0bb21cbe-1a69-4b15-9dd3-35f27515cbf9
[2025-07-14 11:07:33] Download button clicked for character 0bb21cbe-1a69-4b15-9dd3-35f27515cbf9
[2025-07-14 11:07:33] Waiting for download file for character 0bb21cbe-1a69-4b15-9dd3-35f27515cbf9, files before: 0
[2025-07-14 11:07:33] New file detected for 0bb21cbe-1a69-4b15-9dd3-35f27515cbf9: /Users/txcslm/~RIDER/JannyAI/JannyAI/bin/Debug/net9.0/temp_downloads/Viktor.card.png, size: 582011 bytes
[2025-07-14 11:07:33] File download confirmed for 0bb21cbe-1a69-4b15-9dd3-35f27515cbf9 - stable size: 582011 bytes
[2025-07-14 11:07:33] Moving file from /Users/txcslm/~RIDER/JannyAI/JannyAI/bin/Debug/net9.0/temp_downloads/Viktor.card.png to /Users/txcslm/~RIDER/JannyAI/JannyAI/bin/Debug/net9.0/jannyai_characters/0bb21cbe-1a69-4b15-9dd3-35f27515cbf9.png
[2025-07-14 11:07:33] File successfully saved for 0bb21cbe-1a69-4b15-9dd3-35f27515cbf9, size: 582011 bytes
[2025-07-14 11:07:35] Returned to list page after downloading 0bb21cbe-1a69-4b15-9dd3-35f27515cbf9
[2025-07-14 11:07:35] SUCCESS: Character 0bb21cbe-1a69-4b15-9dd3-35f27515cbf9 downloaded successfully
[2025-07-14 11:07:35] Processing character 11/40: a32e454f-d1d4-4e38-b93c-9c1260fe517d, URL: https://jannyai.com/characters/a32e454f-d1d4-4e38-b93c-9c1260fe517d_character-sans
[2025-07-14 11:07:35] Download attempt 1/3 for character a32e454f-d1d4-4e38-b93c-9c1260fe517d
[2025-07-14 11:07:37] Navigated to character page: https://jannyai.com/characters/a32e454f-d1d4-4e38-b93c-9c1260fe517d_character-sans
[2025-07-14 11:07:37] Download button found for character a32e454f-d1d4-4e38-b93c-9c1260fe517d
[2025-07-14 11:07:37] Files before download: 0 for character a32e454f-d1d4-4e38-b93c-9c1260fe517d
[2025-07-14 11:07:37] Download button clicked for character a32e454f-d1d4-4e38-b93c-9c1260fe517d
[2025-07-14 11:07:37] Waiting for download file for character a32e454f-d1d4-4e38-b93c-9c1260fe517d, files before: 0
[2025-07-14 11:07:37] New file detected for a32e454f-d1d4-4e38-b93c-9c1260fe517d: /Users/txcslm/~RIDER/JannyAI/JannyAI/bin/Debug/net9.0/temp_downloads/Sans.card.png, size: 319333 bytes
[2025-07-14 11:07:37] File download confirmed for a32e454f-d1d4-4e38-b93c-9c1260fe517d - stable size: 319333 bytes
[2025-07-14 11:07:37] Moving file from /Users/txcslm/~RIDER/JannyAI/JannyAI/bin/Debug/net9.0/temp_downloads/Sans.card.png to /Users/txcslm/~RIDER/JannyAI/JannyAI/bin/Debug/net9.0/jannyai_characters/a32e454f-d1d4-4e38-b93c-9c1260fe517d.png
[2025-07-14 11:07:37] File successfully saved for a32e454f-d1d4-4e38-b93c-9c1260fe517d, size: 319333 bytes
[2025-07-14 11:07:39] Returned to list page after downloading a32e454f-d1d4-4e38-b93c-9c1260fe517d
[2025-07-14 11:07:39] SUCCESS: Character a32e454f-d1d4-4e38-b93c-9c1260fe517d downloaded successfully
[2025-07-14 11:07:39] Processing character 12/40: 007a95fc-2055-450a-96d1-e33472e2e2f9, URL: https://jannyai.com/characters/007a95fc-2055-450a-96d1-e33472e2e2f9_character-joo-jaekyung
[2025-07-14 11:07:39] Download attempt 1/3 for character 007a95fc-2055-450a-96d1-e33472e2e2f9
[2025-07-14 11:07:40] Navigated to character page: https://jannyai.com/characters/007a95fc-2055-450a-96d1-e33472e2e2f9_character-joo-jaekyung
[2025-07-14 11:07:41] Download button found for character 007a95fc-2055-450a-96d1-e33472e2e2f9
[2025-07-14 11:07:41] Files before download: 0 for character 007a95fc-2055-450a-96d1-e33472e2e2f9
[2025-07-14 11:07:41] Download button clicked for character 007a95fc-2055-450a-96d1-e33472e2e2f9
[2025-07-14 11:07:41] Waiting for download file for character 007a95fc-2055-450a-96d1-e33472e2e2f9, files before: 0
[2025-07-14 11:07:41] New file detected for 007a95fc-2055-450a-96d1-e33472e2e2f9: /Users/txcslm/~RIDER/JannyAI/JannyAI/bin/Debug/net9.0/temp_downloads/Joo Jaekyung.card.png, size: 920747 bytes
[2025-07-14 11:07:41] File download confirmed for 007a95fc-2055-450a-96d1-e33472e2e2f9 - stable size: 920747 bytes
[2025-07-14 11:07:41] Moving file from /Users/txcslm/~RIDER/JannyAI/JannyAI/bin/Debug/net9.0/temp_downloads/Joo Jaekyung.card.png to /Users/txcslm/~RIDER/JannyAI/JannyAI/bin/Debug/net9.0/jannyai_characters/007a95fc-2055-450a-96d1-e33472e2e2f9.png
[2025-07-14 11:07:41] File successfully saved for 007a95fc-2055-450a-96d1-e33472e2e2f9, size: 920747 bytes
[2025-07-14 11:07:43] Returned to list page after downloading 007a95fc-2055-450a-96d1-e33472e2e2f9
[2025-07-14 11:07:43] SUCCESS: Character 007a95fc-2055-450a-96d1-e33472e2e2f9 downloaded successfully
[2025-07-14 11:07:43] Processing character 13/40: ee07ea36-c108-4054-b771-3cfad11f3f15, URL: https://jannyai.com/characters/ee07ea36-c108-4054-b771-3cfad11f3f15_character-elizabeth-ashe
[2025-07-14 11:07:43] Download attempt 1/3 for character ee07ea36-c108-4054-b771-3cfad11f3f15
[2025-07-14 11:07:44] Navigated to character page: https://jannyai.com/characters/ee07ea36-c108-4054-b771-3cfad11f3f15_character-elizabeth-ashe
[2025-07-14 11:07:44] Download button found for character ee07ea36-c108-4054-b771-3cfad11f3f15
[2025-07-14 11:07:44] Files before download: 0 for character ee07ea36-c108-4054-b771-3cfad11f3f15
[2025-07-14 11:07:44] Download button clicked for character ee07ea36-c108-4054-b771-3cfad11f3f15
[2025-07-14 11:07:44] Waiting for download file for character ee07ea36-c108-4054-b771-3cfad11f3f15, files before: 0
[2025-07-14 11:07:44] New file detected for ee07ea36-c108-4054-b771-3cfad11f3f15: /Users/txcslm/~RIDER/JannyAI/JannyAI/bin/Debug/net9.0/temp_downloads/Elizabeth Ashe.card.png, size: 1258657 bytes
[2025-07-14 11:07:45] File download confirmed for ee07ea36-c108-4054-b771-3cfad11f3f15 - stable size: 1258657 bytes
[2025-07-14 11:07:45] Moving file from /Users/txcslm/~RIDER/JannyAI/JannyAI/bin/Debug/net9.0/temp_downloads/Elizabeth Ashe.card.png to /Users/txcslm/~RIDER/JannyAI/JannyAI/bin/Debug/net9.0/jannyai_characters/ee07ea36-c108-4054-b771-3cfad11f3f15.png
[2025-07-14 11:07:45] File successfully saved for ee07ea36-c108-4054-b771-3cfad11f3f15, size: 1258657 bytes
[2025-07-14 11:07:46] Returned to list page after downloading ee07ea36-c108-4054-b771-3cfad11f3f15
[2025-07-14 11:07:46] SUCCESS: Character ee07ea36-c108-4054-b771-3cfad11f3f15 downloaded successfully
[2025-07-14 11:07:46] Processing character 14/40: 08fa4ace-c69c-45d8-9957-133b0dc61c53, URL: https://jannyai.com/characters/08fa4ace-c69c-45d8-9957-133b0dc61c53_character-jigen-diasuke
[2025-07-14 11:07:46] Download attempt 1/3 for character 08fa4ace-c69c-45d8-9957-133b0dc61c53
[2025-07-14 11:07:48] Navigated to character page: https://jannyai.com/characters/08fa4ace-c69c-45d8-9957-133b0dc61c53_character-jigen-diasuke
[2025-07-14 11:07:48] Download button found for character 08fa4ace-c69c-45d8-9957-133b0dc61c53
[2025-07-14 11:07:48] Files before download: 0 for character 08fa4ace-c69c-45d8-9957-133b0dc61c53
[2025-07-14 11:07:48] Download button clicked for character 08fa4ace-c69c-45d8-9957-133b0dc61c53
[2025-07-14 11:07:48] Waiting for download file for character 08fa4ace-c69c-45d8-9957-133b0dc61c53, files before: 0
[2025-07-14 11:07:48] New file detected for 08fa4ace-c69c-45d8-9957-133b0dc61c53: /Users/txcslm/~RIDER/JannyAI/JannyAI/bin/Debug/net9.0/temp_downloads/Jigen Diasuke.card.png, size: 320176 bytes
[2025-07-14 11:07:48] File download confirmed for 08fa4ace-c69c-45d8-9957-133b0dc61c53 - stable size: 320176 bytes
[2025-07-14 11:07:48] Moving file from /Users/txcslm/~RIDER/JannyAI/JannyAI/bin/Debug/net9.0/temp_downloads/Jigen Diasuke.card.png to /Users/txcslm/~RIDER/JannyAI/JannyAI/bin/Debug/net9.0/jannyai_characters/08fa4ace-c69c-45d8-9957-133b0dc61c53.png
[2025-07-14 11:07:48] File successfully saved for 08fa4ace-c69c-45d8-9957-133b0dc61c53, size: 320176 bytes
[2025-07-14 11:07:50] Returned to list page after downloading 08fa4ace-c69c-45d8-9957-133b0dc61c53
[2025-07-14 11:07:50] SUCCESS: Character 08fa4ace-c69c-45d8-9957-133b0dc61c53 downloaded successfully
[2025-07-14 11:07:50] Processing character 15/40: c61f3f85-c4ef-469a-99e5-b54281177fcb, URL: https://jannyai.com/characters/c61f3f85-c4ef-469a-99e5-b54281177fcb_character-doll-fancy
[2025-07-14 11:07:50] Download attempt 1/3 for character c61f3f85-c4ef-469a-99e5-b54281177fcb
[2025-07-14 11:07:51] Navigated to character page: https://jannyai.com/characters/c61f3f85-c4ef-469a-99e5-b54281177fcb_character-doll-fancy
[2025-07-14 11:07:51] Download button found for character c61f3f85-c4ef-469a-99e5-b54281177fcb
[2025-07-14 11:07:51] Files before download: 0 for character c61f3f85-c4ef-469a-99e5-b54281177fcb
[2025-07-14 11:07:51] Download button clicked for character c61f3f85-c4ef-469a-99e5-b54281177fcb
[2025-07-14 11:07:51] Waiting for download file for character c61f3f85-c4ef-469a-99e5-b54281177fcb, files before: 0
[2025-07-14 11:07:52] New file detected for c61f3f85-c4ef-469a-99e5-b54281177fcb: /Users/txcslm/~RIDER/JannyAI/JannyAI/bin/Debug/net9.0/temp_downloads/Doll! Fancy.card.png, size: 60615 bytes
[2025-07-14 11:07:52] File download confirmed for c61f3f85-c4ef-469a-99e5-b54281177fcb - stable size: 60615 bytes
[2025-07-14 11:07:52] Moving file from /Users/txcslm/~RIDER/JannyAI/JannyAI/bin/Debug/net9.0/temp_downloads/Doll! Fancy.card.png to /Users/txcslm/~RIDER/JannyAI/JannyAI/bin/Debug/net9.0/jannyai_characters/c61f3f85-c4ef-469a-99e5-b54281177fcb.png
[2025-07-14 11:07:52] File successfully saved for c61f3f85-c4ef-469a-99e5-b54281177fcb, size: 60615 bytes
[2025-07-14 11:07:53] Returned to list page after downloading c61f3f85-c4ef-469a-99e5-b54281177fcb
[2025-07-14 11:07:53] SUCCESS: Character c61f3f85-c4ef-469a-99e5-b54281177fcb downloaded successfully
[2025-07-14 11:07:54] Processing character 16/40: 8dc241fc-4d99-47aa-81f4-64aece516649, URL: https://jannyai.com/characters/8dc241fc-4d99-47aa-81f4-64aece516649_character-princess-bubblegum
[2025-07-14 11:07:54] Download attempt 1/3 for character 8dc241fc-4d99-47aa-81f4-64aece516649
[2025-07-14 11:07:55] Navigated to character page: https://jannyai.com/characters/8dc241fc-4d99-47aa-81f4-64aece516649_character-princess-bubblegum
[2025-07-14 11:07:55] Download button found for character 8dc241fc-4d99-47aa-81f4-64aece516649
[2025-07-14 11:07:55] Files before download: 0 for character 8dc241fc-4d99-47aa-81f4-64aece516649
[2025-07-14 11:07:55] Download button clicked for character 8dc241fc-4d99-47aa-81f4-64aece516649
[2025-07-14 11:07:55] Waiting for download file for character 8dc241fc-4d99-47aa-81f4-64aece516649, files before: 0
[2025-07-14 11:07:56] New file detected for 8dc241fc-4d99-47aa-81f4-64aece516649: /Users/txcslm/~RIDER/JannyAI/JannyAI/bin/Debug/net9.0/temp_downloads/Princess Bubblegum.card.png, size: 153771 bytes
[2025-07-14 11:07:56] File download confirmed for 8dc241fc-4d99-47aa-81f4-64aece516649 - stable size: 153771 bytes
[2025-07-14 11:07:56] Moving file from /Users/txcslm/~RIDER/JannyAI/JannyAI/bin/Debug/net9.0/temp_downloads/Princess Bubblegum.card.png to /Users/txcslm/~RIDER/JannyAI/JannyAI/bin/Debug/net9.0/jannyai_characters/8dc241fc-4d99-47aa-81f4-64aece516649.png
[2025-07-14 11:07:56] File successfully saved for 8dc241fc-4d99-47aa-81f4-64aece516649, size: 153771 bytes
[2025-07-14 11:07:57] Returned to list page after downloading 8dc241fc-4d99-47aa-81f4-64aece516649
[2025-07-14 11:07:57] SUCCESS: Character 8dc241fc-4d99-47aa-81f4-64aece516649 downloaded successfully
[2025-07-14 11:07:58] Processing character 17/40: 02a50897-243a-4abc-9cbf-a8d682e61ee0, URL: https://jannyai.com/characters/02a50897-243a-4abc-9cbf-a8d682e61ee0_character-stephen-james
[2025-07-14 11:07:58] Download attempt 1/3 for character 02a50897-243a-4abc-9cbf-a8d682e61ee0
[2025-07-14 11:07:59] Navigated to character page: https://jannyai.com/characters/02a50897-243a-4abc-9cbf-a8d682e61ee0_character-stephen-james
[2025-07-14 11:07:59] Download button found for character 02a50897-243a-4abc-9cbf-a8d682e61ee0
[2025-07-14 11:07:59] Files before download: 0 for character 02a50897-243a-4abc-9cbf-a8d682e61ee0
[2025-07-14 11:07:59] Download button clicked for character 02a50897-243a-4abc-9cbf-a8d682e61ee0
[2025-07-14 11:07:59] Waiting for download file for character 02a50897-243a-4abc-9cbf-a8d682e61ee0, files before: 0
[2025-07-14 11:07:59] New file detected for 02a50897-243a-4abc-9cbf-a8d682e61ee0: /Users/txcslm/~RIDER/JannyAI/JannyAI/bin/Debug/net9.0/temp_downloads/Stephen james .card.png, size: 519184 bytes
[2025-07-14 11:08:00] File download confirmed for 02a50897-243a-4abc-9cbf-a8d682e61ee0 - stable size: 519184 bytes
[2025-07-14 11:08:00] Moving file from /Users/txcslm/~RIDER/JannyAI/JannyAI/bin/Debug/net9.0/temp_downloads/Stephen james .card.png to /Users/txcslm/~RIDER/JannyAI/JannyAI/bin/Debug/net9.0/jannyai_characters/02a50897-243a-4abc-9cbf-a8d682e61ee0.png
[2025-07-14 11:08:00] File successfully saved for 02a50897-243a-4abc-9cbf-a8d682e61ee0, size: 519184 bytes
[2025-07-14 11:08:01] Returned to list page after downloading 02a50897-243a-4abc-9cbf-a8d682e61ee0
[2025-07-14 11:08:01] SUCCESS: Character 02a50897-243a-4abc-9cbf-a8d682e61ee0 downloaded successfully
[2025-07-14 11:08:01] Processing character 18/40: eb1d31ff-d664-43b3-9a80-a4bebabaf2dd, URL: https://jannyai.com/characters/eb1d31ff-d664-43b3-9a80-a4bebabaf2dd_character-zhongli
[2025-07-14 11:08:01] Download attempt 1/3 for character eb1d31ff-d664-43b3-9a80-a4bebabaf2dd
[2025-07-14 11:08:02] Navigated to character page: https://jannyai.com/characters/eb1d31ff-d664-43b3-9a80-a4bebabaf2dd_character-zhongli
[2025-07-14 11:08:03] Download button found for character eb1d31ff-d664-43b3-9a80-a4bebabaf2dd
[2025-07-14 11:08:03] Files before download: 0 for character eb1d31ff-d664-43b3-9a80-a4bebabaf2dd
[2025-07-14 11:08:03] Download button clicked for character eb1d31ff-d664-43b3-9a80-a4bebabaf2dd
[2025-07-14 11:08:03] Waiting for download file for character eb1d31ff-d664-43b3-9a80-a4bebabaf2dd, files before: 0
[2025-07-14 11:08:03] New file detected for eb1d31ff-d664-43b3-9a80-a4bebabaf2dd: /Users/txcslm/~RIDER/JannyAI/JannyAI/bin/Debug/net9.0/temp_downloads/Zhongli.card.png, size: 934081 bytes
[2025-07-14 11:08:03] File download confirmed for eb1d31ff-d664-43b3-9a80-a4bebabaf2dd - stable size: 934081 bytes
[2025-07-14 11:08:03] Moving file from /Users/txcslm/~RIDER/JannyAI/JannyAI/bin/Debug/net9.0/temp_downloads/Zhongli.card.png to /Users/txcslm/~RIDER/JannyAI/JannyAI/bin/Debug/net9.0/jannyai_characters/eb1d31ff-d664-43b3-9a80-a4bebabaf2dd.png
[2025-07-14 11:08:03] File successfully saved for eb1d31ff-d664-43b3-9a80-a4bebabaf2dd, size: 934081 bytes
[2025-07-14 11:08:05] Returned to list page after downloading eb1d31ff-d664-43b3-9a80-a4bebabaf2dd
[2025-07-14 11:08:05] SUCCESS: Character eb1d31ff-d664-43b3-9a80-a4bebabaf2dd downloaded successfully
[2025-07-14 11:08:05] Processing character 19/40: a74d4dbd-5dd0-4fc5-ab48-a749901ab905, URL: https://jannyai.com/characters/a74d4dbd-5dd0-4fc5-ab48-a749901ab905_character-akiko-yosano
[2025-07-14 11:08:05] Download attempt 1/3 for character a74d4dbd-5dd0-4fc5-ab48-a749901ab905
[2025-07-14 11:08:06] Navigated to character page: https://jannyai.com/characters/a74d4dbd-5dd0-4fc5-ab48-a749901ab905_character-akiko-yosano
[2025-07-14 11:08:06] Download button found for character a74d4dbd-5dd0-4fc5-ab48-a749901ab905
[2025-07-14 11:08:06] Files before download: 0 for character a74d4dbd-5dd0-4fc5-ab48-a749901ab905
[2025-07-14 11:08:06] Download button clicked for character a74d4dbd-5dd0-4fc5-ab48-a749901ab905
[2025-07-14 11:08:06] Waiting for download file for character a74d4dbd-5dd0-4fc5-ab48-a749901ab905, files before: 0
[2025-07-14 11:08:07] New file detected for a74d4dbd-5dd0-4fc5-ab48-a749901ab905: /Users/txcslm/~RIDER/JannyAI/JannyAI/bin/Debug/net9.0/temp_downloads/Akiko Yosano    .card.png, size: 930380 bytes
[2025-07-14 11:08:07] File download confirmed for a74d4dbd-5dd0-4fc5-ab48-a749901ab905 - stable size: 930380 bytes
[2025-07-14 11:08:07] Moving file from /Users/txcslm/~RIDER/JannyAI/JannyAI/bin/Debug/net9.0/temp_downloads/Akiko Yosano    .card.png to /Users/txcslm/~RIDER/JannyAI/JannyAI/bin/Debug/net9.0/jannyai_characters/a74d4dbd-5dd0-4fc5-ab48-a749901ab905.png
[2025-07-14 11:08:07] File successfully saved for a74d4dbd-5dd0-4fc5-ab48-a749901ab905, size: 930380 bytes
[2025-07-14 11:08:09] Returned to list page after downloading a74d4dbd-5dd0-4fc5-ab48-a749901ab905
[2025-07-14 11:08:09] SUCCESS: Character a74d4dbd-5dd0-4fc5-ab48-a749901ab905 downloaded successfully
[2025-07-14 11:08:09] Processing character 20/40: 14e5d2cb-ca82-4748-84d8-aba6c364e4f4, URL: https://jannyai.com/characters/14e5d2cb-ca82-4748-84d8-aba6c364e4f4_character-zephyr
[2025-07-14 11:08:09] Download attempt 1/3 for character 14e5d2cb-ca82-4748-84d8-aba6c364e4f4
[2025-07-14 11:08:10] Navigated to character page: https://jannyai.com/characters/14e5d2cb-ca82-4748-84d8-aba6c364e4f4_character-zephyr
[2025-07-14 11:08:10] Download button found for character 14e5d2cb-ca82-4748-84d8-aba6c364e4f4
[2025-07-14 11:08:10] Files before download: 0 for character 14e5d2cb-ca82-4748-84d8-aba6c364e4f4
[2025-07-14 11:08:10] Download button clicked for character 14e5d2cb-ca82-4748-84d8-aba6c364e4f4
[2025-07-14 11:08:10] Waiting for download file for character 14e5d2cb-ca82-4748-84d8-aba6c364e4f4, files before: 0
[2025-07-14 11:08:10] New file detected for 14e5d2cb-ca82-4748-84d8-aba6c364e4f4: /Users/txcslm/~RIDER/JannyAI/JannyAI/bin/Debug/net9.0/temp_downloads/Zephyr.card.png, size: 681681 bytes
[2025-07-14 11:08:11] File download confirmed for 14e5d2cb-ca82-4748-84d8-aba6c364e4f4 - stable size: 681681 bytes
[2025-07-14 11:08:11] Moving file from /Users/txcslm/~RIDER/JannyAI/JannyAI/bin/Debug/net9.0/temp_downloads/Zephyr.card.png to /Users/txcslm/~RIDER/JannyAI/JannyAI/bin/Debug/net9.0/jannyai_characters/14e5d2cb-ca82-4748-84d8-aba6c364e4f4.png
[2025-07-14 11:08:11] File successfully saved for 14e5d2cb-ca82-4748-84d8-aba6c364e4f4, size: 681681 bytes
[2025-07-14 11:08:12] Returned to list page after downloading 14e5d2cb-ca82-4748-84d8-aba6c364e4f4
[2025-07-14 11:08:12] SUCCESS: Character 14e5d2cb-ca82-4748-84d8-aba6c364e4f4 downloaded successfully
[2025-07-14 11:08:13] Processing character 21/40: a98860ff-94ed-4cde-9634-fa8948cdb140, URL: https://jannyai.com/characters/a98860ff-94ed-4cde-9634-fa8948cdb140_character-peter-maximoff
[2025-07-14 11:08:13] Download attempt 1/3 for character a98860ff-94ed-4cde-9634-fa8948cdb140
[2025-07-14 11:08:14] Navigated to character page: https://jannyai.com/characters/a98860ff-94ed-4cde-9634-fa8948cdb140_character-peter-maximoff
[2025-07-14 11:08:14] Download button found for character a98860ff-94ed-4cde-9634-fa8948cdb140
[2025-07-14 11:08:14] Files before download: 0 for character a98860ff-94ed-4cde-9634-fa8948cdb140
[2025-07-14 11:08:14] Download button clicked for character a98860ff-94ed-4cde-9634-fa8948cdb140
[2025-07-14 11:08:14] Waiting for download file for character a98860ff-94ed-4cde-9634-fa8948cdb140, files before: 0
[2025-07-14 11:08:14] New file detected for a98860ff-94ed-4cde-9634-fa8948cdb140: /Users/txcslm/~RIDER/JannyAI/JannyAI/bin/Debug/net9.0/temp_downloads/Peter maximoff.card.png, size: 449740 bytes
[2025-07-14 11:08:15] File download confirmed for a98860ff-94ed-4cde-9634-fa8948cdb140 - stable size: 449740 bytes
[2025-07-14 11:08:15] Moving file from /Users/txcslm/~RIDER/JannyAI/JannyAI/bin/Debug/net9.0/temp_downloads/Peter maximoff.card.png to /Users/txcslm/~RIDER/JannyAI/JannyAI/bin/Debug/net9.0/jannyai_characters/a98860ff-94ed-4cde-9634-fa8948cdb140.png
[2025-07-14 11:08:15] File successfully saved for a98860ff-94ed-4cde-9634-fa8948cdb140, size: 449740 bytes
[2025-07-14 11:08:16] Returned to list page after downloading a98860ff-94ed-4cde-9634-fa8948cdb140
[2025-07-14 11:08:16] SUCCESS: Character a98860ff-94ed-4cde-9634-fa8948cdb140 downloaded successfully
[2025-07-14 11:08:16] Processing character 22/40: 5559c7d5-f5a5-4bea-912f-ced1c3b59811, URL: https://jannyai.com/characters/5559c7d5-f5a5-4bea-912f-ced1c3b59811_character-madara-uchiha
[2025-07-14 11:08:16] Download attempt 1/3 for character 5559c7d5-f5a5-4bea-912f-ced1c3b59811
[2025-07-14 11:08:18] Navigated to character page: https://jannyai.com/characters/5559c7d5-f5a5-4bea-912f-ced1c3b59811_character-madara-uchiha
[2025-07-14 11:08:18] Download button found for character 5559c7d5-f5a5-4bea-912f-ced1c3b59811
[2025-07-14 11:08:18] Files before download: 0 for character 5559c7d5-f5a5-4bea-912f-ced1c3b59811
[2025-07-14 11:08:18] Download button clicked for character 5559c7d5-f5a5-4bea-912f-ced1c3b59811
[2025-07-14 11:08:18] Waiting for download file for character 5559c7d5-f5a5-4bea-912f-ced1c3b59811, files before: 0
[2025-07-14 11:08:18] New file detected for 5559c7d5-f5a5-4bea-912f-ced1c3b59811: /Users/txcslm/~RIDER/JannyAI/JannyAI/bin/Debug/net9.0/temp_downloads/Madara Uchiha.card.png, size: 736910 bytes
[2025-07-14 11:08:19] File download confirmed for 5559c7d5-f5a5-4bea-912f-ced1c3b59811 - stable size: 736910 bytes
[2025-07-14 11:08:19] Moving file from /Users/txcslm/~RIDER/JannyAI/JannyAI/bin/Debug/net9.0/temp_downloads/Madara Uchiha.card.png to /Users/txcslm/~RIDER/JannyAI/JannyAI/bin/Debug/net9.0/jannyai_characters/5559c7d5-f5a5-4bea-912f-ced1c3b59811.png
[2025-07-14 11:08:19] File successfully saved for 5559c7d5-f5a5-4bea-912f-ced1c3b59811, size: 736910 bytes
[2025-07-14 11:08:20] Returned to list page after downloading 5559c7d5-f5a5-4bea-912f-ced1c3b59811
[2025-07-14 11:08:20] SUCCESS: Character 5559c7d5-f5a5-4bea-912f-ced1c3b59811 downloaded successfully
[2025-07-14 11:08:20] Processing character 23/40: 8da0323c-402a-4244-8306-409bb0e6f075, URL: https://jannyai.com/characters/8da0323c-402a-4244-8306-409bb0e6f075_character-eclipse
[2025-07-14 11:08:20] Download attempt 1/3 for character 8da0323c-402a-4244-8306-409bb0e6f075
[2025-07-14 11:08:21] Navigated to character page: https://jannyai.com/characters/8da0323c-402a-4244-8306-409bb0e6f075_character-eclipse
[2025-07-14 11:08:21] Download button found for character 8da0323c-402a-4244-8306-409bb0e6f075
[2025-07-14 11:08:21] Files before download: 0 for character 8da0323c-402a-4244-8306-409bb0e6f075
[2025-07-14 11:08:21] Download button clicked for character 8da0323c-402a-4244-8306-409bb0e6f075
[2025-07-14 11:08:21] Waiting for download file for character 8da0323c-402a-4244-8306-409bb0e6f075, files before: 0
[2025-07-14 11:08:22] New file detected for 8da0323c-402a-4244-8306-409bb0e6f075: /Users/txcslm/~RIDER/JannyAI/JannyAI/bin/Debug/net9.0/temp_downloads/Eclipse.card.png, size: 540088 bytes
[2025-07-14 11:08:22] File download confirmed for 8da0323c-402a-4244-8306-409bb0e6f075 - stable size: 540088 bytes
[2025-07-14 11:08:22] Moving file from /Users/txcslm/~RIDER/JannyAI/JannyAI/bin/Debug/net9.0/temp_downloads/Eclipse.card.png to /Users/txcslm/~RIDER/JannyAI/JannyAI/bin/Debug/net9.0/jannyai_characters/8da0323c-402a-4244-8306-409bb0e6f075.png
[2025-07-14 11:08:22] File successfully saved for 8da0323c-402a-4244-8306-409bb0e6f075, size: 540088 bytes
[2025-07-14 11:08:24] Returned to list page after downloading 8da0323c-402a-4244-8306-409bb0e6f075
[2025-07-14 11:08:24] SUCCESS: Character 8da0323c-402a-4244-8306-409bb0e6f075 downloaded successfully
[2025-07-14 11:08:24] Processing character 24/40: c88c4b90-6359-4bee-8f71-5b877a8e6d04, URL: https://jannyai.com/characters/c88c4b90-6359-4bee-8f71-5b877a8e6d04_character-misturi
[2025-07-14 11:08:24] Download attempt 1/3 for character c88c4b90-6359-4bee-8f71-5b877a8e6d04
[2025-07-14 11:08:25] Navigated to character page: https://jannyai.com/characters/c88c4b90-6359-4bee-8f71-5b877a8e6d04_character-misturi
[2025-07-14 11:08:25] Download button found for character c88c4b90-6359-4bee-8f71-5b877a8e6d04
[2025-07-14 11:08:25] Files before download: 0 for character c88c4b90-6359-4bee-8f71-5b877a8e6d04
[2025-07-14 11:08:25] Download button clicked for character c88c4b90-6359-4bee-8f71-5b877a8e6d04
[2025-07-14 11:08:25] Waiting for download file for character c88c4b90-6359-4bee-8f71-5b877a8e6d04, files before: 0
[2025-07-14 11:08:25] New file detected for c88c4b90-6359-4bee-8f71-5b877a8e6d04: /Users/txcslm/~RIDER/JannyAI/JannyAI/bin/Debug/net9.0/temp_downloads/Misturi .card.png, size: 629810 bytes
[2025-07-14 11:08:26] File download confirmed for c88c4b90-6359-4bee-8f71-5b877a8e6d04 - stable size: 629810 bytes
[2025-07-14 11:08:26] Moving file from /Users/txcslm/~RIDER/JannyAI/JannyAI/bin/Debug/net9.0/temp_downloads/Misturi .card.png to /Users/txcslm/~RIDER/JannyAI/JannyAI/bin/Debug/net9.0/jannyai_characters/c88c4b90-6359-4bee-8f71-5b877a8e6d04.png
[2025-07-14 11:08:26] File successfully saved for c88c4b90-6359-4bee-8f71-5b877a8e6d04, size: 629810 bytes
[2025-07-14 11:08:27] Returned to list page after downloading c88c4b90-6359-4bee-8f71-5b877a8e6d04
[2025-07-14 11:08:27] SUCCESS: Character c88c4b90-6359-4bee-8f71-5b877a8e6d04 downloaded successfully
[2025-07-14 11:08:27] Processing character 25/40: 138bc16a-719f-4ab1-a988-3984f7ecc5c8, URL: https://jannyai.com/characters/138bc16a-719f-4ab1-a988-3984f7ecc5c8_character-ejen-sam
[2025-07-14 11:08:27] Download attempt 1/3 for character 138bc16a-719f-4ab1-a988-3984f7ecc5c8
[2025-07-14 11:08:29] Navigated to character page: https://jannyai.com/characters/138bc16a-719f-4ab1-a988-3984f7ecc5c8_character-ejen-sam
[2025-07-14 11:08:29] Download button found for character 138bc16a-719f-4ab1-a988-3984f7ecc5c8
[2025-07-14 11:08:29] Files before download: 0 for character 138bc16a-719f-4ab1-a988-3984f7ecc5c8
[2025-07-14 11:08:29] Download button clicked for character 138bc16a-719f-4ab1-a988-3984f7ecc5c8
[2025-07-14 11:08:29] Waiting for download file for character 138bc16a-719f-4ab1-a988-3984f7ecc5c8, files before: 0
[2025-07-14 11:08:29] New file detected for 138bc16a-719f-4ab1-a988-3984f7ecc5c8: /Users/txcslm/~RIDER/JannyAI/JannyAI/bin/Debug/net9.0/temp_downloads/Ejen Sam.card.png, size: 711477 bytes
[2025-07-14 11:08:30] File download confirmed for 138bc16a-719f-4ab1-a988-3984f7ecc5c8 - stable size: 711477 bytes
[2025-07-14 11:08:30] Moving file from /Users/txcslm/~RIDER/JannyAI/JannyAI/bin/Debug/net9.0/temp_downloads/Ejen Sam.card.png to /Users/txcslm/~RIDER/JannyAI/JannyAI/bin/Debug/net9.0/jannyai_characters/138bc16a-719f-4ab1-a988-3984f7ecc5c8.png
[2025-07-14 11:08:30] File successfully saved for 138bc16a-719f-4ab1-a988-3984f7ecc5c8, size: 711477 bytes
[2025-07-14 11:08:31] Returned to list page after downloading 138bc16a-719f-4ab1-a988-3984f7ecc5c8
[2025-07-14 11:08:31] SUCCESS: Character 138bc16a-719f-4ab1-a988-3984f7ecc5c8 downloaded successfully
[2025-07-14 11:08:31] Processing character 26/40: f0f76888-13e2-4d55-9227-170f3c583a7e, URL: https://jannyai.com/characters/f0f76888-13e2-4d55-9227-170f3c583a7e_character-gene-takovic
[2025-07-14 11:08:31] Download attempt 1/3 for character f0f76888-13e2-4d55-9227-170f3c583a7e
[2025-07-14 11:08:32] Navigated to character page: https://jannyai.com/characters/f0f76888-13e2-4d55-9227-170f3c583a7e_character-gene-takovic
[2025-07-14 11:08:32] Download button found for character f0f76888-13e2-4d55-9227-170f3c583a7e
[2025-07-14 11:08:32] Files before download: 0 for character f0f76888-13e2-4d55-9227-170f3c583a7e
[2025-07-14 11:08:32] Download button clicked for character f0f76888-13e2-4d55-9227-170f3c583a7e
[2025-07-14 11:08:32] Waiting for download file for character f0f76888-13e2-4d55-9227-170f3c583a7e, files before: 0
[2025-07-14 11:08:33] New file detected for f0f76888-13e2-4d55-9227-170f3c583a7e: /Users/txcslm/~RIDER/JannyAI/JannyAI/bin/Debug/net9.0/temp_downloads/Gene Takovic.card.png, size: 284886 bytes
[2025-07-14 11:08:33] File download confirmed for f0f76888-13e2-4d55-9227-170f3c583a7e - stable size: 284886 bytes
[2025-07-14 11:08:33] Moving file from /Users/txcslm/~RIDER/JannyAI/JannyAI/bin/Debug/net9.0/temp_downloads/Gene Takovic.card.png to /Users/txcslm/~RIDER/JannyAI/JannyAI/bin/Debug/net9.0/jannyai_characters/f0f76888-13e2-4d55-9227-170f3c583a7e.png
[2025-07-14 11:08:33] File successfully saved for f0f76888-13e2-4d55-9227-170f3c583a7e, size: 284886 bytes
[2025-07-14 11:08:35] Returned to list page after downloading f0f76888-13e2-4d55-9227-170f3c583a7e
[2025-07-14 11:08:35] SUCCESS: Character f0f76888-13e2-4d55-9227-170f3c583a7e downloaded successfully
[2025-07-14 11:08:35] Processing character 27/40: 136218f9-5d41-49a4-97dd-8be41c1d4a76, URL: https://jannyai.com/characters/136218f9-5d41-49a4-97dd-8be41c1d4a76_character-kyoka-izumi
[2025-07-14 11:08:35] Download attempt 1/3 for character 136218f9-5d41-49a4-97dd-8be41c1d4a76
[2025-07-14 11:08:36] Navigated to character page: https://jannyai.com/characters/136218f9-5d41-49a4-97dd-8be41c1d4a76_character-kyoka-izumi
[2025-07-14 11:08:36] Download button found for character 136218f9-5d41-49a4-97dd-8be41c1d4a76
[2025-07-14 11:08:36] Files before download: 0 for character 136218f9-5d41-49a4-97dd-8be41c1d4a76
[2025-07-14 11:08:36] Download button clicked for character 136218f9-5d41-49a4-97dd-8be41c1d4a76
[2025-07-14 11:08:36] Waiting for download file for character 136218f9-5d41-49a4-97dd-8be41c1d4a76, files before: 0
[2025-07-14 11:08:36] New file detected for 136218f9-5d41-49a4-97dd-8be41c1d4a76: /Users/txcslm/~RIDER/JannyAI/JannyAI/bin/Debug/net9.0/temp_downloads/Kyoka Izumi.card.png, size: 738551 bytes
[2025-07-14 11:08:37] File download confirmed for 136218f9-5d41-49a4-97dd-8be41c1d4a76 - stable size: 738551 bytes
[2025-07-14 11:08:37] Moving file from /Users/txcslm/~RIDER/JannyAI/JannyAI/bin/Debug/net9.0/temp_downloads/Kyoka Izumi.card.png to /Users/txcslm/~RIDER/JannyAI/JannyAI/bin/Debug/net9.0/jannyai_characters/136218f9-5d41-49a4-97dd-8be41c1d4a76.png
[2025-07-14 11:08:37] File successfully saved for 136218f9-5d41-49a4-97dd-8be41c1d4a76, size: 738551 bytes
[2025-07-14 11:08:38] Returned to list page after downloading 136218f9-5d41-49a4-97dd-8be41c1d4a76
[2025-07-14 11:08:38] SUCCESS: Character 136218f9-5d41-49a4-97dd-8be41c1d4a76 downloaded successfully
[2025-07-14 11:08:38] Processing character 28/40: bccd085b-afdc-4a81-ab76-76072cebc258, URL: https://jannyai.com/characters/bccd085b-afdc-4a81-ab76-76072cebc258_character-kia-smoothie-kia
[2025-07-14 11:08:38] Download attempt 1/3 for character bccd085b-afdc-4a81-ab76-76072cebc258
[2025-07-14 11:08:40] Navigated to character page: https://jannyai.com/characters/bccd085b-afdc-4a81-ab76-76072cebc258_character-kia-smoothie-kia
[2025-07-14 11:08:40] Download button found for character bccd085b-afdc-4a81-ab76-76072cebc258
[2025-07-14 11:08:40] Files before download: 0 for character bccd085b-afdc-4a81-ab76-76072cebc258
[2025-07-14 11:08:40] Download button clicked for character bccd085b-afdc-4a81-ab76-76072cebc258
[2025-07-14 11:08:40] Waiting for download file for character bccd085b-afdc-4a81-ab76-76072cebc258, files before: 0
[2025-07-14 11:08:40] New file detected for bccd085b-afdc-4a81-ab76-76072cebc258: /Users/txcslm/~RIDER/JannyAI/JannyAI/bin/Debug/net9.0/temp_downloads/KiaSmoothie_Kia.card.png, size: 36644 bytes
[2025-07-14 11:08:40] File download confirmed for bccd085b-afdc-4a81-ab76-76072cebc258 - stable size: 36644 bytes
[2025-07-14 11:08:40] Moving file from /Users/txcslm/~RIDER/JannyAI/JannyAI/bin/Debug/net9.0/temp_downloads/KiaSmoothie_Kia.card.png to /Users/txcslm/~RIDER/JannyAI/JannyAI/bin/Debug/net9.0/jannyai_characters/bccd085b-afdc-4a81-ab76-76072cebc258.png
[2025-07-14 11:08:40] File successfully saved for bccd085b-afdc-4a81-ab76-76072cebc258, size: 36644 bytes
[2025-07-14 11:08:42] Returned to list page after downloading bccd085b-afdc-4a81-ab76-76072cebc258
[2025-07-14 11:08:42] SUCCESS: Character bccd085b-afdc-4a81-ab76-76072cebc258 downloaded successfully
[2025-07-14 11:08:42] Processing character 29/40: c758c11f-485e-40b6-ab88-520995254953, URL: https://jannyai.com/characters/c758c11f-485e-40b6-ab88-520995254953_character-kazuichi-souda
[2025-07-14 11:08:42] Download attempt 1/3 for character c758c11f-485e-40b6-ab88-520995254953
[2025-07-14 11:08:43] Navigated to character page: https://jannyai.com/characters/c758c11f-485e-40b6-ab88-520995254953_character-kazuichi-souda
[2025-07-14 11:08:43] Download button found for character c758c11f-485e-40b6-ab88-520995254953
[2025-07-14 11:08:43] Files before download: 0 for character c758c11f-485e-40b6-ab88-520995254953
[2025-07-14 11:08:43] Download button clicked for character c758c11f-485e-40b6-ab88-520995254953
[2025-07-14 11:08:43] Waiting for download file for character c758c11f-485e-40b6-ab88-520995254953, files before: 0
[2025-07-14 11:08:44] New file detected for c758c11f-485e-40b6-ab88-520995254953: /Users/txcslm/~RIDER/JannyAI/JannyAI/bin/Debug/net9.0/temp_downloads/Kazuichi Souda!!!.card.png, size: 109853 bytes
[2025-07-14 11:08:44] File download confirmed for c758c11f-485e-40b6-ab88-520995254953 - stable size: 109853 bytes
[2025-07-14 11:08:44] Moving file from /Users/txcslm/~RIDER/JannyAI/JannyAI/bin/Debug/net9.0/temp_downloads/Kazuichi Souda!!!.card.png to /Users/txcslm/~RIDER/JannyAI/JannyAI/bin/Debug/net9.0/jannyai_characters/c758c11f-485e-40b6-ab88-520995254953.png
[2025-07-14 11:08:44] File successfully saved for c758c11f-485e-40b6-ab88-520995254953, size: 109853 bytes
[2025-07-14 11:08:45] Returned to list page after downloading c758c11f-485e-40b6-ab88-520995254953
[2025-07-14 11:08:45] SUCCESS: Character c758c11f-485e-40b6-ab88-520995254953 downloaded successfully
[2025-07-14 11:08:45] Processing character 30/40: fb9d958a-b899-4b1c-a3c3-3c8e6f18b549, URL: https://jannyai.com/characters/fb9d958a-b899-4b1c-a3c3-3c8e6f18b549_character-alhaitham
[2025-07-14 11:08:45] Download attempt 1/3 for character fb9d958a-b899-4b1c-a3c3-3c8e6f18b549
[2025-07-14 11:08:47] Navigated to character page: https://jannyai.com/characters/fb9d958a-b899-4b1c-a3c3-3c8e6f18b549_character-alhaitham
[2025-07-14 11:08:47] Download button found for character fb9d958a-b899-4b1c-a3c3-3c8e6f18b549
[2025-07-14 11:08:47] Files before download: 0 for character fb9d958a-b899-4b1c-a3c3-3c8e6f18b549
[2025-07-14 11:08:47] Download button clicked for character fb9d958a-b899-4b1c-a3c3-3c8e6f18b549
[2025-07-14 11:08:47] Waiting for download file for character fb9d958a-b899-4b1c-a3c3-3c8e6f18b549, files before: 0
[2025-07-14 11:08:47] New file detected for fb9d958a-b899-4b1c-a3c3-3c8e6f18b549: /Users/txcslm/~RIDER/JannyAI/JannyAI/bin/Debug/net9.0/temp_downloads/Alhaitham .card.png, size: 939256 bytes
[2025-07-14 11:08:48] File download confirmed for fb9d958a-b899-4b1c-a3c3-3c8e6f18b549 - stable size: 939256 bytes
[2025-07-14 11:08:48] Moving file from /Users/txcslm/~RIDER/JannyAI/JannyAI/bin/Debug/net9.0/temp_downloads/Alhaitham .card.png to /Users/txcslm/~RIDER/JannyAI/JannyAI/bin/Debug/net9.0/jannyai_characters/fb9d958a-b899-4b1c-a3c3-3c8e6f18b549.png
[2025-07-14 11:08:48] File successfully saved for fb9d958a-b899-4b1c-a3c3-3c8e6f18b549, size: 939256 bytes
[2025-07-14 11:08:49] Returned to list page after downloading fb9d958a-b899-4b1c-a3c3-3c8e6f18b549
[2025-07-14 11:08:49] SUCCESS: Character fb9d958a-b899-4b1c-a3c3-3c8e6f18b549 downloaded successfully
[2025-07-14 11:08:49] Processing character 31/40: 14595575-9313-4460-8f1a-93e23cff4cf4, URL: https://jannyai.com/characters/14595575-9313-4460-8f1a-93e23cff4cf4_character-zenitsu-agatsuma
[2025-07-14 11:08:49] Download attempt 1/3 for character 14595575-9313-4460-8f1a-93e23cff4cf4
[2025-07-14 11:08:50] Navigated to character page: https://jannyai.com/characters/14595575-9313-4460-8f1a-93e23cff4cf4_character-zenitsu-agatsuma
[2025-07-14 11:08:50] Download button found for character 14595575-9313-4460-8f1a-93e23cff4cf4
[2025-07-14 11:08:50] Files before download: 0 for character 14595575-9313-4460-8f1a-93e23cff4cf4
[2025-07-14 11:08:50] Download button clicked for character 14595575-9313-4460-8f1a-93e23cff4cf4
[2025-07-14 11:08:50] Waiting for download file for character 14595575-9313-4460-8f1a-93e23cff4cf4, files before: 0
[2025-07-14 11:08:51] New file detected for 14595575-9313-4460-8f1a-93e23cff4cf4: /Users/txcslm/~RIDER/JannyAI/JannyAI/bin/Debug/net9.0/temp_downloads/Zenitsu Agatsuma.card.png, size: 859976 bytes
[2025-07-14 11:08:51] File download confirmed for 14595575-9313-4460-8f1a-93e23cff4cf4 - stable size: 859976 bytes
[2025-07-14 11:08:51] Moving file from /Users/txcslm/~RIDER/JannyAI/JannyAI/bin/Debug/net9.0/temp_downloads/Zenitsu Agatsuma.card.png to /Users/txcslm/~RIDER/JannyAI/JannyAI/bin/Debug/net9.0/jannyai_characters/14595575-9313-4460-8f1a-93e23cff4cf4.png
[2025-07-14 11:08:51] File successfully saved for 14595575-9313-4460-8f1a-93e23cff4cf4, size: 859976 bytes
[2025-07-14 11:08:52] Returned to list page after downloading 14595575-9313-4460-8f1a-93e23cff4cf4
[2025-07-14 11:08:52] SUCCESS: Character 14595575-9313-4460-8f1a-93e23cff4cf4 downloaded successfully
[2025-07-14 11:08:53] Processing character 32/40: 59edf078-0b4e-4fdd-a62f-646403c4b279, URL: https://jannyai.com/characters/59edf078-0b4e-4fdd-a62f-646403c4b279_character-han-jay
[2025-07-14 11:08:53] Download attempt 1/3 for character 59edf078-0b4e-4fdd-a62f-646403c4b279
[2025-07-14 11:08:54] Navigated to character page: https://jannyai.com/characters/59edf078-0b4e-4fdd-a62f-646403c4b279_character-han-jay
[2025-07-14 11:08:54] Download button found for character 59edf078-0b4e-4fdd-a62f-646403c4b279
[2025-07-14 11:08:54] Files before download: 0 for character 59edf078-0b4e-4fdd-a62f-646403c4b279
[2025-07-14 11:08:54] Download button clicked for character 59edf078-0b4e-4fdd-a62f-646403c4b279
[2025-07-14 11:08:54] Waiting for download file for character 59edf078-0b4e-4fdd-a62f-646403c4b279, files before: 0
[2025-07-14 11:08:54] New file detected for 59edf078-0b4e-4fdd-a62f-646403c4b279: /Users/txcslm/~RIDER/JannyAI/JannyAI/bin/Debug/net9.0/temp_downloads/Han Jay.card.png, size: 393597 bytes
[2025-07-14 11:08:55] File download confirmed for 59edf078-0b4e-4fdd-a62f-646403c4b279 - stable size: 393597 bytes
[2025-07-14 11:08:55] Moving file from /Users/txcslm/~RIDER/JannyAI/JannyAI/bin/Debug/net9.0/temp_downloads/Han Jay.card.png to /Users/txcslm/~RIDER/JannyAI/JannyAI/bin/Debug/net9.0/jannyai_characters/59edf078-0b4e-4fdd-a62f-646403c4b279.png
[2025-07-14 11:08:55] File successfully saved for 59edf078-0b4e-4fdd-a62f-646403c4b279, size: 393597 bytes
[2025-07-14 11:08:56] Returned to list page after downloading 59edf078-0b4e-4fdd-a62f-646403c4b279
[2025-07-14 11:08:56] SUCCESS: Character 59edf078-0b4e-4fdd-a62f-646403c4b279 downloaded successfully
[2025-07-14 11:08:56] Processing character 33/40: ca6a0619-69f8-4964-b8b0-f2e9cf60a1aa, URL: https://jannyai.com/characters/ca6a0619-69f8-4964-b8b0-f2e9cf60a1aa_character-noel-noa
[2025-07-14 11:08:56] Download attempt 1/3 for character ca6a0619-69f8-4964-b8b0-f2e9cf60a1aa
[2025-07-14 11:08:57] Navigated to character page: https://jannyai.com/characters/ca6a0619-69f8-4964-b8b0-f2e9cf60a1aa_character-noel-noa
[2025-07-14 11:08:58] Download button found for character ca6a0619-69f8-4964-b8b0-f2e9cf60a1aa
[2025-07-14 11:08:58] Files before download: 0 for character ca6a0619-69f8-4964-b8b0-f2e9cf60a1aa
[2025-07-14 11:08:58] Download button clicked for character ca6a0619-69f8-4964-b8b0-f2e9cf60a1aa
[2025-07-14 11:08:58] Waiting for download file for character ca6a0619-69f8-4964-b8b0-f2e9cf60a1aa, files before: 0
[2025-07-14 11:08:58] Download timeout for character ca6a0619-69f8-4964-b8b0-f2e9cf60a1aa after 800ms
[2025-07-14 11:08:58] WARNING: Файл не скачался для персонажа ca6a0619-69f8-4964-b8b0-f2e9cf60a1aa (попытка 1)
[2025-07-14 11:09:00] Download attempt 2/3 for character ca6a0619-69f8-4964-b8b0-f2e9cf60a1aa
[2025-07-14 11:09:01] Navigated to character page: https://jannyai.com/characters/ca6a0619-69f8-4964-b8b0-f2e9cf60a1aa_character-noel-noa
[2025-07-14 11:09:01] Download button found for character ca6a0619-69f8-4964-b8b0-f2e9cf60a1aa
[2025-07-14 11:09:01] Files before download: 0 for character ca6a0619-69f8-4964-b8b0-f2e9cf60a1aa
[2025-07-14 11:09:01] Download button clicked for character ca6a0619-69f8-4964-b8b0-f2e9cf60a1aa
[2025-07-14 11:09:01] Waiting for download file for character ca6a0619-69f8-4964-b8b0-f2e9cf60a1aa, files before: 0
[2025-07-14 11:09:01] New file detected for ca6a0619-69f8-4964-b8b0-f2e9cf60a1aa: /Users/txcslm/~RIDER/JannyAI/JannyAI/bin/Debug/net9.0/temp_downloads/Noel Noa.card.png, size: 186823 bytes
[2025-07-14 11:09:02] File download confirmed for ca6a0619-69f8-4964-b8b0-f2e9cf60a1aa - stable size: 186823 bytes
[2025-07-14 11:09:02] Moving file from /Users/txcslm/~RIDER/JannyAI/JannyAI/bin/Debug/net9.0/temp_downloads/Noel Noa.card.png to /Users/txcslm/~RIDER/JannyAI/JannyAI/bin/Debug/net9.0/jannyai_characters/ca6a0619-69f8-4964-b8b0-f2e9cf60a1aa.png
[2025-07-14 11:09:02] File successfully saved for ca6a0619-69f8-4964-b8b0-f2e9cf60a1aa, size: 186823 bytes
[2025-07-14 11:09:03] Returned to list page after downloading ca6a0619-69f8-4964-b8b0-f2e9cf60a1aa
[2025-07-14 11:09:03] SUCCESS: Character ca6a0619-69f8-4964-b8b0-f2e9cf60a1aa downloaded successfully
[2025-07-14 11:09:03] Processing character 34/40: 648ca150-7d24-4c33-b278-d9f0361cf1b3, URL: https://jannyai.com/characters/648ca150-7d24-4c33-b278-d9f0361cf1b3_character-yoo-joonghyuk
[2025-07-14 11:09:03] Download attempt 1/3 for character 648ca150-7d24-4c33-b278-d9f0361cf1b3
[2025-07-14 11:09:05] Navigated to character page: https://jannyai.com/characters/648ca150-7d24-4c33-b278-d9f0361cf1b3_character-yoo-joonghyuk
[2025-07-14 11:09:05] Download button found for character 648ca150-7d24-4c33-b278-d9f0361cf1b3
[2025-07-14 11:09:05] Files before download: 0 for character 648ca150-7d24-4c33-b278-d9f0361cf1b3
[2025-07-14 11:09:05] Download button clicked for character 648ca150-7d24-4c33-b278-d9f0361cf1b3
[2025-07-14 11:09:05] Waiting for download file for character 648ca150-7d24-4c33-b278-d9f0361cf1b3, files before: 0
[2025-07-14 11:09:05] New file detected for 648ca150-7d24-4c33-b278-d9f0361cf1b3: /Users/txcslm/~RIDER/JannyAI/JannyAI/bin/Debug/net9.0/temp_downloads/Yoo Joonghyuk .card.png, size: 607705 bytes
[2025-07-14 11:09:06] File download confirmed for 648ca150-7d24-4c33-b278-d9f0361cf1b3 - stable size: 607705 bytes
[2025-07-14 11:09:06] Moving file from /Users/txcslm/~RIDER/JannyAI/JannyAI/bin/Debug/net9.0/temp_downloads/Yoo Joonghyuk .card.png to /Users/txcslm/~RIDER/JannyAI/JannyAI/bin/Debug/net9.0/jannyai_characters/648ca150-7d24-4c33-b278-d9f0361cf1b3.png
[2025-07-14 11:09:06] File successfully saved for 648ca150-7d24-4c33-b278-d9f0361cf1b3, size: 607705 bytes
[2025-07-14 11:09:07] Returned to list page after downloading 648ca150-7d24-4c33-b278-d9f0361cf1b3
[2025-07-14 11:09:07] SUCCESS: Character 648ca150-7d24-4c33-b278-d9f0361cf1b3 downloaded successfully
[2025-07-14 11:09:07] Processing character 35/40: 13de0135-7a28-4528-b085-6dd571b37456, URL: https://jannyai.com/characters/13de0135-7a28-4528-b085-6dd571b37456_character-moth-tomura
[2025-07-14 11:09:07] Download attempt 1/3 for character 13de0135-7a28-4528-b085-6dd571b37456
[2025-07-14 11:09:08] Navigated to character page: https://jannyai.com/characters/13de0135-7a28-4528-b085-6dd571b37456_character-moth-tomura
[2025-07-14 11:09:08] Download button found for character 13de0135-7a28-4528-b085-6dd571b37456
[2025-07-14 11:09:08] Files before download: 0 for character 13de0135-7a28-4528-b085-6dd571b37456
[2025-07-14 11:09:08] Download button clicked for character 13de0135-7a28-4528-b085-6dd571b37456
[2025-07-14 11:09:08] Waiting for download file for character 13de0135-7a28-4528-b085-6dd571b37456, files before: 0
[2025-07-14 11:09:09] New file detected for 13de0135-7a28-4528-b085-6dd571b37456: /Users/txcslm/~RIDER/JannyAI/JannyAI/bin/Debug/net9.0/temp_downloads/Moth Tomura .card.png, size: 420022 bytes
[2025-07-14 11:09:09] File download confirmed for 13de0135-7a28-4528-b085-6dd571b37456 - stable size: 420022 bytes
[2025-07-14 11:09:09] Moving file from /Users/txcslm/~RIDER/JannyAI/JannyAI/bin/Debug/net9.0/temp_downloads/Moth Tomura .card.png to /Users/txcslm/~RIDER/JannyAI/JannyAI/bin/Debug/net9.0/jannyai_characters/13de0135-7a28-4528-b085-6dd571b37456.png
[2025-07-14 11:09:09] File successfully saved for 13de0135-7a28-4528-b085-6dd571b37456, size: 420022 bytes
[2025-07-14 11:09:10] Returned to list page after downloading 13de0135-7a28-4528-b085-6dd571b37456
[2025-07-14 11:09:10] SUCCESS: Character 13de0135-7a28-4528-b085-6dd571b37456 downloaded successfully
[2025-07-14 11:09:11] Processing character 36/40: aa05c925-0389-4eab-9c34-9b75b9214081, URL: https://jannyai.com/characters/aa05c925-0389-4eab-9c34-9b75b9214081_character-discord-logo
[2025-07-14 11:09:11] Download attempt 1/3 for character aa05c925-0389-4eab-9c34-9b75b9214081
[2025-07-14 11:09:12] Navigated to character page: https://jannyai.com/characters/aa05c925-0389-4eab-9c34-9b75b9214081_character-discord-logo
[2025-07-14 11:09:12] Download button found for character aa05c925-0389-4eab-9c34-9b75b9214081
[2025-07-14 11:09:12] Files before download: 0 for character aa05c925-0389-4eab-9c34-9b75b9214081
[2025-07-14 11:09:12] Download button clicked for character aa05c925-0389-4eab-9c34-9b75b9214081
[2025-07-14 11:09:12] Waiting for download file for character aa05c925-0389-4eab-9c34-9b75b9214081, files before: 0
[2025-07-14 11:09:12] New file detected for aa05c925-0389-4eab-9c34-9b75b9214081: /Users/txcslm/~RIDER/JannyAI/JannyAI/bin/Debug/net9.0/temp_downloads/Discord logo.card.png, size: 163157 bytes
[2025-07-14 11:09:13] File download confirmed for aa05c925-0389-4eab-9c34-9b75b9214081 - stable size: 163157 bytes
[2025-07-14 11:09:13] Moving file from /Users/txcslm/~RIDER/JannyAI/JannyAI/bin/Debug/net9.0/temp_downloads/Discord logo.card.png to /Users/txcslm/~RIDER/JannyAI/JannyAI/bin/Debug/net9.0/jannyai_characters/aa05c925-0389-4eab-9c34-9b75b9214081.png
[2025-07-14 11:09:13] File successfully saved for aa05c925-0389-4eab-9c34-9b75b9214081, size: 163157 bytes
[2025-07-14 11:09:14] Returned to list page after downloading aa05c925-0389-4eab-9c34-9b75b9214081
[2025-07-14 11:09:14] SUCCESS: Character aa05c925-0389-4eab-9c34-9b75b9214081 downloaded successfully
[2025-07-14 11:09:14] Processing character 37/40: 2f4760e6-457a-4261-8618-b9ea87c896e1, URL: https://jannyai.com/characters/2f4760e6-457a-4261-8618-b9ea87c896e1_character-akutagawa
[2025-07-14 11:09:14] Download attempt 1/3 for character 2f4760e6-457a-4261-8618-b9ea87c896e1
[2025-07-14 11:09:15] Navigated to character page: https://jannyai.com/characters/2f4760e6-457a-4261-8618-b9ea87c896e1_character-akutagawa
[2025-07-14 11:09:15] Download button found for character 2f4760e6-457a-4261-8618-b9ea87c896e1
[2025-07-14 11:09:15] Files before download: 0 for character 2f4760e6-457a-4261-8618-b9ea87c896e1
[2025-07-14 11:09:15] Download button clicked for character 2f4760e6-457a-4261-8618-b9ea87c896e1
[2025-07-14 11:09:15] Waiting for download file for character 2f4760e6-457a-4261-8618-b9ea87c896e1, files before: 0
[2025-07-14 11:09:16] New file detected for 2f4760e6-457a-4261-8618-b9ea87c896e1: /Users/txcslm/~RIDER/JannyAI/JannyAI/bin/Debug/net9.0/temp_downloads/Akutagawa.card.png, size: 483648 bytes
[2025-07-14 11:09:16] File download confirmed for 2f4760e6-457a-4261-8618-b9ea87c896e1 - stable size: 483648 bytes
[2025-07-14 11:09:16] Moving file from /Users/txcslm/~RIDER/JannyAI/JannyAI/bin/Debug/net9.0/temp_downloads/Akutagawa.card.png to /Users/txcslm/~RIDER/JannyAI/JannyAI/bin/Debug/net9.0/jannyai_characters/2f4760e6-457a-4261-8618-b9ea87c896e1.png
[2025-07-14 11:09:16] File successfully saved for 2f4760e6-457a-4261-8618-b9ea87c896e1, size: 483648 bytes
[2025-07-14 11:09:18] Returned to list page after downloading 2f4760e6-457a-4261-8618-b9ea87c896e1
[2025-07-14 11:09:18] SUCCESS: Character 2f4760e6-457a-4261-8618-b9ea87c896e1 downloaded successfully
[2025-07-14 11:09:18] Processing character 38/40: 9bfc2868-68a5-46cd-8655-f22d2bf4bf68, URL: https://jannyai.com/characters/9bfc2868-68a5-46cd-8655-f22d2bf4bf68_character-captain-john-price
[2025-07-14 11:09:18] Download attempt 1/3 for character 9bfc2868-68a5-46cd-8655-f22d2bf4bf68
[2025-07-14 11:09:19] Navigated to character page: https://jannyai.com/characters/9bfc2868-68a5-46cd-8655-f22d2bf4bf68_character-captain-john-price
[2025-07-14 11:09:19] Download button found for character 9bfc2868-68a5-46cd-8655-f22d2bf4bf68
[2025-07-14 11:09:19] Files before download: 0 for character 9bfc2868-68a5-46cd-8655-f22d2bf4bf68
[2025-07-14 11:09:19] Download button clicked for character 9bfc2868-68a5-46cd-8655-f22d2bf4bf68
[2025-07-14 11:09:19] Waiting for download file for character 9bfc2868-68a5-46cd-8655-f22d2bf4bf68, files before: 0
[2025-07-14 11:09:19] New file detected for 9bfc2868-68a5-46cd-8655-f22d2bf4bf68: /Users/txcslm/~RIDER/JannyAI/JannyAI/bin/Debug/net9.0/temp_downloads/Captain John Price.card.png, size: 183253 bytes
[2025-07-14 11:09:20] File download confirmed for 9bfc2868-68a5-46cd-8655-f22d2bf4bf68 - stable size: 183253 bytes
[2025-07-14 11:09:20] Moving file from /Users/txcslm/~RIDER/JannyAI/JannyAI/bin/Debug/net9.0/temp_downloads/Captain John Price.card.png to /Users/txcslm/~RIDER/JannyAI/JannyAI/bin/Debug/net9.0/jannyai_characters/9bfc2868-68a5-46cd-8655-f22d2bf4bf68.png
[2025-07-14 11:09:20] File successfully saved for 9bfc2868-68a5-46cd-8655-f22d2bf4bf68, size: 183253 bytes
[2025-07-14 11:09:21] Returned to list page after downloading 9bfc2868-68a5-46cd-8655-f22d2bf4bf68
[2025-07-14 11:09:21] SUCCESS: Character 9bfc2868-68a5-46cd-8655-f22d2bf4bf68 downloaded successfully
[2025-07-14 11:09:21] Processing character 39/40: 564b58fe-2953-48a1-b86a-bad6d0aa4807, URL: https://jannyai.com/characters/564b58fe-2953-48a1-b86a-bad6d0aa4807_character-soifon
[2025-07-14 11:09:21] Download attempt 1/3 for character 564b58fe-2953-48a1-b86a-bad6d0aa4807
[2025-07-14 11:09:23] Navigated to character page: https://jannyai.com/characters/564b58fe-2953-48a1-b86a-bad6d0aa4807_character-soifon
[2025-07-14 11:09:23] Download button found for character 564b58fe-2953-48a1-b86a-bad6d0aa4807
[2025-07-14 11:09:23] Files before download: 0 for character 564b58fe-2953-48a1-b86a-bad6d0aa4807
[2025-07-14 11:09:23] Download button clicked for character 564b58fe-2953-48a1-b86a-bad6d0aa4807
[2025-07-14 11:09:23] Waiting for download file for character 564b58fe-2953-48a1-b86a-bad6d0aa4807, files before: 0
[2025-07-14 11:09:23] New file detected for 564b58fe-2953-48a1-b86a-bad6d0aa4807: /Users/txcslm/~RIDER/JannyAI/JannyAI/bin/Debug/net9.0/temp_downloads/Soifon.card.png, size: 53886 bytes
[2025-07-14 11:09:24] File download confirmed for 564b58fe-2953-48a1-b86a-bad6d0aa4807 - stable size: 53886 bytes
[2025-07-14 11:09:24] Moving file from /Users/txcslm/~RIDER/JannyAI/JannyAI/bin/Debug/net9.0/temp_downloads/Soifon.card.png to /Users/txcslm/~RIDER/JannyAI/JannyAI/bin/Debug/net9.0/jannyai_characters/564b58fe-2953-48a1-b86a-bad6d0aa4807.png
[2025-07-14 11:09:24] File successfully saved for 564b58fe-2953-48a1-b86a-bad6d0aa4807, size: 53886 bytes
[2025-07-14 11:09:25] Returned to list page after downloading 564b58fe-2953-48a1-b86a-bad6d0aa4807
[2025-07-14 11:09:25] SUCCESS: Character 564b58fe-2953-48a1-b86a-bad6d0aa4807 downloaded successfully
[2025-07-14 11:09:25] Processing character 40/40: 75719ce6-dbfa-4441-b4b5-01f12971ef05, URL: https://jannyai.com/characters/75719ce6-dbfa-4441-b4b5-01f12971ef05_character-georg-listing
[2025-07-14 11:09:25] Download attempt 1/3 for character 75719ce6-dbfa-4441-b4b5-01f12971ef05
[2025-07-14 11:09:26] Navigated to character page: https://jannyai.com/characters/75719ce6-dbfa-4441-b4b5-01f12971ef05_character-georg-listing
[2025-07-14 11:09:26] Download button found for character 75719ce6-dbfa-4441-b4b5-01f12971ef05
[2025-07-14 11:09:26] Files before download: 0 for character 75719ce6-dbfa-4441-b4b5-01f12971ef05
[2025-07-14 11:09:26] Download button clicked for character 75719ce6-dbfa-4441-b4b5-01f12971ef05
[2025-07-14 11:09:26] Waiting for download file for character 75719ce6-dbfa-4441-b4b5-01f12971ef05, files before: 0
[2025-07-14 11:09:27] New file detected for 75719ce6-dbfa-4441-b4b5-01f12971ef05: /Users/txcslm/~RIDER/JannyAI/JannyAI/bin/Debug/net9.0/temp_downloads/Georg Listing.card.png, size: 179903 bytes
[2025-07-14 11:09:27] File download confirmed for 75719ce6-dbfa-4441-b4b5-01f12971ef05 - stable size: 179903 bytes
[2025-07-14 11:09:27] Moving file from /Users/txcslm/~RIDER/JannyAI/JannyAI/bin/Debug/net9.0/temp_downloads/Georg Listing.card.png to /Users/txcslm/~RIDER/JannyAI/JannyAI/bin/Debug/net9.0/jannyai_characters/75719ce6-dbfa-4441-b4b5-01f12971ef05.png
[2025-07-14 11:09:27] File successfully saved for 75719ce6-dbfa-4441-b4b5-01f12971ef05, size: 179903 bytes
[2025-07-14 11:09:28] Returned to list page after downloading 75719ce6-dbfa-4441-b4b5-01f12971ef05
[2025-07-14 11:09:28] SUCCESS: Character 75719ce6-dbfa-4441-b4b5-01f12971ef05 downloaded successfully
[2025-07-14 11:09:29] Завершена обработка страницы 21689, обработано персонажей: 40
[2025-07-14 11:09:29] Страница 21689 завершена - обработано: 40, всего: 150
[2025-07-14 11:09:29] Attempting to go to previous page from 21689
[2025-07-14 11:09:29] Navigating to previous page: 21688
[2025-07-14 11:09:40] Successfully navigated to page 21688
[2025-07-14 11:09:41] Начало обработки страницы 21688
[2025-07-14 11:09:41] Грид персонажей загружен на странице 21688
[2025-07-14 11:09:41] Сохранен URL страницы для возврата: https://jannyai.com/?page=21688
[2025-07-14 11:09:41] Processing character 1/40: c69f4c0c-a10c-428a-93ed-d28b457957e0, URL: https://jannyai.com/characters/c69f4c0c-a10c-428a-93ed-d28b457957e0_character-ruby
[2025-07-14 11:09:41] Download attempt 1/3 for character c69f4c0c-a10c-428a-93ed-d28b457957e0
[2025-07-14 11:09:42] Navigated to character page: https://jannyai.com/characters/c69f4c0c-a10c-428a-93ed-d28b457957e0_character-ruby
[2025-07-14 11:09:42] Download button found for character c69f4c0c-a10c-428a-93ed-d28b457957e0
[2025-07-14 11:09:42] Files before download: 0 for character c69f4c0c-a10c-428a-93ed-d28b457957e0
[2025-07-14 11:09:42] Download button clicked for character c69f4c0c-a10c-428a-93ed-d28b457957e0
[2025-07-14 11:09:42] Waiting for download file for character c69f4c0c-a10c-428a-93ed-d28b457957e0, files before: 0
[2025-07-14 11:09:42] New file detected for c69f4c0c-a10c-428a-93ed-d28b457957e0: /Users/txcslm/~RIDER/JannyAI/JannyAI/bin/Debug/net9.0/temp_downloads/Ruby.card.png, size: 420957 bytes
[2025-07-14 11:09:43] File download confirmed for c69f4c0c-a10c-428a-93ed-d28b457957e0 - stable size: 420957 bytes
[2025-07-14 11:09:43] Moving file from /Users/txcslm/~RIDER/JannyAI/JannyAI/bin/Debug/net9.0/temp_downloads/Ruby.card.png to /Users/txcslm/~RIDER/JannyAI/JannyAI/bin/Debug/net9.0/jannyai_characters/c69f4c0c-a10c-428a-93ed-d28b457957e0.png
[2025-07-14 11:09:43] File successfully saved for c69f4c0c-a10c-428a-93ed-d28b457957e0, size: 420957 bytes
[2025-07-14 11:09:44] Returned to list page after downloading c69f4c0c-a10c-428a-93ed-d28b457957e0
[2025-07-14 11:09:44] SUCCESS: Character c69f4c0c-a10c-428a-93ed-d28b457957e0 downloaded successfully
[2025-07-14 11:09:44] Processing character 2/40: d4328b48-ce35-4c0d-b76c-4365e4b03759, URL: https://jannyai.com/characters/d4328b48-ce35-4c0d-b76c-4365e4b03759_character-miguel-o-hara
[2025-07-14 11:09:44] Download attempt 1/3 for character d4328b48-ce35-4c0d-b76c-4365e4b03759
[2025-07-14 11:09:45] Navigated to character page: https://jannyai.com/characters/d4328b48-ce35-4c0d-b76c-4365e4b03759_character-miguel-o-hara
[2025-07-14 11:09:45] Download button found for character d4328b48-ce35-4c0d-b76c-4365e4b03759
[2025-07-14 11:09:45] Files before download: 0 for character d4328b48-ce35-4c0d-b76c-4365e4b03759
[2025-07-14 11:09:45] Download button clicked for character d4328b48-ce35-4c0d-b76c-4365e4b03759
[2025-07-14 11:09:45] Waiting for download file for character d4328b48-ce35-4c0d-b76c-4365e4b03759, files before: 0
[2025-07-14 11:09:46] New file detected for d4328b48-ce35-4c0d-b76c-4365e4b03759: /Users/txcslm/~RIDER/JannyAI/JannyAI/bin/Debug/net9.0/temp_downloads/Miguel O'Hara.card.png, size: 253443 bytes
[2025-07-14 11:09:46] File download confirmed for d4328b48-ce35-4c0d-b76c-4365e4b03759 - stable size: 253443 bytes
[2025-07-14 11:09:46] Moving file from /Users/txcslm/~RIDER/JannyAI/JannyAI/bin/Debug/net9.0/temp_downloads/Miguel O'Hara.card.png to /Users/txcslm/~RIDER/JannyAI/JannyAI/bin/Debug/net9.0/jannyai_characters/d4328b48-ce35-4c0d-b76c-4365e4b03759.png
[2025-07-14 11:09:46] File successfully saved for d4328b48-ce35-4c0d-b76c-4365e4b03759, size: 253443 bytes
[2025-07-14 11:09:47] Returned to list page after downloading d4328b48-ce35-4c0d-b76c-4365e4b03759
[2025-07-14 11:09:47] SUCCESS: Character d4328b48-ce35-4c0d-b76c-4365e4b03759 downloaded successfully
[2025-07-14 11:09:48] Processing character 3/40: be56659b-7fdf-4106-87a1-35e2023cad66, URL: https://jannyai.com/characters/be56659b-7fdf-4106-87a1-35e2023cad66_character-kim-sohee
[2025-07-14 11:09:48] Download attempt 1/3 for character be56659b-7fdf-4106-87a1-35e2023cad66
[2025-07-14 11:09:49] Navigated to character page: https://jannyai.com/characters/be56659b-7fdf-4106-87a1-35e2023cad66_character-kim-sohee
[2025-07-14 11:09:49] Download button found for character be56659b-7fdf-4106-87a1-35e2023cad66
[2025-07-14 11:09:49] Files before download: 0 for character be56659b-7fdf-4106-87a1-35e2023cad66
[2025-07-14 11:09:49] Download button clicked for character be56659b-7fdf-4106-87a1-35e2023cad66
[2025-07-14 11:09:49] Waiting for download file for character be56659b-7fdf-4106-87a1-35e2023cad66, files before: 0
[2025-07-14 11:09:49] New file detected for be56659b-7fdf-4106-87a1-35e2023cad66: /Users/txcslm/~RIDER/JannyAI/JannyAI/bin/Debug/net9.0/temp_downloads/Kim Sohee.card.png, size: 449956 bytes
[2025-07-14 11:09:50] File download confirmed for be56659b-7fdf-4106-87a1-35e2023cad66 - stable size: 449956 bytes
[2025-07-14 11:09:50] Moving file from /Users/txcslm/~RIDER/JannyAI/JannyAI/bin/Debug/net9.0/temp_downloads/Kim Sohee.card.png to /Users/txcslm/~RIDER/JannyAI/JannyAI/bin/Debug/net9.0/jannyai_characters/be56659b-7fdf-4106-87a1-35e2023cad66.png
[2025-07-14 11:09:50] File successfully saved for be56659b-7fdf-4106-87a1-35e2023cad66, size: 449956 bytes
[2025-07-14 11:09:51] Returned to list page after downloading be56659b-7fdf-4106-87a1-35e2023cad66
[2025-07-14 11:09:51] SUCCESS: Character be56659b-7fdf-4106-87a1-35e2023cad66 downloaded successfully
[2025-07-14 11:09:51] Processing character 4/40: 9e877fc4-4159-4195-878a-cbd52ab97e49, URL: https://jannyai.com/characters/9e877fc4-4159-4195-878a-cbd52ab97e49_character-atori
[2025-07-14 11:09:51] Download attempt 1/3 for character 9e877fc4-4159-4195-878a-cbd52ab97e49
[2025-07-14 11:09:57] Navigated to character page: https://jannyai.com/characters/9e877fc4-4159-4195-878a-cbd52ab97e49_character-atori
[2025-07-14 11:09:58] Download button found for character 9e877fc4-4159-4195-878a-cbd52ab97e49
[2025-07-14 11:09:58] Files before download: 0 for character 9e877fc4-4159-4195-878a-cbd52ab97e49
[2025-07-14 11:09:58] Download button clicked for character 9e877fc4-4159-4195-878a-cbd52ab97e49
[2025-07-14 11:09:58] Waiting for download file for character 9e877fc4-4159-4195-878a-cbd52ab97e49, files before: 0
[2025-07-14 11:09:58] New file detected for 9e877fc4-4159-4195-878a-cbd52ab97e49: /Users/txcslm/~RIDER/JannyAI/JannyAI/bin/Debug/net9.0/temp_downloads/Atori.card.png, size: 528090 bytes
[2025-07-14 11:09:58] File download confirmed for 9e877fc4-4159-4195-878a-cbd52ab97e49 - stable size: 528090 bytes
[2025-07-14 11:09:58] Moving file from /Users/txcslm/~RIDER/JannyAI/JannyAI/bin/Debug/net9.0/temp_downloads/Atori.card.png to /Users/txcslm/~RIDER/JannyAI/JannyAI/bin/Debug/net9.0/jannyai_characters/9e877fc4-4159-4195-878a-cbd52ab97e49.png
[2025-07-14 11:09:58] File successfully saved for 9e877fc4-4159-4195-878a-cbd52ab97e49, size: 528090 bytes
[2025-07-14 11:10:00] Returned to list page after downloading 9e877fc4-4159-4195-878a-cbd52ab97e49
[2025-07-14 11:10:00] SUCCESS: Character 9e877fc4-4159-4195-878a-cbd52ab97e49 downloaded successfully
[2025-07-14 11:10:00] Processing character 5/40: 74e34ec9-ca1c-484a-8946-074b24f09ff5, URL: https://jannyai.com/characters/74e34ec9-ca1c-484a-8946-074b24f09ff5_character-welt-yang
[2025-07-14 11:10:00] Download attempt 1/3 for character 74e34ec9-ca1c-484a-8946-074b24f09ff5
[2025-07-14 11:10:01] Navigated to character page: https://jannyai.com/characters/74e34ec9-ca1c-484a-8946-074b24f09ff5_character-welt-yang
[2025-07-14 11:10:01] Download button found for character 74e34ec9-ca1c-484a-8946-074b24f09ff5
[2025-07-14 11:10:01] Files before download: 0 for character 74e34ec9-ca1c-484a-8946-074b24f09ff5
[2025-07-14 11:10:01] Download button clicked for character 74e34ec9-ca1c-484a-8946-074b24f09ff5
[2025-07-14 11:10:01] Waiting for download file for character 74e34ec9-ca1c-484a-8946-074b24f09ff5, files before: 0
[2025-07-14 11:10:02] New file detected for 74e34ec9-ca1c-484a-8946-074b24f09ff5: /Users/txcslm/~RIDER/JannyAI/JannyAI/bin/Debug/net9.0/temp_downloads/Welt Yang.card.png, size: 297421 bytes
[2025-07-14 11:10:02] File download confirmed for 74e34ec9-ca1c-484a-8946-074b24f09ff5 - stable size: 297421 bytes
[2025-07-14 11:10:02] Moving file from /Users/txcslm/~RIDER/JannyAI/JannyAI/bin/Debug/net9.0/temp_downloads/Welt Yang.card.png to /Users/txcslm/~RIDER/JannyAI/JannyAI/bin/Debug/net9.0/jannyai_characters/74e34ec9-ca1c-484a-8946-074b24f09ff5.png
[2025-07-14 11:10:02] File successfully saved for 74e34ec9-ca1c-484a-8946-074b24f09ff5, size: 297421 bytes
[2025-07-14 11:10:03] Returned to list page after downloading 74e34ec9-ca1c-484a-8946-074b24f09ff5
[2025-07-14 11:10:03] SUCCESS: Character 74e34ec9-ca1c-484a-8946-074b24f09ff5 downloaded successfully
[2025-07-14 11:10:04] Processing character 6/40: 93c18079-11b7-4fa7-b6c0-0e6228b007a0, URL: https://jannyai.com/characters/93c18079-11b7-4fa7-b6c0-0e6228b007a0_character-vladimir-lenin
[2025-07-14 11:10:04] Download attempt 1/3 for character 93c18079-11b7-4fa7-b6c0-0e6228b007a0
[2025-07-14 11:10:05] Navigated to character page: https://jannyai.com/characters/93c18079-11b7-4fa7-b6c0-0e6228b007a0_character-vladimir-lenin
[2025-07-14 11:10:05] Download button found for character 93c18079-11b7-4fa7-b6c0-0e6228b007a0
[2025-07-14 11:10:05] Files before download: 0 for character 93c18079-11b7-4fa7-b6c0-0e6228b007a0
[2025-07-14 11:10:05] Download button clicked for character 93c18079-11b7-4fa7-b6c0-0e6228b007a0
[2025-07-14 11:10:05] Waiting for download file for character 93c18079-11b7-4fa7-b6c0-0e6228b007a0, files before: 0
[2025-07-14 11:10:05] New file detected for 93c18079-11b7-4fa7-b6c0-0e6228b007a0: /Users/txcslm/~RIDER/JannyAI/JannyAI/bin/Debug/net9.0/temp_downloads/Vladimir Lenin.card.png, size: 699894 bytes
[2025-07-14 11:10:06] File download confirmed for 93c18079-11b7-4fa7-b6c0-0e6228b007a0 - stable size: 699894 bytes
[2025-07-14 11:10:06] Moving file from /Users/txcslm/~RIDER/JannyAI/JannyAI/bin/Debug/net9.0/temp_downloads/Vladimir Lenin.card.png to /Users/txcslm/~RIDER/JannyAI/JannyAI/bin/Debug/net9.0/jannyai_characters/93c18079-11b7-4fa7-b6c0-0e6228b007a0.png
[2025-07-14 11:10:06] File successfully saved for 93c18079-11b7-4fa7-b6c0-0e6228b007a0, size: 699894 bytes
[2025-07-14 11:10:07] Returned to list page after downloading 93c18079-11b7-4fa7-b6c0-0e6228b007a0
[2025-07-14 11:10:07] SUCCESS: Character 93c18079-11b7-4fa7-b6c0-0e6228b007a0 downloaded successfully
[2025-07-14 11:10:07] Processing character 7/40: 9bec07e7-0e8d-4f0d-851e-b973318c9f59, URL: https://jannyai.com/characters/9bec07e7-0e8d-4f0d-851e-b973318c9f59_character-robert-smith
[2025-07-14 11:10:07] Download attempt 1/3 for character 9bec07e7-0e8d-4f0d-851e-b973318c9f59
[2025-07-14 11:10:08] Navigated to character page: https://jannyai.com/characters/9bec07e7-0e8d-4f0d-851e-b973318c9f59_character-robert-smith
[2025-07-14 11:10:09] Download button found for character 9bec07e7-0e8d-4f0d-851e-b973318c9f59
[2025-07-14 11:10:09] Files before download: 0 for character 9bec07e7-0e8d-4f0d-851e-b973318c9f59
[2025-07-14 11:10:09] Download button clicked for character 9bec07e7-0e8d-4f0d-851e-b973318c9f59
[2025-07-14 11:10:09] Waiting for download file for character 9bec07e7-0e8d-4f0d-851e-b973318c9f59, files before: 0
[2025-07-14 11:10:09] New file detected for 9bec07e7-0e8d-4f0d-851e-b973318c9f59: /Users/txcslm/~RIDER/JannyAI/JannyAI/bin/Debug/net9.0/temp_downloads/Robert Smith.card.png, size: 166147 bytes
[2025-07-14 11:10:09] File download confirmed for 9bec07e7-0e8d-4f0d-851e-b973318c9f59 - stable size: 166147 bytes
[2025-07-14 11:10:09] Moving file from /Users/txcslm/~RIDER/JannyAI/JannyAI/bin/Debug/net9.0/temp_downloads/Robert Smith.card.png to /Users/txcslm/~RIDER/JannyAI/JannyAI/bin/Debug/net9.0/jannyai_characters/9bec07e7-0e8d-4f0d-851e-b973318c9f59.png
[2025-07-14 11:10:09] File successfully saved for 9bec07e7-0e8d-4f0d-851e-b973318c9f59, size: 166147 bytes
[2025-07-14 11:10:11] Returned to list page after downloading 9bec07e7-0e8d-4f0d-851e-b973318c9f59
[2025-07-14 11:10:11] SUCCESS: Character 9bec07e7-0e8d-4f0d-851e-b973318c9f59 downloaded successfully
[2025-07-14 11:10:11] Processing character 8/40: d5b7211a-b7aa-41bb-b2f3-80177081d220, URL: https://jannyai.com/characters/d5b7211a-b7aa-41bb-b2f3-80177081d220_character-femboy
[2025-07-14 11:10:11] Download attempt 1/3 for character d5b7211a-b7aa-41bb-b2f3-80177081d220
[2025-07-14 11:10:12] Navigated to character page: https://jannyai.com/characters/d5b7211a-b7aa-41bb-b2f3-80177081d220_character-femboy
[2025-07-14 11:10:12] Download button found for character d5b7211a-b7aa-41bb-b2f3-80177081d220
[2025-07-14 11:10:12] Files before download: 0 for character d5b7211a-b7aa-41bb-b2f3-80177081d220
[2025-07-14 11:10:12] Download button clicked for character d5b7211a-b7aa-41bb-b2f3-80177081d220
[2025-07-14 11:10:12] Waiting for download file for character d5b7211a-b7aa-41bb-b2f3-80177081d220, files before: 0
[2025-07-14 11:10:13] New file detected for d5b7211a-b7aa-41bb-b2f3-80177081d220: /Users/txcslm/~RIDER/JannyAI/JannyAI/bin/Debug/net9.0/temp_downloads/Femboy .card.png, size: 145239 bytes
[2025-07-14 11:10:13] File download confirmed for d5b7211a-b7aa-41bb-b2f3-80177081d220 - stable size: 145239 bytes
[2025-07-14 11:10:13] Moving file from /Users/txcslm/~RIDER/JannyAI/JannyAI/bin/Debug/net9.0/temp_downloads/Femboy .card.png to /Users/txcslm/~RIDER/JannyAI/JannyAI/bin/Debug/net9.0/jannyai_characters/d5b7211a-b7aa-41bb-b2f3-80177081d220.png
[2025-07-14 11:10:13] File successfully saved for d5b7211a-b7aa-41bb-b2f3-80177081d220, size: 145239 bytes
[2025-07-14 11:10:14] Returned to list page after downloading d5b7211a-b7aa-41bb-b2f3-80177081d220
[2025-07-14 11:10:14] SUCCESS: Character d5b7211a-b7aa-41bb-b2f3-80177081d220 downloaded successfully
[2025-07-14 11:10:15] Processing character 9/40: b18dd210-6c41-44b6-bfa9-b3024602786d, URL: https://jannyai.com/characters/b18dd210-6c41-44b6-bfa9-b3024602786d_character-allen-ivories
[2025-07-14 11:10:15] Download attempt 1/3 for character b18dd210-6c41-44b6-bfa9-b3024602786d
[2025-07-14 11:10:16] Navigated to character page: https://jannyai.com/characters/b18dd210-6c41-44b6-bfa9-b3024602786d_character-allen-ivories
[2025-07-14 11:10:16] Download button found for character b18dd210-6c41-44b6-bfa9-b3024602786d
[2025-07-14 11:10:16] Files before download: 0 for character b18dd210-6c41-44b6-bfa9-b3024602786d
[2025-07-14 11:10:16] Download button clicked for character b18dd210-6c41-44b6-bfa9-b3024602786d
[2025-07-14 11:10:16] Waiting for download file for character b18dd210-6c41-44b6-bfa9-b3024602786d, files before: 0
[2025-07-14 11:10:16] New file detected for b18dd210-6c41-44b6-bfa9-b3024602786d: /Users/txcslm/~RIDER/JannyAI/JannyAI/bin/Debug/net9.0/temp_downloads/Allen Ivories.card.png, size: 262560 bytes
[2025-07-14 11:10:17] File download confirmed for b18dd210-6c41-44b6-bfa9-b3024602786d - stable size: 262560 bytes
[2025-07-14 11:10:17] Moving file from /Users/txcslm/~RIDER/JannyAI/JannyAI/bin/Debug/net9.0/temp_downloads/Allen Ivories.card.png to /Users/txcslm/~RIDER/JannyAI/JannyAI/bin/Debug/net9.0/jannyai_characters/b18dd210-6c41-44b6-bfa9-b3024602786d.png
[2025-07-14 11:10:17] File successfully saved for b18dd210-6c41-44b6-bfa9-b3024602786d, size: 262560 bytes
[2025-07-14 11:10:18] Returned to list page after downloading b18dd210-6c41-44b6-bfa9-b3024602786d
[2025-07-14 11:10:18] SUCCESS: Character b18dd210-6c41-44b6-bfa9-b3024602786d downloaded successfully
[2025-07-14 11:10:19] Processing character 10/40: 454e1c8c-4cc3-42f6-b0ad-d00e2a67d4ae, URL: https://jannyai.com/characters/454e1c8c-4cc3-42f6-b0ad-d00e2a67d4ae_character-zhongli
[2025-07-14 11:10:19] Download attempt 1/3 for character 454e1c8c-4cc3-42f6-b0ad-d00e2a67d4ae
[2025-07-14 11:10:20] Navigated to character page: https://jannyai.com/characters/454e1c8c-4cc3-42f6-b0ad-d00e2a67d4ae_character-zhongli
[2025-07-14 11:10:20] Download button found for character 454e1c8c-4cc3-42f6-b0ad-d00e2a67d4ae
[2025-07-14 11:10:20] Files before download: 0 for character 454e1c8c-4cc3-42f6-b0ad-d00e2a67d4ae
[2025-07-14 11:10:20] Download button clicked for character 454e1c8c-4cc3-42f6-b0ad-d00e2a67d4ae
[2025-07-14 11:10:20] Waiting for download file for character 454e1c8c-4cc3-42f6-b0ad-d00e2a67d4ae, files before: 0
[2025-07-14 11:10:20] New file detected for 454e1c8c-4cc3-42f6-b0ad-d00e2a67d4ae: /Users/txcslm/~RIDER/JannyAI/JannyAI/bin/Debug/net9.0/temp_downloads/Zhongli.card.png, size: 539292 bytes
[2025-07-14 11:10:21] File download confirmed for 454e1c8c-4cc3-42f6-b0ad-d00e2a67d4ae - stable size: 539292 bytes
[2025-07-14 11:10:21] Moving file from /Users/txcslm/~RIDER/JannyAI/JannyAI/bin/Debug/net9.0/temp_downloads/Zhongli.card.png to /Users/txcslm/~RIDER/JannyAI/JannyAI/bin/Debug/net9.0/jannyai_characters/454e1c8c-4cc3-42f6-b0ad-d00e2a67d4ae.png
[2025-07-14 11:10:21] File successfully saved for 454e1c8c-4cc3-42f6-b0ad-d00e2a67d4ae, size: 539292 bytes
[2025-07-14 11:10:22] Returned to list page after downloading 454e1c8c-4cc3-42f6-b0ad-d00e2a67d4ae
[2025-07-14 11:10:22] SUCCESS: Character 454e1c8c-4cc3-42f6-b0ad-d00e2a67d4ae downloaded successfully
[2025-07-14 11:10:22] Processing character 11/40: 039a5a59-6941-45ca-8786-f3bd872ac33d, URL: https://jannyai.com/characters/039a5a59-6941-45ca-8786-f3bd872ac33d_character-kaworu-nagisa
[2025-07-14 11:10:22] Download attempt 1/3 for character 039a5a59-6941-45ca-8786-f3bd872ac33d
[2025-07-14 11:10:23] Navigated to character page: https://jannyai.com/characters/039a5a59-6941-45ca-8786-f3bd872ac33d_character-kaworu-nagisa
[2025-07-14 11:10:24] Download button found for character 039a5a59-6941-45ca-8786-f3bd872ac33d
[2025-07-14 11:10:24] Files before download: 0 for character 039a5a59-6941-45ca-8786-f3bd872ac33d
[2025-07-14 11:10:24] Download button clicked for character 039a5a59-6941-45ca-8786-f3bd872ac33d
[2025-07-14 11:10:24] Waiting for download file for character 039a5a59-6941-45ca-8786-f3bd872ac33d, files before: 0
[2025-07-14 11:10:24] New file detected for 039a5a59-6941-45ca-8786-f3bd872ac33d: /Users/txcslm/~RIDER/JannyAI/JannyAI/bin/Debug/net9.0/temp_downloads/Kaworu Nagisa.card.png, size: 127229 bytes
[2025-07-14 11:10:24] File download confirmed for 039a5a59-6941-45ca-8786-f3bd872ac33d - stable size: 127229 bytes
[2025-07-14 11:10:24] Moving file from /Users/txcslm/~RIDER/JannyAI/JannyAI/bin/Debug/net9.0/temp_downloads/Kaworu Nagisa.card.png to /Users/txcslm/~RIDER/JannyAI/JannyAI/bin/Debug/net9.0/jannyai_characters/039a5a59-6941-45ca-8786-f3bd872ac33d.png
[2025-07-14 11:10:24] File successfully saved for 039a5a59-6941-45ca-8786-f3bd872ac33d, size: 127229 bytes
[2025-07-14 11:10:26] Returned to list page after downloading 039a5a59-6941-45ca-8786-f3bd872ac33d
[2025-07-14 11:10:26] SUCCESS: Character 039a5a59-6941-45ca-8786-f3bd872ac33d downloaded successfully
[2025-07-14 11:10:26] Processing character 12/40: 4254f2a4-24f1-49a7-8a72-1812569d1b13, URL: https://jannyai.com/characters/4254f2a4-24f1-49a7-8a72-1812569d1b13_character-broly
[2025-07-14 11:10:26] Download attempt 1/3 for character 4254f2a4-24f1-49a7-8a72-1812569d1b13
[2025-07-14 11:10:27] Navigated to character page: https://jannyai.com/characters/4254f2a4-24f1-49a7-8a72-1812569d1b13_character-broly
[2025-07-14 11:10:27] Download button found for character 4254f2a4-24f1-49a7-8a72-1812569d1b13
[2025-07-14 11:10:27] Files before download: 0 for character 4254f2a4-24f1-49a7-8a72-1812569d1b13
[2025-07-14 11:10:27] Download button clicked for character 4254f2a4-24f1-49a7-8a72-1812569d1b13
[2025-07-14 11:10:27] Waiting for download file for character 4254f2a4-24f1-49a7-8a72-1812569d1b13, files before: 0
[2025-07-14 11:10:28] New file detected for 4254f2a4-24f1-49a7-8a72-1812569d1b13: /Users/txcslm/~RIDER/JannyAI/JannyAI/bin/Debug/net9.0/temp_downloads/Broly.card.png, size: 461399 bytes
[2025-07-14 11:10:28] File download confirmed for 4254f2a4-24f1-49a7-8a72-1812569d1b13 - stable size: 461399 bytes
[2025-07-14 11:10:28] Moving file from /Users/txcslm/~RIDER/JannyAI/JannyAI/bin/Debug/net9.0/temp_downloads/Broly.card.png to /Users/txcslm/~RIDER/JannyAI/JannyAI/bin/Debug/net9.0/jannyai_characters/4254f2a4-24f1-49a7-8a72-1812569d1b13.png
[2025-07-14 11:10:28] File successfully saved for 4254f2a4-24f1-49a7-8a72-1812569d1b13, size: 461399 bytes
[2025-07-14 11:10:29] Returned to list page after downloading 4254f2a4-24f1-49a7-8a72-1812569d1b13
[2025-07-14 11:10:29] SUCCESS: Character 4254f2a4-24f1-49a7-8a72-1812569d1b13 downloaded successfully
[2025-07-14 11:10:30] Processing character 13/40: 73265299-abe7-4787-a096-ca183943b866, URL: https://jannyai.com/characters/73265299-abe7-4787-a096-ca183943b866_character-giyu-tomioka
[2025-07-14 11:10:30] Download attempt 1/3 for character 73265299-abe7-4787-a096-ca183943b866
[2025-07-14 11:10:31] Navigated to character page: https://jannyai.com/characters/73265299-abe7-4787-a096-ca183943b866_character-giyu-tomioka
[2025-07-14 11:10:31] Download button found for character 73265299-abe7-4787-a096-ca183943b866
[2025-07-14 11:10:31] Files before download: 0 for character 73265299-abe7-4787-a096-ca183943b866
[2025-07-14 11:10:31] Download button clicked for character 73265299-abe7-4787-a096-ca183943b866
[2025-07-14 11:10:31] Waiting for download file for character 73265299-abe7-4787-a096-ca183943b866, files before: 0
[2025-07-14 11:10:31] New file detected for 73265299-abe7-4787-a096-ca183943b866: /Users/txcslm/~RIDER/JannyAI/JannyAI/bin/Debug/net9.0/temp_downloads/Giyu Tomioka.card.png, size: 879477 bytes
[2025-07-14 11:10:32] File download confirmed for 73265299-abe7-4787-a096-ca183943b866 - stable size: 879477 bytes
[2025-07-14 11:10:32] Moving file from /Users/txcslm/~RIDER/JannyAI/JannyAI/bin/Debug/net9.0/temp_downloads/Giyu Tomioka.card.png to /Users/txcslm/~RIDER/JannyAI/JannyAI/bin/Debug/net9.0/jannyai_characters/73265299-abe7-4787-a096-ca183943b866.png
[2025-07-14 11:10:32] File successfully saved for 73265299-abe7-4787-a096-ca183943b866, size: 879477 bytes
[2025-07-14 11:10:33] Returned to list page after downloading 73265299-abe7-4787-a096-ca183943b866
[2025-07-14 11:10:33] SUCCESS: Character 73265299-abe7-4787-a096-ca183943b866 downloaded successfully
[2025-07-14 11:10:33] Processing character 14/40: 0fbf553b-17b6-4458-bd57-46a94aa7c7b5, URL: https://jannyai.com/characters/0fbf553b-17b6-4458-bd57-46a94aa7c7b5_character-bodyguard-scara
[2025-07-14 11:10:33] Download attempt 1/3 for character 0fbf553b-17b6-4458-bd57-46a94aa7c7b5
[2025-07-14 11:10:34] Navigated to character page: https://jannyai.com/characters/0fbf553b-17b6-4458-bd57-46a94aa7c7b5_character-bodyguard-scara
[2025-07-14 11:10:35] Download button found for character 0fbf553b-17b6-4458-bd57-46a94aa7c7b5
[2025-07-14 11:10:35] Files before download: 0 for character 0fbf553b-17b6-4458-bd57-46a94aa7c7b5
[2025-07-14 11:10:35] Download button clicked for character 0fbf553b-17b6-4458-bd57-46a94aa7c7b5
[2025-07-14 11:10:35] Waiting for download file for character 0fbf553b-17b6-4458-bd57-46a94aa7c7b5, files before: 0
[2025-07-14 11:10:35] New file detected for 0fbf553b-17b6-4458-bd57-46a94aa7c7b5: /Users/txcslm/~RIDER/JannyAI/JannyAI/bin/Debug/net9.0/temp_downloads/bodyguard scara.card.png, size: 69769 bytes
[2025-07-14 11:10:35] File download confirmed for 0fbf553b-17b6-4458-bd57-46a94aa7c7b5 - stable size: 69769 bytes
[2025-07-14 11:10:35] Moving file from /Users/txcslm/~RIDER/JannyAI/JannyAI/bin/Debug/net9.0/temp_downloads/bodyguard scara.card.png to /Users/txcslm/~RIDER/JannyAI/JannyAI/bin/Debug/net9.0/jannyai_characters/0fbf553b-17b6-4458-bd57-46a94aa7c7b5.png
[2025-07-14 11:10:35] File successfully saved for 0fbf553b-17b6-4458-bd57-46a94aa7c7b5, size: 69769 bytes
[2025-07-14 11:10:37] Returned to list page after downloading 0fbf553b-17b6-4458-bd57-46a94aa7c7b5
[2025-07-14 11:10:37] SUCCESS: Character 0fbf553b-17b6-4458-bd57-46a94aa7c7b5 downloaded successfully
[2025-07-14 11:10:37] Processing character 15/40: 87408101-ff0b-46ab-a230-8eaf478be4b3, URL: https://jannyai.com/characters/87408101-ff0b-46ab-a230-8eaf478be4b3_character-sakura
[2025-07-14 11:10:37] Download attempt 1/3 for character 87408101-ff0b-46ab-a230-8eaf478be4b3
[2025-07-14 11:10:38] Navigated to character page: https://jannyai.com/characters/87408101-ff0b-46ab-a230-8eaf478be4b3_character-sakura
[2025-07-14 11:10:38] Download button found for character 87408101-ff0b-46ab-a230-8eaf478be4b3
[2025-07-14 11:10:38] Files before download: 0 for character 87408101-ff0b-46ab-a230-8eaf478be4b3
[2025-07-14 11:10:38] Download button clicked for character 87408101-ff0b-46ab-a230-8eaf478be4b3
[2025-07-14 11:10:38] Waiting for download file for character 87408101-ff0b-46ab-a230-8eaf478be4b3, files before: 0
[2025-07-14 11:10:38] New file detected for 87408101-ff0b-46ab-a230-8eaf478be4b3: /Users/txcslm/~RIDER/JannyAI/JannyAI/bin/Debug/net9.0/temp_downloads/Sakura.card.png, size: 375384 bytes
[2025-07-14 11:10:39] File download confirmed for 87408101-ff0b-46ab-a230-8eaf478be4b3 - stable size: 375384 bytes
[2025-07-14 11:10:39] Moving file from /Users/txcslm/~RIDER/JannyAI/JannyAI/bin/Debug/net9.0/temp_downloads/Sakura.card.png to /Users/txcslm/~RIDER/JannyAI/JannyAI/bin/Debug/net9.0/jannyai_characters/87408101-ff0b-46ab-a230-8eaf478be4b3.png
[2025-07-14 11:10:39] File successfully saved for 87408101-ff0b-46ab-a230-8eaf478be4b3, size: 375384 bytes
[2025-07-14 11:10:40] Returned to list page after downloading 87408101-ff0b-46ab-a230-8eaf478be4b3
[2025-07-14 11:10:40] SUCCESS: Character 87408101-ff0b-46ab-a230-8eaf478be4b3 downloaded successfully
[2025-07-14 11:10:41] Processing character 16/40: 49c5e8e3-d0e5-4628-9495-ccc8535d7ad7, URL: https://jannyai.com/characters/49c5e8e3-d0e5-4628-9495-ccc8535d7ad7_character-sunny
[2025-07-14 11:10:41] Download attempt 1/3 for character 49c5e8e3-d0e5-4628-9495-ccc8535d7ad7
[2025-07-14 11:10:42] Navigated to character page: https://jannyai.com/characters/49c5e8e3-d0e5-4628-9495-ccc8535d7ad7_character-sunny
[2025-07-14 11:10:42] Download button found for character 49c5e8e3-d0e5-4628-9495-ccc8535d7ad7
[2025-07-14 11:10:42] Files before download: 0 for character 49c5e8e3-d0e5-4628-9495-ccc8535d7ad7
[2025-07-14 11:10:42] Download button clicked for character 49c5e8e3-d0e5-4628-9495-ccc8535d7ad7
[2025-07-14 11:10:42] Waiting for download file for character 49c5e8e3-d0e5-4628-9495-ccc8535d7ad7, files before: 0
[2025-07-14 11:10:42] New file detected for 49c5e8e3-d0e5-4628-9495-ccc8535d7ad7: /Users/txcslm/~RIDER/JannyAI/JannyAI/bin/Debug/net9.0/temp_downloads/Sunny.card.png, size: 202805 bytes
[2025-07-14 11:10:43] File download confirmed for 49c5e8e3-d0e5-4628-9495-ccc8535d7ad7 - stable size: 202805 bytes
[2025-07-14 11:10:43] Moving file from /Users/txcslm/~RIDER/JannyAI/JannyAI/bin/Debug/net9.0/temp_downloads/Sunny.card.png to /Users/txcslm/~RIDER/JannyAI/JannyAI/bin/Debug/net9.0/jannyai_characters/49c5e8e3-d0e5-4628-9495-ccc8535d7ad7.png
[2025-07-14 11:10:43] File successfully saved for 49c5e8e3-d0e5-4628-9495-ccc8535d7ad7, size: 202805 bytes
[2025-07-14 11:10:44] Returned to list page after downloading 49c5e8e3-d0e5-4628-9495-ccc8535d7ad7
[2025-07-14 11:10:44] SUCCESS: Character 49c5e8e3-d0e5-4628-9495-ccc8535d7ad7 downloaded successfully
[2025-07-14 11:10:44] Processing character 17/40: 3cc78d0f-498c-40ec-8c7e-40241e82f59e, URL: https://jannyai.com/characters/3cc78d0f-498c-40ec-8c7e-40241e82f59e_character-peter-yb-goth
[2025-07-14 11:10:44] Download attempt 1/3 for character 3cc78d0f-498c-40ec-8c7e-40241e82f59e
[2025-07-14 11:10:46] Navigated to character page: https://jannyai.com/characters/3cc78d0f-498c-40ec-8c7e-40241e82f59e_character-peter-yb-goth
[2025-07-14 11:10:46] Download button found for character 3cc78d0f-498c-40ec-8c7e-40241e82f59e
[2025-07-14 11:10:46] Files before download: 0 for character 3cc78d0f-498c-40ec-8c7e-40241e82f59e
[2025-07-14 11:10:46] Download button clicked for character 3cc78d0f-498c-40ec-8c7e-40241e82f59e
[2025-07-14 11:10:46] Waiting for download file for character 3cc78d0f-498c-40ec-8c7e-40241e82f59e, files before: 0
[2025-07-14 11:10:46] New file detected for 3cc78d0f-498c-40ec-8c7e-40241e82f59e: /Users/txcslm/~RIDER/JannyAI/JannyAI/bin/Debug/net9.0/temp_downloads/Peter yb (goth) .card.png, size: 180911 bytes
[2025-07-14 11:10:47] File download confirmed for 3cc78d0f-498c-40ec-8c7e-40241e82f59e - stable size: 180911 bytes
[2025-07-14 11:10:47] Moving file from /Users/txcslm/~RIDER/JannyAI/JannyAI/bin/Debug/net9.0/temp_downloads/Peter yb (goth) .card.png to /Users/txcslm/~RIDER/JannyAI/JannyAI/bin/Debug/net9.0/jannyai_characters/3cc78d0f-498c-40ec-8c7e-40241e82f59e.png
[2025-07-14 11:10:47] File successfully saved for 3cc78d0f-498c-40ec-8c7e-40241e82f59e, size: 180911 bytes
[2025-07-14 11:10:48] Returned to list page after downloading 3cc78d0f-498c-40ec-8c7e-40241e82f59e
[2025-07-14 11:10:48] SUCCESS: Character 3cc78d0f-498c-40ec-8c7e-40241e82f59e downloaded successfully
[2025-07-14 11:10:48] Processing character 18/40: 5c3d7038-0413-4561-a5c2-a6ef7e011f13, URL: https://jannyai.com/characters/5c3d7038-0413-4561-a5c2-a6ef7e011f13_character-alex-turner
[2025-07-14 11:10:48] Download attempt 1/3 for character 5c3d7038-0413-4561-a5c2-a6ef7e011f13
[2025-07-14 11:10:49] Navigated to character page: https://jannyai.com/characters/5c3d7038-0413-4561-a5c2-a6ef7e011f13_character-alex-turner
[2025-07-14 11:10:50] Download button found for character 5c3d7038-0413-4561-a5c2-a6ef7e011f13
[2025-07-14 11:10:50] Files before download: 0 for character 5c3d7038-0413-4561-a5c2-a6ef7e011f13
[2025-07-14 11:10:50] Download button clicked for character 5c3d7038-0413-4561-a5c2-a6ef7e011f13
[2025-07-14 11:10:50] Waiting for download file for character 5c3d7038-0413-4561-a5c2-a6ef7e011f13, files before: 0
[2025-07-14 11:10:50] New file detected for 5c3d7038-0413-4561-a5c2-a6ef7e011f13: /Users/txcslm/~RIDER/JannyAI/JannyAI/bin/Debug/net9.0/temp_downloads/Alex Turner.card.png, size: 308626 bytes
[2025-07-14 11:10:50] File download confirmed for 5c3d7038-0413-4561-a5c2-a6ef7e011f13 - stable size: 308626 bytes
[2025-07-14 11:10:50] Moving file from /Users/txcslm/~RIDER/JannyAI/JannyAI/bin/Debug/net9.0/temp_downloads/Alex Turner.card.png to /Users/txcslm/~RIDER/JannyAI/JannyAI/bin/Debug/net9.0/jannyai_characters/5c3d7038-0413-4561-a5c2-a6ef7e011f13.png
[2025-07-14 11:10:50] File successfully saved for 5c3d7038-0413-4561-a5c2-a6ef7e011f13, size: 308626 bytes
[2025-07-14 11:10:52] Returned to list page after downloading 5c3d7038-0413-4561-a5c2-a6ef7e011f13
[2025-07-14 11:10:52] SUCCESS: Character 5c3d7038-0413-4561-a5c2-a6ef7e011f13 downloaded successfully
[2025-07-14 11:10:52] Processing character 19/40: 87cfe828-058a-496d-a10a-417ff9507757, URL: https://jannyai.com/characters/87cfe828-058a-496d-a10a-417ff9507757_character-hank-devereaux
[2025-07-14 11:10:52] Download attempt 1/3 for character 87cfe828-058a-496d-a10a-417ff9507757
[2025-07-14 11:10:53] Navigated to character page: https://jannyai.com/characters/87cfe828-058a-496d-a10a-417ff9507757_character-hank-devereaux
[2025-07-14 11:10:53] Download button found for character 87cfe828-058a-496d-a10a-417ff9507757
[2025-07-14 11:10:53] Files before download: 0 for character 87cfe828-058a-496d-a10a-417ff9507757
[2025-07-14 11:10:53] Download button clicked for character 87cfe828-058a-496d-a10a-417ff9507757
[2025-07-14 11:10:53] Waiting for download file for character 87cfe828-058a-496d-a10a-417ff9507757, files before: 0
[2025-07-14 11:10:53] New file detected for 87cfe828-058a-496d-a10a-417ff9507757: /Users/txcslm/~RIDER/JannyAI/JannyAI/bin/Debug/net9.0/temp_downloads/Hank Devereaux.card.png, size: 567559 bytes
[2025-07-14 11:10:54] File download confirmed for 87cfe828-058a-496d-a10a-417ff9507757 - stable size: 567559 bytes
[2025-07-14 11:10:54] Moving file from /Users/txcslm/~RIDER/JannyAI/JannyAI/bin/Debug/net9.0/temp_downloads/Hank Devereaux.card.png to /Users/txcslm/~RIDER/JannyAI/JannyAI/bin/Debug/net9.0/jannyai_characters/87cfe828-058a-496d-a10a-417ff9507757.png
[2025-07-14 11:10:54] File successfully saved for 87cfe828-058a-496d-a10a-417ff9507757, size: 567559 bytes
[2025-07-14 11:10:55] Returned to list page after downloading 87cfe828-058a-496d-a10a-417ff9507757
[2025-07-14 11:10:55] SUCCESS: Character 87cfe828-058a-496d-a10a-417ff9507757 downloaded successfully
[2025-07-14 11:10:55] Processing character 20/40: 55e6abc8-10d4-4f16-9678-db3fff4fb19c, URL: https://jannyai.com/characters/55e6abc8-10d4-4f16-9678-db3fff4fb19c_character-the-dark-lord
[2025-07-14 11:10:55] Download attempt 1/3 for character 55e6abc8-10d4-4f16-9678-db3fff4fb19c
[2025-07-14 11:10:57] Navigated to character page: https://jannyai.com/characters/55e6abc8-10d4-4f16-9678-db3fff4fb19c_character-the-dark-lord
[2025-07-14 11:10:57] Download button found for character 55e6abc8-10d4-4f16-9678-db3fff4fb19c
[2025-07-14 11:10:57] Files before download: 0 for character 55e6abc8-10d4-4f16-9678-db3fff4fb19c
[2025-07-14 11:10:57] Download button clicked for character 55e6abc8-10d4-4f16-9678-db3fff4fb19c
[2025-07-14 11:10:57] Waiting for download file for character 55e6abc8-10d4-4f16-9678-db3fff4fb19c, files before: 0
[2025-07-14 11:10:57] New file detected for 55e6abc8-10d4-4f16-9678-db3fff4fb19c: /Users/txcslm/~RIDER/JannyAI/JannyAI/bin/Debug/net9.0/temp_downloads/The Dark Lord.card.png, size: 182147 bytes
[2025-07-14 11:10:57] File download confirmed for 55e6abc8-10d4-4f16-9678-db3fff4fb19c - stable size: 182147 bytes
[2025-07-14 11:10:57] Moving file from /Users/txcslm/~RIDER/JannyAI/JannyAI/bin/Debug/net9.0/temp_downloads/The Dark Lord.card.png to /Users/txcslm/~RIDER/JannyAI/JannyAI/bin/Debug/net9.0/jannyai_characters/55e6abc8-10d4-4f16-9678-db3fff4fb19c.png
[2025-07-14 11:10:57] File successfully saved for 55e6abc8-10d4-4f16-9678-db3fff4fb19c, size: 182147 bytes
[2025-07-14 11:10:59] Returned to list page after downloading 55e6abc8-10d4-4f16-9678-db3fff4fb19c
[2025-07-14 11:10:59] SUCCESS: Character 55e6abc8-10d4-4f16-9678-db3fff4fb19c downloaded successfully
[2025-07-14 11:10:59] Processing character 21/40: 89bc85a6-f51f-47ac-b6ec-c3e46ada80b6, URL: https://jannyai.com/characters/89bc85a6-f51f-47ac-b6ec-c3e46ada80b6_character-zeke-yaeger
[2025-07-14 11:10:59] Download attempt 1/3 for character 89bc85a6-f51f-47ac-b6ec-c3e46ada80b6
[2025-07-14 11:11:00] Navigated to character page: https://jannyai.com/characters/89bc85a6-f51f-47ac-b6ec-c3e46ada80b6_character-zeke-yaeger
[2025-07-14 11:11:00] Download button found for character 89bc85a6-f51f-47ac-b6ec-c3e46ada80b6
[2025-07-14 11:11:00] Files before download: 0 for character 89bc85a6-f51f-47ac-b6ec-c3e46ada80b6
[2025-07-14 11:11:00] Download button clicked for character 89bc85a6-f51f-47ac-b6ec-c3e46ada80b6
[2025-07-14 11:11:00] Waiting for download file for character 89bc85a6-f51f-47ac-b6ec-c3e46ada80b6, files before: 0
[2025-07-14 11:11:01] New file detected for 89bc85a6-f51f-47ac-b6ec-c3e46ada80b6: /Users/txcslm/~RIDER/JannyAI/JannyAI/bin/Debug/net9.0/temp_downloads/Zeke Yaeger.card.png, size: 739450 bytes
[2025-07-14 11:11:01] File download confirmed for 89bc85a6-f51f-47ac-b6ec-c3e46ada80b6 - stable size: 739450 bytes
[2025-07-14 11:11:01] Moving file from /Users/txcslm/~RIDER/JannyAI/JannyAI/bin/Debug/net9.0/temp_downloads/Zeke Yaeger.card.png to /Users/txcslm/~RIDER/JannyAI/JannyAI/bin/Debug/net9.0/jannyai_characters/89bc85a6-f51f-47ac-b6ec-c3e46ada80b6.png
[2025-07-14 11:11:01] File successfully saved for 89bc85a6-f51f-47ac-b6ec-c3e46ada80b6, size: 739450 bytes
[2025-07-14 11:11:02] Returned to list page after downloading 89bc85a6-f51f-47ac-b6ec-c3e46ada80b6
[2025-07-14 11:11:02] SUCCESS: Character 89bc85a6-f51f-47ac-b6ec-c3e46ada80b6 downloaded successfully
[2025-07-14 11:11:03] Processing character 22/40: 843c053e-dd0b-4a74-9e5c-dc1636bdfec0, URL: https://jannyai.com/characters/843c053e-dd0b-4a74-9e5c-dc1636bdfec0_character-karl-lot
[2025-07-14 11:11:03] Download attempt 1/3 for character 843c053e-dd0b-4a74-9e5c-dc1636bdfec0
[2025-07-14 11:11:04] Navigated to character page: https://jannyai.com/characters/843c053e-dd0b-4a74-9e5c-dc1636bdfec0_character-karl-lot
[2025-07-14 11:11:04] Download button found for character 843c053e-dd0b-4a74-9e5c-dc1636bdfec0
[2025-07-14 11:11:04] Files before download: 0 for character 843c053e-dd0b-4a74-9e5c-dc1636bdfec0
[2025-07-14 11:11:04] Download button clicked for character 843c053e-dd0b-4a74-9e5c-dc1636bdfec0
[2025-07-14 11:11:04] Waiting for download file for character 843c053e-dd0b-4a74-9e5c-dc1636bdfec0, files before: 0
[2025-07-14 11:11:04] New file detected for 843c053e-dd0b-4a74-9e5c-dc1636bdfec0: /Users/txcslm/~RIDER/JannyAI/JannyAI/bin/Debug/net9.0/temp_downloads/Karl LOT.card.png, size: 584405 bytes
[2025-07-14 11:11:05] File download confirmed for 843c053e-dd0b-4a74-9e5c-dc1636bdfec0 - stable size: 584405 bytes
[2025-07-14 11:11:05] Moving file from /Users/txcslm/~RIDER/JannyAI/JannyAI/bin/Debug/net9.0/temp_downloads/Karl LOT.card.png to /Users/txcslm/~RIDER/JannyAI/JannyAI/bin/Debug/net9.0/jannyai_characters/843c053e-dd0b-4a74-9e5c-dc1636bdfec0.png
[2025-07-14 11:11:05] File successfully saved for 843c053e-dd0b-4a74-9e5c-dc1636bdfec0, size: 584405 bytes
[2025-07-14 11:11:06] Returned to list page after downloading 843c053e-dd0b-4a74-9e5c-dc1636bdfec0
[2025-07-14 11:11:06] SUCCESS: Character 843c053e-dd0b-4a74-9e5c-dc1636bdfec0 downloaded successfully
[2025-07-14 11:11:06] Processing character 23/40: 85f0c46d-21e4-4c77-89f3-fe83b4483127, URL: https://jannyai.com/characters/85f0c46d-21e4-4c77-89f3-fe83b4483127_character-callsign-hyena-me
[2025-07-14 11:11:06] Download attempt 1/3 for character 85f0c46d-21e4-4c77-89f3-fe83b4483127
[2025-07-14 11:11:07] Navigated to character page: https://jannyai.com/characters/85f0c46d-21e4-4c77-89f3-fe83b4483127_character-callsign-hyena-me
[2025-07-14 11:11:08] Download button found for character 85f0c46d-21e4-4c77-89f3-fe83b4483127
[2025-07-14 11:11:08] Files before download: 0 for character 85f0c46d-21e4-4c77-89f3-fe83b4483127
[2025-07-14 11:11:08] Download button clicked for character 85f0c46d-21e4-4c77-89f3-fe83b4483127
[2025-07-14 11:11:08] Waiting for download file for character 85f0c46d-21e4-4c77-89f3-fe83b4483127, files before: 0
[2025-07-14 11:11:08] New file detected for 85f0c46d-21e4-4c77-89f3-fe83b4483127: /Users/txcslm/~RIDER/JannyAI/JannyAI/bin/Debug/net9.0/temp_downloads/Callsign_Hyena - Me.card.png, size: 206685 bytes
[2025-07-14 11:11:08] File download confirmed for 85f0c46d-21e4-4c77-89f3-fe83b4483127 - stable size: 206685 bytes
[2025-07-14 11:11:08] Moving file from /Users/txcslm/~RIDER/JannyAI/JannyAI/bin/Debug/net9.0/temp_downloads/Callsign_Hyena - Me.card.png to /Users/txcslm/~RIDER/JannyAI/JannyAI/bin/Debug/net9.0/jannyai_characters/85f0c46d-21e4-4c77-89f3-fe83b4483127.png
[2025-07-14 11:11:08] File successfully saved for 85f0c46d-21e4-4c77-89f3-fe83b4483127, size: 206685 bytes
[2025-07-14 11:11:10] Returned to list page after downloading 85f0c46d-21e4-4c77-89f3-fe83b4483127
[2025-07-14 11:11:10] SUCCESS: Character 85f0c46d-21e4-4c77-89f3-fe83b4483127 downloaded successfully
[2025-07-14 11:11:10] Processing character 24/40: d532dd73-2c01-45e3-bb9d-158b791b78de, URL: https://jannyai.com/characters/d532dd73-2c01-45e3-bb9d-158b791b78de_character-pink-starz
[2025-07-14 11:11:10] Download attempt 1/3 for character d532dd73-2c01-45e3-bb9d-158b791b78de
[2025-07-14 11:11:11] Navigated to character page: https://jannyai.com/characters/d532dd73-2c01-45e3-bb9d-158b791b78de_character-pink-starz
[2025-07-14 11:11:11] Download button found for character d532dd73-2c01-45e3-bb9d-158b791b78de
[2025-07-14 11:11:11] Files before download: 0 for character d532dd73-2c01-45e3-bb9d-158b791b78de
[2025-07-14 11:11:11] Download button clicked for character d532dd73-2c01-45e3-bb9d-158b791b78de
[2025-07-14 11:11:11] Waiting for download file for character d532dd73-2c01-45e3-bb9d-158b791b78de, files before: 0
[2025-07-14 11:11:12] New file detected for d532dd73-2c01-45e3-bb9d-158b791b78de: /Users/txcslm/~RIDER/JannyAI/JannyAI/bin/Debug/net9.0/temp_downloads/pink starz_.card.png, size: 976854 bytes
[2025-07-14 11:11:12] File download confirmed for d532dd73-2c01-45e3-bb9d-158b791b78de - stable size: 976854 bytes
[2025-07-14 11:11:12] Moving file from /Users/txcslm/~RIDER/JannyAI/JannyAI/bin/Debug/net9.0/temp_downloads/pink starz_.card.png to /Users/txcslm/~RIDER/JannyAI/JannyAI/bin/Debug/net9.0/jannyai_characters/d532dd73-2c01-45e3-bb9d-158b791b78de.png
[2025-07-14 11:11:12] File successfully saved for d532dd73-2c01-45e3-bb9d-158b791b78de, size: 976854 bytes
[2025-07-14 11:11:13] Returned to list page after downloading d532dd73-2c01-45e3-bb9d-158b791b78de
[2025-07-14 11:11:13] SUCCESS: Character d532dd73-2c01-45e3-bb9d-158b791b78de downloaded successfully
[2025-07-14 11:11:14] Processing character 25/40: 7c1190c4-a194-491e-aa37-a6c67599e9de, URL: https://jannyai.com/characters/7c1190c4-a194-491e-aa37-a6c67599e9de_character-tae-takemi
[2025-07-14 11:11:14] Download attempt 1/3 for character 7c1190c4-a194-491e-aa37-a6c67599e9de
[2025-07-14 11:11:15] Navigated to character page: https://jannyai.com/characters/7c1190c4-a194-491e-aa37-a6c67599e9de_character-tae-takemi
[2025-07-14 11:11:15] Download button found for character 7c1190c4-a194-491e-aa37-a6c67599e9de
[2025-07-14 11:11:15] Files before download: 0 for character 7c1190c4-a194-491e-aa37-a6c67599e9de
[2025-07-14 11:11:15] Download button clicked for character 7c1190c4-a194-491e-aa37-a6c67599e9de
[2025-07-14 11:11:15] Waiting for download file for character 7c1190c4-a194-491e-aa37-a6c67599e9de, files before: 0
[2025-07-14 11:11:15] New file detected for 7c1190c4-a194-491e-aa37-a6c67599e9de: /Users/txcslm/~RIDER/JannyAI/JannyAI/bin/Debug/net9.0/temp_downloads/Tae Takemi.card.png, size: 653487 bytes
[2025-07-14 11:11:16] File download confirmed for 7c1190c4-a194-491e-aa37-a6c67599e9de - stable size: 653487 bytes
[2025-07-14 11:11:16] Moving file from /Users/txcslm/~RIDER/JannyAI/JannyAI/bin/Debug/net9.0/temp_downloads/Tae Takemi.card.png to /Users/txcslm/~RIDER/JannyAI/JannyAI/bin/Debug/net9.0/jannyai_characters/7c1190c4-a194-491e-aa37-a6c67599e9de.png
[2025-07-14 11:11:16] File successfully saved for 7c1190c4-a194-491e-aa37-a6c67599e9de, size: 653487 bytes
[2025-07-14 11:11:17] Returned to list page after downloading 7c1190c4-a194-491e-aa37-a6c67599e9de
[2025-07-14 11:11:17] SUCCESS: Character 7c1190c4-a194-491e-aa37-a6c67599e9de downloaded successfully
[2025-07-14 11:11:18] Processing character 26/40: 85874416-e496-4295-875c-4f092e0e1d54, URL: https://jannyai.com/characters/85874416-e496-4295-875c-4f092e0e1d54_character-albert-shaw
[2025-07-14 11:11:18] Download attempt 1/3 for character 85874416-e496-4295-875c-4f092e0e1d54
[2025-07-14 11:11:19] Navigated to character page: https://jannyai.com/characters/85874416-e496-4295-875c-4f092e0e1d54_character-albert-shaw
[2025-07-14 11:11:19] Download button found for character 85874416-e496-4295-875c-4f092e0e1d54
[2025-07-14 11:11:19] Files before download: 0 for character 85874416-e496-4295-875c-4f092e0e1d54
[2025-07-14 11:11:19] Download button clicked for character 85874416-e496-4295-875c-4f092e0e1d54
[2025-07-14 11:11:19] Waiting for download file for character 85874416-e496-4295-875c-4f092e0e1d54, files before: 0
[2025-07-14 11:11:19] New file detected for 85874416-e496-4295-875c-4f092e0e1d54: /Users/txcslm/~RIDER/JannyAI/JannyAI/bin/Debug/net9.0/temp_downloads/Albert Shaw.card.png, size: 185499 bytes
[2025-07-14 11:11:20] File download confirmed for 85874416-e496-4295-875c-4f092e0e1d54 - stable size: 185499 bytes
[2025-07-14 11:11:20] Moving file from /Users/txcslm/~RIDER/JannyAI/JannyAI/bin/Debug/net9.0/temp_downloads/Albert Shaw.card.png to /Users/txcslm/~RIDER/JannyAI/JannyAI/bin/Debug/net9.0/jannyai_characters/85874416-e496-4295-875c-4f092e0e1d54.png
[2025-07-14 11:11:20] File successfully saved for 85874416-e496-4295-875c-4f092e0e1d54, size: 185499 bytes
[2025-07-14 11:11:21] Returned to list page after downloading 85874416-e496-4295-875c-4f092e0e1d54
[2025-07-14 11:11:21] SUCCESS: Character 85874416-e496-4295-875c-4f092e0e1d54 downloaded successfully
[2025-07-14 11:11:21] Processing character 27/40: 10c70edc-eeea-46ca-9ff8-6180c2e234df, URL: https://jannyai.com/characters/10c70edc-eeea-46ca-9ff8-6180c2e234df_character-johnny-c
[2025-07-14 11:11:21] Download attempt 1/3 for character 10c70edc-eeea-46ca-9ff8-6180c2e234df
[2025-07-14 11:11:22] Navigated to character page: https://jannyai.com/characters/10c70edc-eeea-46ca-9ff8-6180c2e234df_character-johnny-c
[2025-07-14 11:11:22] Download button found for character 10c70edc-eeea-46ca-9ff8-6180c2e234df
[2025-07-14 11:11:22] Files before download: 0 for character 10c70edc-eeea-46ca-9ff8-6180c2e234df
[2025-07-14 11:11:22] Download button clicked for character 10c70edc-eeea-46ca-9ff8-6180c2e234df
[2025-07-14 11:11:22] Waiting for download file for character 10c70edc-eeea-46ca-9ff8-6180c2e234df, files before: 0
[2025-07-14 11:11:23] New file detected for 10c70edc-eeea-46ca-9ff8-6180c2e234df: /Users/txcslm/~RIDER/JannyAI/JannyAI/bin/Debug/net9.0/temp_downloads/Johnny C..card.png, size: 85018 bytes
[2025-07-14 11:11:23] File download confirmed for 10c70edc-eeea-46ca-9ff8-6180c2e234df - stable size: 85018 bytes
[2025-07-14 11:11:23] Moving file from /Users/txcslm/~RIDER/JannyAI/JannyAI/bin/Debug/net9.0/temp_downloads/Johnny C..card.png to /Users/txcslm/~RIDER/JannyAI/JannyAI/bin/Debug/net9.0/jannyai_characters/10c70edc-eeea-46ca-9ff8-6180c2e234df.png
[2025-07-14 11:11:23] File successfully saved for 10c70edc-eeea-46ca-9ff8-6180c2e234df, size: 85018 bytes
[2025-07-14 11:11:25] Returned to list page after downloading 10c70edc-eeea-46ca-9ff8-6180c2e234df
[2025-07-14 11:11:25] SUCCESS: Character 10c70edc-eeea-46ca-9ff8-6180c2e234df downloaded successfully
[2025-07-14 11:11:25] Processing character 28/40: 64fb7ee8-ad11-4f32-a3e2-5e05f7d7778f, URL: https://jannyai.com/characters/64fb7ee8-ad11-4f32-a3e2-5e05f7d7778f_character-scaramouche
[2025-07-14 11:11:25] Download attempt 1/3 for character 64fb7ee8-ad11-4f32-a3e2-5e05f7d7778f
[2025-07-14 11:11:26] Navigated to character page: https://jannyai.com/characters/64fb7ee8-ad11-4f32-a3e2-5e05f7d7778f_character-scaramouche
[2025-07-14 11:11:26] Download button found for character 64fb7ee8-ad11-4f32-a3e2-5e05f7d7778f
[2025-07-14 11:11:26] Files before download: 0 for character 64fb7ee8-ad11-4f32-a3e2-5e05f7d7778f
[2025-07-14 11:11:26] Download button clicked for character 64fb7ee8-ad11-4f32-a3e2-5e05f7d7778f
[2025-07-14 11:11:26] Waiting for download file for character 64fb7ee8-ad11-4f32-a3e2-5e05f7d7778f, files before: 0
[2025-07-14 11:11:27] New file detected for 64fb7ee8-ad11-4f32-a3e2-5e05f7d7778f: /Users/txcslm/~RIDER/JannyAI/JannyAI/bin/Debug/net9.0/temp_downloads/Scaramouche.card.png, size: 1093991 bytes
[2025-07-14 11:11:27] File download confirmed for 64fb7ee8-ad11-4f32-a3e2-5e05f7d7778f - stable size: 1093991 bytes
[2025-07-14 11:11:27] Moving file from /Users/txcslm/~RIDER/JannyAI/JannyAI/bin/Debug/net9.0/temp_downloads/Scaramouche.card.png to /Users/txcslm/~RIDER/JannyAI/JannyAI/bin/Debug/net9.0/jannyai_characters/64fb7ee8-ad11-4f32-a3e2-5e05f7d7778f.png
[2025-07-14 11:11:27] File successfully saved for 64fb7ee8-ad11-4f32-a3e2-5e05f7d7778f, size: 1093991 bytes
[2025-07-14 11:11:28] Returned to list page after downloading 64fb7ee8-ad11-4f32-a3e2-5e05f7d7778f
[2025-07-14 11:11:28] SUCCESS: Character 64fb7ee8-ad11-4f32-a3e2-5e05f7d7778f downloaded successfully
[2025-07-14 11:11:29] Processing character 29/40: 18cfae7c-ca0d-427b-ba83-f5beb1818a4f, URL: https://jannyai.com/characters/18cfae7c-ca0d-427b-ba83-f5beb1818a4f_character-spirit-albarn
[2025-07-14 11:11:29] Download attempt 1/3 for character 18cfae7c-ca0d-427b-ba83-f5beb1818a4f
[2025-07-14 11:11:30] Navigated to character page: https://jannyai.com/characters/18cfae7c-ca0d-427b-ba83-f5beb1818a4f_character-spirit-albarn
[2025-07-14 11:11:30] Download button found for character 18cfae7c-ca0d-427b-ba83-f5beb1818a4f
[2025-07-14 11:11:30] Files before download: 0 for character 18cfae7c-ca0d-427b-ba83-f5beb1818a4f
[2025-07-14 11:11:30] Download button clicked for character 18cfae7c-ca0d-427b-ba83-f5beb1818a4f
[2025-07-14 11:11:30] Waiting for download file for character 18cfae7c-ca0d-427b-ba83-f5beb1818a4f, files before: 0
[2025-07-14 11:11:30] New file detected for 18cfae7c-ca0d-427b-ba83-f5beb1818a4f: /Users/txcslm/~RIDER/JannyAI/JannyAI/bin/Debug/net9.0/temp_downloads/Spirit Albarn.card.png, size: 311188 bytes
[2025-07-14 11:11:31] File download confirmed for 18cfae7c-ca0d-427b-ba83-f5beb1818a4f - stable size: 311188 bytes
[2025-07-14 11:11:31] Moving file from /Users/txcslm/~RIDER/JannyAI/JannyAI/bin/Debug/net9.0/temp_downloads/Spirit Albarn.card.png to /Users/txcslm/~RIDER/JannyAI/JannyAI/bin/Debug/net9.0/jannyai_characters/18cfae7c-ca0d-427b-ba83-f5beb1818a4f.png
[2025-07-14 11:11:31] File successfully saved for 18cfae7c-ca0d-427b-ba83-f5beb1818a4f, size: 311188 bytes
[2025-07-14 11:11:32] Returned to list page after downloading 18cfae7c-ca0d-427b-ba83-f5beb1818a4f
[2025-07-14 11:11:32] SUCCESS: Character 18cfae7c-ca0d-427b-ba83-f5beb1818a4f downloaded successfully
[2025-07-14 11:11:32] Processing character 30/40: ae1af80d-cc3b-4ab9-a22c-6d6909634f1a, URL: https://jannyai.com/characters/ae1af80d-cc3b-4ab9-a22c-6d6909634f1a_character-diluc
[2025-07-14 11:11:32] Download attempt 1/3 for character ae1af80d-cc3b-4ab9-a22c-6d6909634f1a
[2025-07-14 11:11:36] Navigated to character page: https://jannyai.com/characters/ae1af80d-cc3b-4ab9-a22c-6d6909634f1a_character-diluc
[2025-07-14 11:11:36] Download button found for character ae1af80d-cc3b-4ab9-a22c-6d6909634f1a
[2025-07-14 11:11:36] Files before download: 0 for character ae1af80d-cc3b-4ab9-a22c-6d6909634f1a
[2025-07-14 11:11:36] Download button clicked for character ae1af80d-cc3b-4ab9-a22c-6d6909634f1a
[2025-07-14 11:11:36] Waiting for download file for character ae1af80d-cc3b-4ab9-a22c-6d6909634f1a, files before: 0
[2025-07-14 11:11:37] New file detected for ae1af80d-cc3b-4ab9-a22c-6d6909634f1a: /Users/txcslm/~RIDER/JannyAI/JannyAI/bin/Debug/net9.0/temp_downloads/Diluc.card.png, size: 411172 bytes
[2025-07-14 11:11:37] File download confirmed for ae1af80d-cc3b-4ab9-a22c-6d6909634f1a - stable size: 411172 bytes
[2025-07-14 11:11:37] Moving file from /Users/txcslm/~RIDER/JannyAI/JannyAI/bin/Debug/net9.0/temp_downloads/Diluc.card.png to /Users/txcslm/~RIDER/JannyAI/JannyAI/bin/Debug/net9.0/jannyai_characters/ae1af80d-cc3b-4ab9-a22c-6d6909634f1a.png
[2025-07-14 11:11:37] File successfully saved for ae1af80d-cc3b-4ab9-a22c-6d6909634f1a, size: 411172 bytes
[2025-07-14 11:11:38] Returned to list page after downloading ae1af80d-cc3b-4ab9-a22c-6d6909634f1a
[2025-07-14 11:11:38] SUCCESS: Character ae1af80d-cc3b-4ab9-a22c-6d6909634f1a downloaded successfully
[2025-07-14 11:11:39] Processing character 31/40: b96ae87d-e88e-44ad-a825-162eb0793494, URL: https://jannyai.com/characters/b96ae87d-e88e-44ad-a825-162eb0793494_character-zoro
[2025-07-14 11:11:39] Download attempt 1/3 for character b96ae87d-e88e-44ad-a825-162eb0793494
[2025-07-14 11:11:40] Navigated to character page: https://jannyai.com/characters/b96ae87d-e88e-44ad-a825-162eb0793494_character-zoro
[2025-07-14 11:11:40] Download button found for character b96ae87d-e88e-44ad-a825-162eb0793494
[2025-07-14 11:11:40] Files before download: 0 for character b96ae87d-e88e-44ad-a825-162eb0793494
[2025-07-14 11:11:40] Download button clicked for character b96ae87d-e88e-44ad-a825-162eb0793494
[2025-07-14 11:11:40] Waiting for download file for character b96ae87d-e88e-44ad-a825-162eb0793494, files before: 0
[2025-07-14 11:11:40] New file detected for b96ae87d-e88e-44ad-a825-162eb0793494: /Users/txcslm/~RIDER/JannyAI/JannyAI/bin/Debug/net9.0/temp_downloads/zoro.card.png, size: 555028 bytes
[2025-07-14 11:11:41] File download confirmed for b96ae87d-e88e-44ad-a825-162eb0793494 - stable size: 555028 bytes
[2025-07-14 11:11:41] Moving file from /Users/txcslm/~RIDER/JannyAI/JannyAI/bin/Debug/net9.0/temp_downloads/zoro.card.png to /Users/txcslm/~RIDER/JannyAI/JannyAI/bin/Debug/net9.0/jannyai_characters/b96ae87d-e88e-44ad-a825-162eb0793494.png
[2025-07-14 11:11:41] File successfully saved for b96ae87d-e88e-44ad-a825-162eb0793494, size: 555028 bytes
[2025-07-14 11:11:42] Returned to list page after downloading b96ae87d-e88e-44ad-a825-162eb0793494
[2025-07-14 11:11:42] SUCCESS: Character b96ae87d-e88e-44ad-a825-162eb0793494 downloaded successfully
[2025-07-14 11:11:42] Processing character 32/40: 114ae178-d21d-489f-a4aa-3ba9819b181a, URL: https://jannyai.com/characters/114ae178-d21d-489f-a4aa-3ba9819b181a_character-eren-yeager
[2025-07-14 11:11:42] Download attempt 1/3 for character 114ae178-d21d-489f-a4aa-3ba9819b181a
[2025-07-14 11:11:43] Navigated to character page: https://jannyai.com/characters/114ae178-d21d-489f-a4aa-3ba9819b181a_character-eren-yeager
[2025-07-14 11:11:43] Download button found for character 114ae178-d21d-489f-a4aa-3ba9819b181a
[2025-07-14 11:11:43] Files before download: 0 for character 114ae178-d21d-489f-a4aa-3ba9819b181a
[2025-07-14 11:11:43] Download button clicked for character 114ae178-d21d-489f-a4aa-3ba9819b181a
[2025-07-14 11:11:43] Waiting for download file for character 114ae178-d21d-489f-a4aa-3ba9819b181a, files before: 0
[2025-07-14 11:11:44] New file detected for 114ae178-d21d-489f-a4aa-3ba9819b181a: /Users/txcslm/~RIDER/JannyAI/JannyAI/bin/Debug/net9.0/temp_downloads/Eren yeager .card.png, size: 670885 bytes
[2025-07-14 11:11:44] File download confirmed for 114ae178-d21d-489f-a4aa-3ba9819b181a - stable size: 670885 bytes
[2025-07-14 11:11:44] Moving file from /Users/txcslm/~RIDER/JannyAI/JannyAI/bin/Debug/net9.0/temp_downloads/Eren yeager .card.png to /Users/txcslm/~RIDER/JannyAI/JannyAI/bin/Debug/net9.0/jannyai_characters/114ae178-d21d-489f-a4aa-3ba9819b181a.png
[2025-07-14 11:11:44] File successfully saved for 114ae178-d21d-489f-a4aa-3ba9819b181a, size: 670885 bytes
[2025-07-14 11:11:46] Returned to list page after downloading 114ae178-d21d-489f-a4aa-3ba9819b181a
[2025-07-14 11:11:46] SUCCESS: Character 114ae178-d21d-489f-a4aa-3ba9819b181a downloaded successfully
[2025-07-14 11:11:46] Processing character 33/40: d11923c2-e744-439b-9764-f959e711905d, URL: https://jannyai.com/characters/d11923c2-e744-439b-9764-f959e711905d_character-most-canon-boyfriend-fnf
[2025-07-14 11:11:46] Download attempt 1/3 for character d11923c2-e744-439b-9764-f959e711905d
[2025-07-14 11:11:47] Navigated to character page: https://jannyai.com/characters/d11923c2-e744-439b-9764-f959e711905d_character-most-canon-boyfriend-fnf
[2025-07-14 11:11:47] Download button found for character d11923c2-e744-439b-9764-f959e711905d
[2025-07-14 11:11:47] Files before download: 0 for character d11923c2-e744-439b-9764-f959e711905d
[2025-07-14 11:11:47] Download button clicked for character d11923c2-e744-439b-9764-f959e711905d
[2025-07-14 11:11:47] Waiting for download file for character d11923c2-e744-439b-9764-f959e711905d, files before: 0
[2025-07-14 11:11:48] New file detected for d11923c2-e744-439b-9764-f959e711905d: /Users/txcslm/~RIDER/JannyAI/JannyAI/bin/Debug/net9.0/temp_downloads/(most canon) Boyfriend fnf.card.png, size: 514557 bytes
[2025-07-14 11:11:48] File download confirmed for d11923c2-e744-439b-9764-f959e711905d - stable size: 514557 bytes
[2025-07-14 11:11:48] Moving file from /Users/txcslm/~RIDER/JannyAI/JannyAI/bin/Debug/net9.0/temp_downloads/(most canon) Boyfriend fnf.card.png to /Users/txcslm/~RIDER/JannyAI/JannyAI/bin/Debug/net9.0/jannyai_characters/d11923c2-e744-439b-9764-f959e711905d.png
[2025-07-14 11:11:48] File successfully saved for d11923c2-e744-439b-9764-f959e711905d, size: 514557 bytes
[2025-07-14 11:11:49] Returned to list page after downloading d11923c2-e744-439b-9764-f959e711905d
[2025-07-14 11:11:49] SUCCESS: Character d11923c2-e744-439b-9764-f959e711905d downloaded successfully
[2025-07-14 11:11:50] Processing character 34/40: 103e0bfc-e994-41f4-9191-94e39949639c, URL: https://jannyai.com/characters/103e0bfc-e994-41f4-9191-94e39949639c_character-noctis-lucis-caelum
[2025-07-14 11:11:50] Download attempt 1/3 for character 103e0bfc-e994-41f4-9191-94e39949639c
[2025-07-14 11:11:51] Navigated to character page: https://jannyai.com/characters/103e0bfc-e994-41f4-9191-94e39949639c_character-noctis-lucis-caelum
[2025-07-14 11:11:51] Download button found for character 103e0bfc-e994-41f4-9191-94e39949639c
[2025-07-14 11:11:51] Files before download: 0 for character 103e0bfc-e994-41f4-9191-94e39949639c
[2025-07-14 11:11:51] Download button clicked for character 103e0bfc-e994-41f4-9191-94e39949639c
[2025-07-14 11:11:51] Waiting for download file for character 103e0bfc-e994-41f4-9191-94e39949639c, files before: 0
[2025-07-14 11:11:51] New file detected for 103e0bfc-e994-41f4-9191-94e39949639c: /Users/txcslm/~RIDER/JannyAI/JannyAI/bin/Debug/net9.0/temp_downloads/Noctis Lucis Caelum.card.png, size: 186427 bytes
[2025-07-14 11:11:52] File download confirmed for 103e0bfc-e994-41f4-9191-94e39949639c - stable size: 186427 bytes
[2025-07-14 11:11:52] Moving file from /Users/txcslm/~RIDER/JannyAI/JannyAI/bin/Debug/net9.0/temp_downloads/Noctis Lucis Caelum.card.png to /Users/txcslm/~RIDER/JannyAI/JannyAI/bin/Debug/net9.0/jannyai_characters/103e0bfc-e994-41f4-9191-94e39949639c.png
[2025-07-14 11:11:52] File successfully saved for 103e0bfc-e994-41f4-9191-94e39949639c, size: 186427 bytes
[2025-07-14 11:11:53] Returned to list page after downloading 103e0bfc-e994-41f4-9191-94e39949639c
[2025-07-14 11:11:53] SUCCESS: Character 103e0bfc-e994-41f4-9191-94e39949639c downloaded successfully
[2025-07-14 11:11:53] Processing character 35/40: bf21bdb2-7d7f-4d69-8024-b491d714d88a, URL: https://jannyai.com/characters/bf21bdb2-7d7f-4d69-8024-b491d714d88a_character-doppo-kunikida
[2025-07-14 11:11:53] Download attempt 1/3 for character bf21bdb2-7d7f-4d69-8024-b491d714d88a
[2025-07-14 11:11:54] Navigated to character page: https://jannyai.com/characters/bf21bdb2-7d7f-4d69-8024-b491d714d88a_character-doppo-kunikida
[2025-07-14 11:11:55] Download button found for character bf21bdb2-7d7f-4d69-8024-b491d714d88a
[2025-07-14 11:11:55] Files before download: 0 for character bf21bdb2-7d7f-4d69-8024-b491d714d88a
[2025-07-14 11:11:55] Download button clicked for character bf21bdb2-7d7f-4d69-8024-b491d714d88a
[2025-07-14 11:11:55] Waiting for download file for character bf21bdb2-7d7f-4d69-8024-b491d714d88a, files before: 0
[2025-07-14 11:11:55] New file detected for bf21bdb2-7d7f-4d69-8024-b491d714d88a: /Users/txcslm/~RIDER/JannyAI/JannyAI/bin/Debug/net9.0/temp_downloads/Doppo Kunikida .card.png, size: 324554 bytes
[2025-07-14 11:11:55] File download confirmed for bf21bdb2-7d7f-4d69-8024-b491d714d88a - stable size: 324554 bytes
[2025-07-14 11:11:55] Moving file from /Users/txcslm/~RIDER/JannyAI/JannyAI/bin/Debug/net9.0/temp_downloads/Doppo Kunikida .card.png to /Users/txcslm/~RIDER/JannyAI/JannyAI/bin/Debug/net9.0/jannyai_characters/bf21bdb2-7d7f-4d69-8024-b491d714d88a.png
[2025-07-14 11:11:55] File successfully saved for bf21bdb2-7d7f-4d69-8024-b491d714d88a, size: 324554 bytes
[2025-07-14 11:11:57] Returned to list page after downloading bf21bdb2-7d7f-4d69-8024-b491d714d88a
[2025-07-14 11:11:57] SUCCESS: Character bf21bdb2-7d7f-4d69-8024-b491d714d88a downloaded successfully
[2025-07-14 11:11:57] Processing character 36/40: 1e0e950f-544f-4c83-91ff-568946ae9f8e, URL: https://jannyai.com/characters/1e0e950f-544f-4c83-91ff-568946ae9f8e_character-choi-mujin
[2025-07-14 11:11:57] Download attempt 1/3 for character 1e0e950f-544f-4c83-91ff-568946ae9f8e
[2025-07-14 11:11:58] Navigated to character page: https://jannyai.com/characters/1e0e950f-544f-4c83-91ff-568946ae9f8e_character-choi-mujin
[2025-07-14 11:11:59] Download button found for character 1e0e950f-544f-4c83-91ff-568946ae9f8e
[2025-07-14 11:11:59] Files before download: 0 for character 1e0e950f-544f-4c83-91ff-568946ae9f8e
[2025-07-14 11:11:59] Download button clicked for character 1e0e950f-544f-4c83-91ff-568946ae9f8e
[2025-07-14 11:11:59] Waiting for download file for character 1e0e950f-544f-4c83-91ff-568946ae9f8e, files before: 0
[2025-07-14 11:11:59] New file detected for 1e0e950f-544f-4c83-91ff-568946ae9f8e: /Users/txcslm/~RIDER/JannyAI/JannyAI/bin/Debug/net9.0/temp_downloads/Choi Mujin .card.png, size: 665408 bytes
[2025-07-14 11:11:59] File download confirmed for 1e0e950f-544f-4c83-91ff-568946ae9f8e - stable size: 665408 bytes
[2025-07-14 11:11:59] Moving file from /Users/txcslm/~RIDER/JannyAI/JannyAI/bin/Debug/net9.0/temp_downloads/Choi Mujin .card.png to /Users/txcslm/~RIDER/JannyAI/JannyAI/bin/Debug/net9.0/jannyai_characters/1e0e950f-544f-4c83-91ff-568946ae9f8e.png
[2025-07-14 11:11:59] File successfully saved for 1e0e950f-544f-4c83-91ff-568946ae9f8e, size: 665408 bytes
[2025-07-14 11:12:01] Returned to list page after downloading 1e0e950f-544f-4c83-91ff-568946ae9f8e
[2025-07-14 11:12:01] SUCCESS: Character 1e0e950f-544f-4c83-91ff-568946ae9f8e downloaded successfully
[2025-07-14 11:12:01] Processing character 37/40: 5801bc85-8833-4823-91e5-2ce8ac3b6ea6, URL: https://jannyai.com/characters/5801bc85-8833-4823-91e5-2ce8ac3b6ea6_character-mia
[2025-07-14 11:12:01] Download attempt 1/3 for character 5801bc85-8833-4823-91e5-2ce8ac3b6ea6
[2025-07-14 11:12:02] Navigated to character page: https://jannyai.com/characters/5801bc85-8833-4823-91e5-2ce8ac3b6ea6_character-mia
[2025-07-14 11:12:02] Download button found for character 5801bc85-8833-4823-91e5-2ce8ac3b6ea6
[2025-07-14 11:12:02] Files before download: 0 for character 5801bc85-8833-4823-91e5-2ce8ac3b6ea6
[2025-07-14 11:12:02] Download button clicked for character 5801bc85-8833-4823-91e5-2ce8ac3b6ea6
[2025-07-14 11:12:02] Waiting for download file for character 5801bc85-8833-4823-91e5-2ce8ac3b6ea6, files before: 0
[2025-07-14 11:12:03] New file detected for 5801bc85-8833-4823-91e5-2ce8ac3b6ea6: /Users/txcslm/~RIDER/JannyAI/JannyAI/bin/Debug/net9.0/temp_downloads/Mia.card.png, size: 792116 bytes
[2025-07-14 11:12:03] File download confirmed for 5801bc85-8833-4823-91e5-2ce8ac3b6ea6 - stable size: 792116 bytes
[2025-07-14 11:12:03] Moving file from /Users/txcslm/~RIDER/JannyAI/JannyAI/bin/Debug/net9.0/temp_downloads/Mia.card.png to /Users/txcslm/~RIDER/JannyAI/JannyAI/bin/Debug/net9.0/jannyai_characters/5801bc85-8833-4823-91e5-2ce8ac3b6ea6.png
[2025-07-14 11:12:03] File successfully saved for 5801bc85-8833-4823-91e5-2ce8ac3b6ea6, size: 792116 bytes
[2025-07-14 11:12:04] Returned to list page after downloading 5801bc85-8833-4823-91e5-2ce8ac3b6ea6
[2025-07-14 11:12:04] SUCCESS: Character 5801bc85-8833-4823-91e5-2ce8ac3b6ea6 downloaded successfully
[2025-07-14 11:12:05] Processing character 38/40: c06658b6-d10e-4130-8567-33afc9cf7cda, URL: https://jannyai.com/characters/c06658b6-d10e-4130-8567-33afc9cf7cda_character-jungwon
[2025-07-14 11:12:05] Download attempt 1/3 for character c06658b6-d10e-4130-8567-33afc9cf7cda
[2025-07-14 11:12:06] Navigated to character page: https://jannyai.com/characters/c06658b6-d10e-4130-8567-33afc9cf7cda_character-jungwon
[2025-07-14 11:12:06] Download button found for character c06658b6-d10e-4130-8567-33afc9cf7cda
[2025-07-14 11:12:06] Files before download: 0 for character c06658b6-d10e-4130-8567-33afc9cf7cda
[2025-07-14 11:12:06] Download button clicked for character c06658b6-d10e-4130-8567-33afc9cf7cda
[2025-07-14 11:12:06] Waiting for download file for character c06658b6-d10e-4130-8567-33afc9cf7cda, files before: 0
[2025-07-14 11:12:06] New file detected for c06658b6-d10e-4130-8567-33afc9cf7cda: /Users/txcslm/~RIDER/JannyAI/JannyAI/bin/Debug/net9.0/temp_downloads/Jungwon.card.png, size: 1428505 bytes
[2025-07-14 11:12:07] File download confirmed for c06658b6-d10e-4130-8567-33afc9cf7cda - stable size: 1428505 bytes
[2025-07-14 11:12:07] Moving file from /Users/txcslm/~RIDER/JannyAI/JannyAI/bin/Debug/net9.0/temp_downloads/Jungwon.card.png to /Users/txcslm/~RIDER/JannyAI/JannyAI/bin/Debug/net9.0/jannyai_characters/c06658b6-d10e-4130-8567-33afc9cf7cda.png
[2025-07-14 11:12:07] File successfully saved for c06658b6-d10e-4130-8567-33afc9cf7cda, size: 1428505 bytes
[2025-07-14 11:12:08] Returned to list page after downloading c06658b6-d10e-4130-8567-33afc9cf7cda
[2025-07-14 11:12:08] SUCCESS: Character c06658b6-d10e-4130-8567-33afc9cf7cda downloaded successfully
[2025-07-14 11:12:08] Processing character 39/40: f9ae01f2-fc22-447b-bb39-c2a29bd9d962, URL: https://jannyai.com/characters/f9ae01f2-fc22-447b-bb39-c2a29bd9d962_character-hotaru-urokodaki
[2025-07-14 11:12:08] Download attempt 1/3 for character f9ae01f2-fc22-447b-bb39-c2a29bd9d962
[2025-07-14 11:12:10] Navigated to character page: https://jannyai.com/characters/f9ae01f2-fc22-447b-bb39-c2a29bd9d962_character-hotaru-urokodaki
[2025-07-14 11:12:10] Download button found for character f9ae01f2-fc22-447b-bb39-c2a29bd9d962
[2025-07-14 11:12:10] Files before download: 0 for character f9ae01f2-fc22-447b-bb39-c2a29bd9d962
[2025-07-14 11:12:10] Download button clicked for character f9ae01f2-fc22-447b-bb39-c2a29bd9d962
[2025-07-14 11:12:10] Waiting for download file for character f9ae01f2-fc22-447b-bb39-c2a29bd9d962, files before: 0
[2025-07-14 11:12:10] New file detected for f9ae01f2-fc22-447b-bb39-c2a29bd9d962: /Users/txcslm/~RIDER/JannyAI/JannyAI/bin/Debug/net9.0/temp_downloads/Hotaru Urokodaki.card.png, size: 180231 bytes
[2025-07-14 11:12:11] File download confirmed for f9ae01f2-fc22-447b-bb39-c2a29bd9d962 - stable size: 180231 bytes
[2025-07-14 11:12:11] Moving file from /Users/txcslm/~RIDER/JannyAI/JannyAI/bin/Debug/net9.0/temp_downloads/Hotaru Urokodaki.card.png to /Users/txcslm/~RIDER/JannyAI/JannyAI/bin/Debug/net9.0/jannyai_characters/f9ae01f2-fc22-447b-bb39-c2a29bd9d962.png
[2025-07-14 11:12:11] File successfully saved for f9ae01f2-fc22-447b-bb39-c2a29bd9d962, size: 180231 bytes
[2025-07-14 11:12:12] Returned to list page after downloading f9ae01f2-fc22-447b-bb39-c2a29bd9d962
[2025-07-14 11:12:12] SUCCESS: Character f9ae01f2-fc22-447b-bb39-c2a29bd9d962 downloaded successfully
[2025-07-14 11:12:12] Processing character 40/40: fe5c40a5-4150-4ed8-9461-5c3ab1c70cb7, URL: https://jannyai.com/characters/fe5c40a5-4150-4ed8-9461-5c3ab1c70cb7_character-trunks
[2025-07-14 11:12:12] Download attempt 1/3 for character fe5c40a5-4150-4ed8-9461-5c3ab1c70cb7
[2025-07-14 11:12:14] Navigated to character page: https://jannyai.com/characters/fe5c40a5-4150-4ed8-9461-5c3ab1c70cb7_character-trunks
[2025-07-14 11:12:14] Download button found for character fe5c40a5-4150-4ed8-9461-5c3ab1c70cb7
[2025-07-14 11:12:14] Files before download: 0 for character fe5c40a5-4150-4ed8-9461-5c3ab1c70cb7
[2025-07-14 11:12:14] Download button clicked for character fe5c40a5-4150-4ed8-9461-5c3ab1c70cb7
[2025-07-14 11:12:14] Waiting for download file for character fe5c40a5-4150-4ed8-9461-5c3ab1c70cb7, files before: 0
[2025-07-14 11:12:14] New file detected for fe5c40a5-4150-4ed8-9461-5c3ab1c70cb7: /Users/txcslm/~RIDER/JannyAI/JannyAI/bin/Debug/net9.0/temp_downloads/Trunks.card.png, size: 564244 bytes
[2025-07-14 11:12:14] File download confirmed for fe5c40a5-4150-4ed8-9461-5c3ab1c70cb7 - stable size: 564244 bytes
[2025-07-14 11:12:14] Moving file from /Users/txcslm/~RIDER/JannyAI/JannyAI/bin/Debug/net9.0/temp_downloads/Trunks.card.png to /Users/txcslm/~RIDER/JannyAI/JannyAI/bin/Debug/net9.0/jannyai_characters/fe5c40a5-4150-4ed8-9461-5c3ab1c70cb7.png
[2025-07-14 11:12:14] File successfully saved for fe5c40a5-4150-4ed8-9461-5c3ab1c70cb7, size: 564244 bytes
[2025-07-14 11:12:16] Returned to list page after downloading fe5c40a5-4150-4ed8-9461-5c3ab1c70cb7
[2025-07-14 11:12:16] SUCCESS: Character fe5c40a5-4150-4ed8-9461-5c3ab1c70cb7 downloaded successfully
[2025-07-14 11:12:16] Завершена обработка страницы 21688, обработано персонажей: 40
[2025-07-14 11:12:16] Страница 21688 завершена - обработано: 40, всего: 190
[2025-07-14 11:12:16] Attempting to go to previous page from 21688
[2025-07-14 11:12:16] Navigating to previous page: 21687
[2025-07-14 11:12:30] Successfully navigated to page 21687
[2025-07-14 11:12:31] Начало обработки страницы 21687
[2025-07-14 11:12:31] Грид персонажей загружен на странице 21687
[2025-07-14 11:12:31] Сохранен URL страницы для возврата: https://jannyai.com/?page=21687
[2025-07-14 11:12:31] Processing character 1/40: 91677879-1da6-4ba6-aa3c-d40105f9c14e, URL: https://jannyai.com/characters/91677879-1da6-4ba6-aa3c-d40105f9c14e_character-josuke-higashikata
[2025-07-14 11:12:31] Download attempt 1/3 for character 91677879-1da6-4ba6-aa3c-d40105f9c14e
[2025-07-14 11:12:32] Navigated to character page: https://jannyai.com/characters/91677879-1da6-4ba6-aa3c-d40105f9c14e_character-josuke-higashikata
[2025-07-14 11:12:32] Download button found for character 91677879-1da6-4ba6-aa3c-d40105f9c14e
[2025-07-14 11:12:32] Files before download: 0 for character 91677879-1da6-4ba6-aa3c-d40105f9c14e
[2025-07-14 11:12:32] Download button clicked for character 91677879-1da6-4ba6-aa3c-d40105f9c14e
[2025-07-14 11:12:32] Waiting for download file for character 91677879-1da6-4ba6-aa3c-d40105f9c14e, files before: 0
[2025-07-14 11:12:32] New file detected for 91677879-1da6-4ba6-aa3c-d40105f9c14e: /Users/txcslm/~RIDER/JannyAI/JannyAI/bin/Debug/net9.0/temp_downloads/Josuke Higashikata.card.png, size: 321809 bytes
[2025-07-14 11:12:33] File download confirmed for 91677879-1da6-4ba6-aa3c-d40105f9c14e - stable size: 321809 bytes
[2025-07-14 11:12:33] Moving file from /Users/txcslm/~RIDER/JannyAI/JannyAI/bin/Debug/net9.0/temp_downloads/Josuke Higashikata.card.png to /Users/txcslm/~RIDER/JannyAI/JannyAI/bin/Debug/net9.0/jannyai_characters/91677879-1da6-4ba6-aa3c-d40105f9c14e.png
[2025-07-14 11:12:33] File successfully saved for 91677879-1da6-4ba6-aa3c-d40105f9c14e, size: 321809 bytes
[2025-07-14 11:12:34] Returned to list page after downloading 91677879-1da6-4ba6-aa3c-d40105f9c14e
[2025-07-14 11:12:34] SUCCESS: Character 91677879-1da6-4ba6-aa3c-d40105f9c14e downloaded successfully
[2025-07-14 11:12:34] Processing character 2/40: d2080100-1b6a-43a6-9cb4-1e66c889f8ac, URL: https://jannyai.com/characters/d2080100-1b6a-43a6-9cb4-1e66c889f8ac_character-the-onceler
[2025-07-14 11:12:34] Download attempt 1/3 for character d2080100-1b6a-43a6-9cb4-1e66c889f8ac
[2025-07-14 11:12:35] Navigated to character page: https://jannyai.com/characters/d2080100-1b6a-43a6-9cb4-1e66c889f8ac_character-the-onceler
[2025-07-14 11:12:35] Download button found for character d2080100-1b6a-43a6-9cb4-1e66c889f8ac
[2025-07-14 11:12:35] Files before download: 0 for character d2080100-1b6a-43a6-9cb4-1e66c889f8ac
[2025-07-14 11:12:36] Download button clicked for character d2080100-1b6a-43a6-9cb4-1e66c889f8ac
[2025-07-14 11:12:36] Waiting for download file for character d2080100-1b6a-43a6-9cb4-1e66c889f8ac, files before: 0
[2025-07-14 11:12:36] New file detected for d2080100-1b6a-43a6-9cb4-1e66c889f8ac: /Users/txcslm/~RIDER/JannyAI/JannyAI/bin/Debug/net9.0/temp_downloads/The onceler.card.png, size: 403126 bytes
[2025-07-14 11:12:36] File download confirmed for d2080100-1b6a-43a6-9cb4-1e66c889f8ac - stable size: 403126 bytes
[2025-07-14 11:12:36] Moving file from /Users/txcslm/~RIDER/JannyAI/JannyAI/bin/Debug/net9.0/temp_downloads/The onceler.card.png to /Users/txcslm/~RIDER/JannyAI/JannyAI/bin/Debug/net9.0/jannyai_characters/d2080100-1b6a-43a6-9cb4-1e66c889f8ac.png
[2025-07-14 11:12:36] File successfully saved for d2080100-1b6a-43a6-9cb4-1e66c889f8ac, size: 403126 bytes
[2025-07-14 11:12:38] Returned to list page after downloading d2080100-1b6a-43a6-9cb4-1e66c889f8ac
[2025-07-14 11:12:38] SUCCESS: Character d2080100-1b6a-43a6-9cb4-1e66c889f8ac downloaded successfully
[2025-07-14 11:12:38] Processing character 3/40: 44a00040-6cce-4f79-b1a9-19541a466423, URL: https://jannyai.com/characters/44a00040-6cce-4f79-b1a9-19541a466423_character-zachary-ashton-anthony
[2025-07-14 11:12:38] Download attempt 1/3 for character 44a00040-6cce-4f79-b1a9-19541a466423
[2025-07-14 11:12:39] Navigated to character page: https://jannyai.com/characters/44a00040-6cce-4f79-b1a9-19541a466423_character-zachary-ashton-anthony
[2025-07-14 11:12:39] Download button found for character 44a00040-6cce-4f79-b1a9-19541a466423
[2025-07-14 11:12:39] Files before download: 0 for character 44a00040-6cce-4f79-b1a9-19541a466423
[2025-07-14 11:12:39] Download button clicked for character 44a00040-6cce-4f79-b1a9-19541a466423
[2025-07-14 11:12:39] Waiting for download file for character 44a00040-6cce-4f79-b1a9-19541a466423, files before: 0
[2025-07-14 11:12:39] New file detected for 44a00040-6cce-4f79-b1a9-19541a466423: /Users/txcslm/~RIDER/JannyAI/JannyAI/bin/Debug/net9.0/temp_downloads/Zachary Ashton. Anthony.card.png, size: 514194 bytes
[2025-07-14 11:12:40] File download confirmed for 44a00040-6cce-4f79-b1a9-19541a466423 - stable size: 514194 bytes
[2025-07-14 11:12:40] Moving file from /Users/txcslm/~RIDER/JannyAI/JannyAI/bin/Debug/net9.0/temp_downloads/Zachary Ashton. Anthony.card.png to /Users/txcslm/~RIDER/JannyAI/JannyAI/bin/Debug/net9.0/jannyai_characters/44a00040-6cce-4f79-b1a9-19541a466423.png
[2025-07-14 11:12:40] File successfully saved for 44a00040-6cce-4f79-b1a9-19541a466423, size: 514194 bytes
[2025-07-14 11:12:41] Returned to list page after downloading 44a00040-6cce-4f79-b1a9-19541a466423
[2025-07-14 11:12:41] SUCCESS: Character 44a00040-6cce-4f79-b1a9-19541a466423 downloaded successfully
[2025-07-14 11:12:41] Processing character 4/40: 9ed41536-ee2d-49a9-b976-477cf3281b52, URL: https://jannyai.com/characters/9ed41536-ee2d-49a9-b976-477cf3281b52_character-nezha
[2025-07-14 11:12:41] Download attempt 1/3 for character 9ed41536-ee2d-49a9-b976-477cf3281b52
[2025-07-14 11:12:43] Navigated to character page: https://jannyai.com/characters/9ed41536-ee2d-49a9-b976-477cf3281b52_character-nezha
[2025-07-14 11:12:43] Download button found for character 9ed41536-ee2d-49a9-b976-477cf3281b52
[2025-07-14 11:12:43] Files before download: 0 for character 9ed41536-ee2d-49a9-b976-477cf3281b52
[2025-07-14 11:12:43] Download button clicked for character 9ed41536-ee2d-49a9-b976-477cf3281b52
[2025-07-14 11:12:43] Waiting for download file for character 9ed41536-ee2d-49a9-b976-477cf3281b52, files before: 0
[2025-07-14 11:12:44] New file detected for 9ed41536-ee2d-49a9-b976-477cf3281b52: /Users/txcslm/~RIDER/JannyAI/JannyAI/bin/Debug/net9.0/temp_downloads/Nezha.card.png, size: 395517 bytes
[2025-07-14 11:12:44] File download confirmed for 9ed41536-ee2d-49a9-b976-477cf3281b52 - stable size: 395517 bytes
[2025-07-14 11:12:44] Moving file from /Users/txcslm/~RIDER/JannyAI/JannyAI/bin/Debug/net9.0/temp_downloads/Nezha.card.png to /Users/txcslm/~RIDER/JannyAI/JannyAI/bin/Debug/net9.0/jannyai_characters/9ed41536-ee2d-49a9-b976-477cf3281b52.png
[2025-07-14 11:12:44] File successfully saved for 9ed41536-ee2d-49a9-b976-477cf3281b52, size: 395517 bytes
[2025-07-14 11:12:46] Returned to list page after downloading 9ed41536-ee2d-49a9-b976-477cf3281b52
[2025-07-14 11:12:46] SUCCESS: Character 9ed41536-ee2d-49a9-b976-477cf3281b52 downloaded successfully
[2025-07-14 11:12:46] Processing character 5/40: cc198800-f1ba-4cd7-8ca6-f96bfcf5ad9e, URL: https://jannyai.com/characters/cc198800-f1ba-4cd7-8ca6-f96bfcf5ad9e_character-belle
[2025-07-14 11:12:46] Download attempt 1/3 for character cc198800-f1ba-4cd7-8ca6-f96bfcf5ad9e
[2025-07-14 11:12:48] Navigated to character page: https://jannyai.com/characters/cc198800-f1ba-4cd7-8ca6-f96bfcf5ad9e_character-belle
[2025-07-14 11:12:48] Download button found for character cc198800-f1ba-4cd7-8ca6-f96bfcf5ad9e
[2025-07-14 11:12:48] Files before download: 0 for character cc198800-f1ba-4cd7-8ca6-f96bfcf5ad9e
[2025-07-14 11:12:48] Download button clicked for character cc198800-f1ba-4cd7-8ca6-f96bfcf5ad9e
[2025-07-14 11:12:48] Waiting for download file for character cc198800-f1ba-4cd7-8ca6-f96bfcf5ad9e, files before: 0
[2025-07-14 11:12:48] New file detected for cc198800-f1ba-4cd7-8ca6-f96bfcf5ad9e: /Users/txcslm/~RIDER/JannyAI/JannyAI/bin/Debug/net9.0/temp_downloads/Belle .card.png, size: 180343 bytes
[2025-07-14 11:12:49] File download confirmed for cc198800-f1ba-4cd7-8ca6-f96bfcf5ad9e - stable size: 180343 bytes
[2025-07-14 11:12:49] Moving file from /Users/txcslm/~RIDER/JannyAI/JannyAI/bin/Debug/net9.0/temp_downloads/Belle .card.png to /Users/txcslm/~RIDER/JannyAI/JannyAI/bin/Debug/net9.0/jannyai_characters/cc198800-f1ba-4cd7-8ca6-f96bfcf5ad9e.png
[2025-07-14 11:12:49] File successfully saved for cc198800-f1ba-4cd7-8ca6-f96bfcf5ad9e, size: 180343 bytes
[2025-07-14 11:12:50] Returned to list page after downloading cc198800-f1ba-4cd7-8ca6-f96bfcf5ad9e
[2025-07-14 11:12:50] SUCCESS: Character cc198800-f1ba-4cd7-8ca6-f96bfcf5ad9e downloaded successfully
[2025-07-14 11:12:50] Processing character 6/40: abdca771-9728-45d9-9e8e-60e00f991d44, URL: https://jannyai.com/characters/abdca771-9728-45d9-9e8e-60e00f991d44_character-doctor-octopus
[2025-07-14 11:12:50] Download attempt 1/3 for character abdca771-9728-45d9-9e8e-60e00f991d44
[2025-07-14 11:12:52] Navigated to character page: https://jannyai.com/characters/abdca771-9728-45d9-9e8e-60e00f991d44_character-doctor-octopus
[2025-07-14 11:12:52] Download button found for character abdca771-9728-45d9-9e8e-60e00f991d44
[2025-07-14 11:12:52] Files before download: 0 for character abdca771-9728-45d9-9e8e-60e00f991d44
[2025-07-14 11:12:52] Download button clicked for character abdca771-9728-45d9-9e8e-60e00f991d44
[2025-07-14 11:12:52] Waiting for download file for character abdca771-9728-45d9-9e8e-60e00f991d44, files before: 0
[2025-07-14 11:12:52] New file detected for abdca771-9728-45d9-9e8e-60e00f991d44: /Users/txcslm/~RIDER/JannyAI/JannyAI/bin/Debug/net9.0/temp_downloads/Doctor Octopus.card.png, size: 97264 bytes
[2025-07-14 11:12:53] File download confirmed for abdca771-9728-45d9-9e8e-60e00f991d44 - stable size: 97264 bytes
[2025-07-14 11:12:53] Moving file from /Users/txcslm/~RIDER/JannyAI/JannyAI/bin/Debug/net9.0/temp_downloads/Doctor Octopus.card.png to /Users/txcslm/~RIDER/JannyAI/JannyAI/bin/Debug/net9.0/jannyai_characters/abdca771-9728-45d9-9e8e-60e00f991d44.png
[2025-07-14 11:12:53] File successfully saved for abdca771-9728-45d9-9e8e-60e00f991d44, size: 97264 bytes
[2025-07-14 11:12:54] Returned to list page after downloading abdca771-9728-45d9-9e8e-60e00f991d44
[2025-07-14 11:12:54] SUCCESS: Character abdca771-9728-45d9-9e8e-60e00f991d44 downloaded successfully
[2025-07-14 11:12:54] Processing character 7/40: e094ef85-db86-43d0-bda0-eb56f9e80a56, URL: https://jannyai.com/characters/e094ef85-db86-43d0-bda0-eb56f9e80a56_character-yagami-light
[2025-07-14 11:12:54] Download attempt 1/3 for character e094ef85-db86-43d0-bda0-eb56f9e80a56
[2025-07-14 11:12:55] Navigated to character page: https://jannyai.com/characters/e094ef85-db86-43d0-bda0-eb56f9e80a56_character-yagami-light
[2025-07-14 11:12:55] Download button found for character e094ef85-db86-43d0-bda0-eb56f9e80a56
[2025-07-14 11:12:55] Files before download: 0 for character e094ef85-db86-43d0-bda0-eb56f9e80a56
[2025-07-14 11:12:55] Download button clicked for character e094ef85-db86-43d0-bda0-eb56f9e80a56
[2025-07-14 11:12:55] Waiting for download file for character e094ef85-db86-43d0-bda0-eb56f9e80a56, files before: 0
[2025-07-14 11:12:56] New file detected for e094ef85-db86-43d0-bda0-eb56f9e80a56: /Users/txcslm/~RIDER/JannyAI/JannyAI/bin/Debug/net9.0/temp_downloads/Yagami Light .card.png, size: 863221 bytes
[2025-07-14 11:12:56] File download confirmed for e094ef85-db86-43d0-bda0-eb56f9e80a56 - stable size: 863221 bytes
[2025-07-14 11:12:56] Moving file from /Users/txcslm/~RIDER/JannyAI/JannyAI/bin/Debug/net9.0/temp_downloads/Yagami Light .card.png to /Users/txcslm/~RIDER/JannyAI/JannyAI/bin/Debug/net9.0/jannyai_characters/e094ef85-db86-43d0-bda0-eb56f9e80a56.png
[2025-07-14 11:12:56] File successfully saved for e094ef85-db86-43d0-bda0-eb56f9e80a56, size: 863221 bytes
[2025-07-14 11:12:57] Returned to list page after downloading e094ef85-db86-43d0-bda0-eb56f9e80a56
[2025-07-14 11:12:57] SUCCESS: Character e094ef85-db86-43d0-bda0-eb56f9e80a56 downloaded successfully
[2025-07-14 11:12:58] Processing character 8/40: 77f04819-7e35-4724-a9d7-13b9c6ff907a, URL: https://jannyai.com/characters/77f04819-7e35-4724-a9d7-13b9c6ff907a_character-angel
[2025-07-14 11:12:58] Download attempt 1/3 for character 77f04819-7e35-4724-a9d7-13b9c6ff907a
[2025-07-14 11:12:59] Navigated to character page: https://jannyai.com/characters/77f04819-7e35-4724-a9d7-13b9c6ff907a_character-angel
[2025-07-14 11:12:59] Download button found for character 77f04819-7e35-4724-a9d7-13b9c6ff907a
[2025-07-14 11:12:59] Files before download: 0 for character 77f04819-7e35-4724-a9d7-13b9c6ff907a
[2025-07-14 11:12:59] Download button clicked for character 77f04819-7e35-4724-a9d7-13b9c6ff907a
[2025-07-14 11:12:59] Waiting for download file for character 77f04819-7e35-4724-a9d7-13b9c6ff907a, files before: 0
[2025-07-14 11:12:59] New file detected for 77f04819-7e35-4724-a9d7-13b9c6ff907a: /Users/txcslm/~RIDER/JannyAI/JannyAI/bin/Debug/net9.0/temp_downloads/Angel .card.png, size: 877649 bytes
[2025-07-14 11:13:00] File download confirmed for 77f04819-7e35-4724-a9d7-13b9c6ff907a - stable size: 877649 bytes
[2025-07-14 11:13:00] Moving file from /Users/txcslm/~RIDER/JannyAI/JannyAI/bin/Debug/net9.0/temp_downloads/Angel .card.png to /Users/txcslm/~RIDER/JannyAI/JannyAI/bin/Debug/net9.0/jannyai_characters/77f04819-7e35-4724-a9d7-13b9c6ff907a.png
[2025-07-14 11:13:00] File successfully saved for 77f04819-7e35-4724-a9d7-13b9c6ff907a, size: 877649 bytes
[2025-07-14 11:13:01] Returned to list page after downloading 77f04819-7e35-4724-a9d7-13b9c6ff907a
[2025-07-14 11:13:01] SUCCESS: Character 77f04819-7e35-4724-a9d7-13b9c6ff907a downloaded successfully
[2025-07-14 11:13:01] Processing character 9/40: 3ba94500-e424-45e1-b30d-0178512e99b2, URL: https://jannyai.com/characters/3ba94500-e424-45e1-b30d-0178512e99b2_character-neteyam
[2025-07-14 11:13:01] Download attempt 1/3 for character 3ba94500-e424-45e1-b30d-0178512e99b2
[2025-07-14 11:13:02] Navigated to character page: https://jannyai.com/characters/3ba94500-e424-45e1-b30d-0178512e99b2_character-neteyam
[2025-07-14 11:13:03] Download button found for character 3ba94500-e424-45e1-b30d-0178512e99b2
[2025-07-14 11:13:03] Files before download: 0 for character 3ba94500-e424-45e1-b30d-0178512e99b2
[2025-07-14 11:13:03] Download button clicked for character 3ba94500-e424-45e1-b30d-0178512e99b2
[2025-07-14 11:13:03] Waiting for download file for character 3ba94500-e424-45e1-b30d-0178512e99b2, files before: 0
[2025-07-14 11:13:03] New file detected for 3ba94500-e424-45e1-b30d-0178512e99b2: /Users/txcslm/~RIDER/JannyAI/JannyAI/bin/Debug/net9.0/temp_downloads/Neteyam.card.png, size: 1042835 bytes
[2025-07-14 11:13:03] File download confirmed for 3ba94500-e424-45e1-b30d-0178512e99b2 - stable size: 1042835 bytes
[2025-07-14 11:13:03] Moving file from /Users/txcslm/~RIDER/JannyAI/JannyAI/bin/Debug/net9.0/temp_downloads/Neteyam.card.png to /Users/txcslm/~RIDER/JannyAI/JannyAI/bin/Debug/net9.0/jannyai_characters/3ba94500-e424-45e1-b30d-0178512e99b2.png
[2025-07-14 11:13:03] File successfully saved for 3ba94500-e424-45e1-b30d-0178512e99b2, size: 1042835 bytes
[2025-07-14 11:13:05] Returned to list page after downloading 3ba94500-e424-45e1-b30d-0178512e99b2
[2025-07-14 11:13:05] SUCCESS: Character 3ba94500-e424-45e1-b30d-0178512e99b2 downloaded successfully
[2025-07-14 11:13:05] Processing character 10/40: 1b466cbd-814b-40cb-9e84-fbebc86125ac, URL: https://jannyai.com/characters/1b466cbd-814b-40cb-9e84-fbebc86125ac_character-matthew-mcconaughey
[2025-07-14 11:13:05] Download attempt 1/3 for character 1b466cbd-814b-40cb-9e84-fbebc86125ac
[2025-07-14 11:13:06] Navigated to character page: https://jannyai.com/characters/1b466cbd-814b-40cb-9e84-fbebc86125ac_character-matthew-mcconaughey
[2025-07-14 11:13:06] Download button found for character 1b466cbd-814b-40cb-9e84-fbebc86125ac
[2025-07-14 11:13:06] Files before download: 0 for character 1b466cbd-814b-40cb-9e84-fbebc86125ac
[2025-07-14 11:13:06] Download button clicked for character 1b466cbd-814b-40cb-9e84-fbebc86125ac
[2025-07-14 11:13:06] Waiting for download file for character 1b466cbd-814b-40cb-9e84-fbebc86125ac, files before: 0
[2025-07-14 11:13:06] New file detected for 1b466cbd-814b-40cb-9e84-fbebc86125ac: /Users/txcslm/~RIDER/JannyAI/JannyAI/bin/Debug/net9.0/temp_downloads/Matthew Mcconaughey.card.png, size: 684672 bytes
[2025-07-14 11:13:07] File download confirmed for 1b466cbd-814b-40cb-9e84-fbebc86125ac - stable size: 684672 bytes
[2025-07-14 11:13:07] Moving file from /Users/txcslm/~RIDER/JannyAI/JannyAI/bin/Debug/net9.0/temp_downloads/Matthew Mcconaughey.card.png to /Users/txcslm/~RIDER/JannyAI/JannyAI/bin/Debug/net9.0/jannyai_characters/1b466cbd-814b-40cb-9e84-fbebc86125ac.png
[2025-07-14 11:13:07] File successfully saved for 1b466cbd-814b-40cb-9e84-fbebc86125ac, size: 684672 bytes
[2025-07-14 11:13:08] Returned to list page after downloading 1b466cbd-814b-40cb-9e84-fbebc86125ac
[2025-07-14 11:13:08] SUCCESS: Character 1b466cbd-814b-40cb-9e84-fbebc86125ac downloaded successfully
[2025-07-14 11:13:08] Processing character 11/40: 105e41db-bdb1-47ab-99c7-c899f32f10c4, URL: https://jannyai.com/characters/105e41db-bdb1-47ab-99c7-c899f32f10c4_character-z-tala
[2025-07-14 11:13:08] Download attempt 1/3 for character 105e41db-bdb1-47ab-99c7-c899f32f10c4
[2025-07-14 11:13:09] Navigated to character page: https://jannyai.com/characters/105e41db-bdb1-47ab-99c7-c899f32f10c4_character-z-tala
[2025-07-14 11:13:09] Download button found for character 105e41db-bdb1-47ab-99c7-c899f32f10c4
[2025-07-14 11:13:09] Files before download: 0 for character 105e41db-bdb1-47ab-99c7-c899f32f10c4
[2025-07-14 11:13:09] Download button clicked for character 105e41db-bdb1-47ab-99c7-c899f32f10c4
[2025-07-14 11:13:09] Waiting for download file for character 105e41db-bdb1-47ab-99c7-c899f32f10c4, files before: 0
[2025-07-14 11:13:10] New file detected for 105e41db-bdb1-47ab-99c7-c899f32f10c4: /Users/txcslm/~RIDER/JannyAI/JannyAI/bin/Debug/net9.0/temp_downloads/Z'Tala.card.png, size: 780913 bytes
[2025-07-14 11:13:10] File download confirmed for 105e41db-bdb1-47ab-99c7-c899f32f10c4 - stable size: 780913 bytes
[2025-07-14 11:13:10] Moving file from /Users/txcslm/~RIDER/JannyAI/JannyAI/bin/Debug/net9.0/temp_downloads/Z'Tala.card.png to /Users/txcslm/~RIDER/JannyAI/JannyAI/bin/Debug/net9.0/jannyai_characters/105e41db-bdb1-47ab-99c7-c899f32f10c4.png
[2025-07-14 11:13:10] File successfully saved for 105e41db-bdb1-47ab-99c7-c899f32f10c4, size: 780913 bytes
[2025-07-14 11:13:12] Returned to list page after downloading 105e41db-bdb1-47ab-99c7-c899f32f10c4
[2025-07-14 11:13:12] SUCCESS: Character 105e41db-bdb1-47ab-99c7-c899f32f10c4 downloaded successfully
[2025-07-14 11:13:12] Processing character 12/40: ca4c2d27-64b9-43f8-86e8-7c21099b7450, URL: https://jannyai.com/characters/ca4c2d27-64b9-43f8-86e8-7c21099b7450_character-yiga-blademaster
[2025-07-14 11:13:12] Download attempt 1/3 for character ca4c2d27-64b9-43f8-86e8-7c21099b7450
[2025-07-14 11:13:13] Navigated to character page: https://jannyai.com/characters/ca4c2d27-64b9-43f8-86e8-7c21099b7450_character-yiga-blademaster
[2025-07-14 11:13:13] Download button found for character ca4c2d27-64b9-43f8-86e8-7c21099b7450
[2025-07-14 11:13:13] Files before download: 0 for character ca4c2d27-64b9-43f8-86e8-7c21099b7450
[2025-07-14 11:13:13] Download button clicked for character ca4c2d27-64b9-43f8-86e8-7c21099b7450
[2025-07-14 11:13:13] Waiting for download file for character ca4c2d27-64b9-43f8-86e8-7c21099b7450, files before: 0
[2025-07-14 11:13:13] New file detected for ca4c2d27-64b9-43f8-86e8-7c21099b7450: /Users/txcslm/~RIDER/JannyAI/JannyAI/bin/Debug/net9.0/temp_downloads/Yiga Blademaster.card.png, size: 151918 bytes
[2025-07-14 11:13:14] File download confirmed for ca4c2d27-64b9-43f8-86e8-7c21099b7450 - stable size: 151918 bytes
[2025-07-14 11:13:14] Moving file from /Users/txcslm/~RIDER/JannyAI/JannyAI/bin/Debug/net9.0/temp_downloads/Yiga Blademaster.card.png to /Users/txcslm/~RIDER/JannyAI/JannyAI/bin/Debug/net9.0/jannyai_characters/ca4c2d27-64b9-43f8-86e8-7c21099b7450.png
[2025-07-14 11:13:14] File successfully saved for ca4c2d27-64b9-43f8-86e8-7c21099b7450, size: 151918 bytes
[2025-07-14 11:13:15] Returned to list page after downloading ca4c2d27-64b9-43f8-86e8-7c21099b7450
[2025-07-14 11:13:15] SUCCESS: Character ca4c2d27-64b9-43f8-86e8-7c21099b7450 downloaded successfully
[2025-07-14 11:13:15] Processing character 13/40: a3512fbc-af05-4712-af18-a0be7ee2f07a, URL: https://jannyai.com/characters/a3512fbc-af05-4712-af18-a0be7ee2f07a_character-eula-lawrence
[2025-07-14 11:13:15] Download attempt 1/3 for character a3512fbc-af05-4712-af18-a0be7ee2f07a
[2025-07-14 11:13:17] Navigated to character page: https://jannyai.com/characters/a3512fbc-af05-4712-af18-a0be7ee2f07a_character-eula-lawrence
[2025-07-14 11:13:17] Download button found for character a3512fbc-af05-4712-af18-a0be7ee2f07a
[2025-07-14 11:13:17] Files before download: 0 for character a3512fbc-af05-4712-af18-a0be7ee2f07a
[2025-07-14 11:13:17] Download button clicked for character a3512fbc-af05-4712-af18-a0be7ee2f07a
[2025-07-14 11:13:17] Waiting for download file for character a3512fbc-af05-4712-af18-a0be7ee2f07a, files before: 0
[2025-07-14 11:13:17] New file detected for a3512fbc-af05-4712-af18-a0be7ee2f07a: /Users/txcslm/~RIDER/JannyAI/JannyAI/bin/Debug/net9.0/temp_downloads/Eula Lawrence .card.png, size: 501056 bytes
[2025-07-14 11:13:18] File download confirmed for a3512fbc-af05-4712-af18-a0be7ee2f07a - stable size: 501056 bytes
[2025-07-14 11:13:18] Moving file from /Users/txcslm/~RIDER/JannyAI/JannyAI/bin/Debug/net9.0/temp_downloads/Eula Lawrence .card.png to /Users/txcslm/~RIDER/JannyAI/JannyAI/bin/Debug/net9.0/jannyai_characters/a3512fbc-af05-4712-af18-a0be7ee2f07a.png
[2025-07-14 11:13:18] File successfully saved for a3512fbc-af05-4712-af18-a0be7ee2f07a, size: 501056 bytes
[2025-07-14 11:13:19] Returned to list page after downloading a3512fbc-af05-4712-af18-a0be7ee2f07a
[2025-07-14 11:13:19] SUCCESS: Character a3512fbc-af05-4712-af18-a0be7ee2f07a downloaded successfully
[2025-07-14 11:13:19] Processing character 14/40: 4cf43c73-7834-4af2-8ecb-411ed651440e, URL: https://jannyai.com/characters/4cf43c73-7834-4af2-8ecb-411ed651440e_character-zandik
[2025-07-14 11:13:19] Download attempt 1/3 for character 4cf43c73-7834-4af2-8ecb-411ed651440e
[2025-07-14 11:13:20] Navigated to character page: https://jannyai.com/characters/4cf43c73-7834-4af2-8ecb-411ed651440e_character-zandik
[2025-07-14 11:13:21] Download button found for character 4cf43c73-7834-4af2-8ecb-411ed651440e
[2025-07-14 11:13:21] Files before download: 0 for character 4cf43c73-7834-4af2-8ecb-411ed651440e
[2025-07-14 11:13:21] Download button clicked for character 4cf43c73-7834-4af2-8ecb-411ed651440e
[2025-07-14 11:13:21] Waiting for download file for character 4cf43c73-7834-4af2-8ecb-411ed651440e, files before: 0
[2025-07-14 11:13:21] New file detected for 4cf43c73-7834-4af2-8ecb-411ed651440e: /Users/txcslm/~RIDER/JannyAI/JannyAI/bin/Debug/net9.0/temp_downloads/Zandik.card.png, size: 188335 bytes
[2025-07-14 11:13:22] File download confirmed for 4cf43c73-7834-4af2-8ecb-411ed651440e - stable size: 188335 bytes
[2025-07-14 11:13:22] Moving file from /Users/txcslm/~RIDER/JannyAI/JannyAI/bin/Debug/net9.0/temp_downloads/Zandik.card.png to /Users/txcslm/~RIDER/JannyAI/JannyAI/bin/Debug/net9.0/jannyai_characters/4cf43c73-7834-4af2-8ecb-411ed651440e.png
[2025-07-14 11:13:22] File successfully saved for 4cf43c73-7834-4af2-8ecb-411ed651440e, size: 188335 bytes
[2025-07-14 11:13:23] Returned to list page after downloading 4cf43c73-7834-4af2-8ecb-411ed651440e
[2025-07-14 11:13:23] SUCCESS: Character 4cf43c73-7834-4af2-8ecb-411ed651440e downloaded successfully
[2025-07-14 11:13:23] Processing character 15/40: 47cd6c7d-290c-4540-909e-1597324287c8, URL: https://jannyai.com/characters/47cd6c7d-290c-4540-909e-1597324287c8_character-mihael-keehl
[2025-07-14 11:13:23] Download attempt 1/3 for character 47cd6c7d-290c-4540-909e-1597324287c8
[2025-07-14 11:13:24] Navigated to character page: https://jannyai.com/characters/47cd6c7d-290c-4540-909e-1597324287c8_character-mihael-keehl
[2025-07-14 11:13:24] Download button found for character 47cd6c7d-290c-4540-909e-1597324287c8
[2025-07-14 11:13:24] Files before download: 0 for character 47cd6c7d-290c-4540-909e-1597324287c8
[2025-07-14 11:13:24] Download button clicked for character 47cd6c7d-290c-4540-909e-1597324287c8
[2025-07-14 11:13:24] Waiting for download file for character 47cd6c7d-290c-4540-909e-1597324287c8, files before: 0
[2025-07-14 11:13:25] New file detected for 47cd6c7d-290c-4540-909e-1597324287c8: /Users/txcslm/~RIDER/JannyAI/JannyAI/bin/Debug/net9.0/temp_downloads/Mihael Keehl.card.png, size: 425529 bytes
[2025-07-14 11:13:25] File download confirmed for 47cd6c7d-290c-4540-909e-1597324287c8 - stable size: 425529 bytes
[2025-07-14 11:13:25] Moving file from /Users/txcslm/~RIDER/JannyAI/JannyAI/bin/Debug/net9.0/temp_downloads/Mihael Keehl.card.png to /Users/txcslm/~RIDER/JannyAI/JannyAI/bin/Debug/net9.0/jannyai_characters/47cd6c7d-290c-4540-909e-1597324287c8.png
[2025-07-14 11:13:25] File successfully saved for 47cd6c7d-290c-4540-909e-1597324287c8, size: 425529 bytes
[2025-07-14 11:13:26] Returned to list page after downloading 47cd6c7d-290c-4540-909e-1597324287c8
[2025-07-14 11:13:26] SUCCESS: Character 47cd6c7d-290c-4540-909e-1597324287c8 downloaded successfully
[2025-07-14 11:13:27] Processing character 16/40: 73176cc2-1dc1-49fb-a1e3-21bcf07ea47e, URL: https://jannyai.com/characters/73176cc2-1dc1-49fb-a1e3-21bcf07ea47e_character-leon-kennedy
[2025-07-14 11:13:27] Download attempt 1/3 for character 73176cc2-1dc1-49fb-a1e3-21bcf07ea47e
[2025-07-14 11:13:28] Navigated to character page: https://jannyai.com/characters/73176cc2-1dc1-49fb-a1e3-21bcf07ea47e_character-leon-kennedy
[2025-07-14 11:13:28] Download button found for character 73176cc2-1dc1-49fb-a1e3-21bcf07ea47e
[2025-07-14 11:13:28] Files before download: 0 for character 73176cc2-1dc1-49fb-a1e3-21bcf07ea47e
[2025-07-14 11:13:28] Download button clicked for character 73176cc2-1dc1-49fb-a1e3-21bcf07ea47e
[2025-07-14 11:13:28] Waiting for download file for character 73176cc2-1dc1-49fb-a1e3-21bcf07ea47e, files before: 0
[2025-07-14 11:13:29] New file detected for 73176cc2-1dc1-49fb-a1e3-21bcf07ea47e: /Users/txcslm/~RIDER/JannyAI/JannyAI/bin/Debug/net9.0/temp_downloads/Leon Kennedy.card.png, size: 753499 bytes
[2025-07-14 11:13:29] File download confirmed for 73176cc2-1dc1-49fb-a1e3-21bcf07ea47e - stable size: 753499 bytes
[2025-07-14 11:13:29] Moving file from /Users/txcslm/~RIDER/JannyAI/JannyAI/bin/Debug/net9.0/temp_downloads/Leon Kennedy.card.png to /Users/txcslm/~RIDER/JannyAI/JannyAI/bin/Debug/net9.0/jannyai_characters/73176cc2-1dc1-49fb-a1e3-21bcf07ea47e.png
[2025-07-14 11:13:29] File successfully saved for 73176cc2-1dc1-49fb-a1e3-21bcf07ea47e, size: 753499 bytes
[2025-07-14 11:13:30] Returned to list page after downloading 73176cc2-1dc1-49fb-a1e3-21bcf07ea47e
[2025-07-14 11:13:30] SUCCESS: Character 73176cc2-1dc1-49fb-a1e3-21bcf07ea47e downloaded successfully
[2025-07-14 11:13:31] Processing character 17/40: ab4c89b4-0ae3-4a7c-9596-39512965dbfd, URL: https://jannyai.com/characters/ab4c89b4-0ae3-4a7c-9596-39512965dbfd_character-son-goku
[2025-07-14 11:13:31] Download attempt 1/3 for character ab4c89b4-0ae3-4a7c-9596-39512965dbfd
[2025-07-14 11:13:32] Navigated to character page: https://jannyai.com/characters/ab4c89b4-0ae3-4a7c-9596-39512965dbfd_character-son-goku
[2025-07-14 11:13:32] Download button found for character ab4c89b4-0ae3-4a7c-9596-39512965dbfd
[2025-07-14 11:13:32] Files before download: 0 for character ab4c89b4-0ae3-4a7c-9596-39512965dbfd
[2025-07-14 11:13:32] Download button clicked for character ab4c89b4-0ae3-4a7c-9596-39512965dbfd
[2025-07-14 11:13:32] Waiting for download file for character ab4c89b4-0ae3-4a7c-9596-39512965dbfd, files before: 0
[2025-07-14 11:13:32] New file detected for ab4c89b4-0ae3-4a7c-9596-39512965dbfd: /Users/txcslm/~RIDER/JannyAI/JannyAI/bin/Debug/net9.0/temp_downloads/Son Goku..card.png, size: 574420 bytes
[2025-07-14 11:13:33] File download confirmed for ab4c89b4-0ae3-4a7c-9596-39512965dbfd - stable size: 574420 bytes
[2025-07-14 11:13:33] Moving file from /Users/txcslm/~RIDER/JannyAI/JannyAI/bin/Debug/net9.0/temp_downloads/Son Goku..card.png to /Users/txcslm/~RIDER/JannyAI/JannyAI/bin/Debug/net9.0/jannyai_characters/ab4c89b4-0ae3-4a7c-9596-39512965dbfd.png
[2025-07-14 11:13:33] File successfully saved for ab4c89b4-0ae3-4a7c-9596-39512965dbfd, size: 574420 bytes
[2025-07-14 11:13:34] Returned to list page after downloading ab4c89b4-0ae3-4a7c-9596-39512965dbfd
[2025-07-14 11:13:34] SUCCESS: Character ab4c89b4-0ae3-4a7c-9596-39512965dbfd downloaded successfully
[2025-07-14 11:13:34] Processing character 18/40: db3e07e1-0d3c-4274-86a4-e9e97d6335f7, URL: https://jannyai.com/characters/db3e07e1-0d3c-4274-86a4-e9e97d6335f7_character-goku
[2025-07-14 11:13:34] Download attempt 1/3 for character db3e07e1-0d3c-4274-86a4-e9e97d6335f7
[2025-07-14 11:13:35] Navigated to character page: https://jannyai.com/characters/db3e07e1-0d3c-4274-86a4-e9e97d6335f7_character-goku
[2025-07-14 11:13:36] Download button found for character db3e07e1-0d3c-4274-86a4-e9e97d6335f7
[2025-07-14 11:13:36] Files before download: 0 for character db3e07e1-0d3c-4274-86a4-e9e97d6335f7
[2025-07-14 11:13:36] Download button clicked for character db3e07e1-0d3c-4274-86a4-e9e97d6335f7
[2025-07-14 11:13:36] Waiting for download file for character db3e07e1-0d3c-4274-86a4-e9e97d6335f7, files before: 0
[2025-07-14 11:13:36] New file detected for db3e07e1-0d3c-4274-86a4-e9e97d6335f7: /Users/txcslm/~RIDER/JannyAI/JannyAI/bin/Debug/net9.0/temp_downloads/Goku.card.png, size: 945086 bytes
[2025-07-14 11:13:36] File download confirmed for db3e07e1-0d3c-4274-86a4-e9e97d6335f7 - stable size: 945086 bytes
[2025-07-14 11:13:36] Moving file from /Users/txcslm/~RIDER/JannyAI/JannyAI/bin/Debug/net9.0/temp_downloads/Goku.card.png to /Users/txcslm/~RIDER/JannyAI/JannyAI/bin/Debug/net9.0/jannyai_characters/db3e07e1-0d3c-4274-86a4-e9e97d6335f7.png
[2025-07-14 11:13:36] File successfully saved for db3e07e1-0d3c-4274-86a4-e9e97d6335f7, size: 945086 bytes
[2025-07-14 11:13:38] Returned to list page after downloading db3e07e1-0d3c-4274-86a4-e9e97d6335f7
[2025-07-14 11:13:38] SUCCESS: Character db3e07e1-0d3c-4274-86a4-e9e97d6335f7 downloaded successfully
[2025-07-14 11:13:38] Processing character 19/40: e763fedd-b729-4721-9292-68e6251e8f13, URL: https://jannyai.com/characters/e763fedd-b729-4721-9292-68e6251e8f13_character-test-tube
[2025-07-14 11:13:38] Download attempt 1/3 for character e763fedd-b729-4721-9292-68e6251e8f13
[2025-07-14 11:13:39] Navigated to character page: https://jannyai.com/characters/e763fedd-b729-4721-9292-68e6251e8f13_character-test-tube
[2025-07-14 11:13:39] Download button found for character e763fedd-b729-4721-9292-68e6251e8f13
[2025-07-14 11:13:39] Files before download: 0 for character e763fedd-b729-4721-9292-68e6251e8f13
[2025-07-14 11:13:39] Download button clicked for character e763fedd-b729-4721-9292-68e6251e8f13
[2025-07-14 11:13:39] Waiting for download file for character e763fedd-b729-4721-9292-68e6251e8f13, files before: 0
[2025-07-14 11:13:40] New file detected for e763fedd-b729-4721-9292-68e6251e8f13: /Users/txcslm/~RIDER/JannyAI/JannyAI/bin/Debug/net9.0/temp_downloads/Test Tube.card.png, size: 604642 bytes
[2025-07-14 11:13:40] File download confirmed for e763fedd-b729-4721-9292-68e6251e8f13 - stable size: 604642 bytes
[2025-07-14 11:13:40] Moving file from /Users/txcslm/~RIDER/JannyAI/JannyAI/bin/Debug/net9.0/temp_downloads/Test Tube.card.png to /Users/txcslm/~RIDER/JannyAI/JannyAI/bin/Debug/net9.0/jannyai_characters/e763fedd-b729-4721-9292-68e6251e8f13.png
[2025-07-14 11:13:40] File successfully saved for e763fedd-b729-4721-9292-68e6251e8f13, size: 604642 bytes
[2025-07-14 11:13:42] Returned to list page after downloading e763fedd-b729-4721-9292-68e6251e8f13
[2025-07-14 11:13:42] SUCCESS: Character e763fedd-b729-4721-9292-68e6251e8f13 downloaded successfully
[2025-07-14 11:13:42] Processing character 20/40: d7faa090-1450-42df-992c-9164cc84ee33, URL: https://jannyai.com/characters/d7faa090-1450-42df-992c-9164cc84ee33_character-sadie-miller
[2025-07-14 11:13:42] Download attempt 1/3 for character d7faa090-1450-42df-992c-9164cc84ee33
[2025-07-14 11:13:43] Navigated to character page: https://jannyai.com/characters/d7faa090-1450-42df-992c-9164cc84ee33_character-sadie-miller
[2025-07-14 11:13:43] Download button found for character d7faa090-1450-42df-992c-9164cc84ee33
[2025-07-14 11:13:43] Files before download: 0 for character d7faa090-1450-42df-992c-9164cc84ee33
[2025-07-14 11:13:43] Download button clicked for character d7faa090-1450-42df-992c-9164cc84ee33
[2025-07-14 11:13:43] Waiting for download file for character d7faa090-1450-42df-992c-9164cc84ee33, files before: 0
[2025-07-14 11:13:44] Download timeout for character d7faa090-1450-42df-992c-9164cc84ee33 after 800ms
[2025-07-14 11:13:44] WARNING: Файл не скачался для персонажа d7faa090-1450-42df-992c-9164cc84ee33 (попытка 1)
[2025-07-14 11:13:46] Download attempt 2/3 for character d7faa090-1450-42df-992c-9164cc84ee33
[2025-07-14 11:13:47] Navigated to character page: https://jannyai.com/characters/d7faa090-1450-42df-992c-9164cc84ee33_character-sadie-miller
[2025-07-14 11:13:47] Download button found for character d7faa090-1450-42df-992c-9164cc84ee33
[2025-07-14 11:13:47] Files before download: 0 for character d7faa090-1450-42df-992c-9164cc84ee33
[2025-07-14 11:13:47] Download button clicked for character d7faa090-1450-42df-992c-9164cc84ee33
[2025-07-14 11:13:47] Waiting for download file for character d7faa090-1450-42df-992c-9164cc84ee33, files before: 0
[2025-07-14 11:13:48] Download timeout for character d7faa090-1450-42df-992c-9164cc84ee33 after 800ms
[2025-07-14 11:13:48] WARNING: Файл не скачался для персонажа d7faa090-1450-42df-992c-9164cc84ee33 (попытка 2)
[2025-07-14 11:13:49] Download attempt 3/3 for character d7faa090-1450-42df-992c-9164cc84ee33
[2025-07-14 11:13:50] Navigated to character page: https://jannyai.com/characters/d7faa090-1450-42df-992c-9164cc84ee33_character-sadie-miller
[2025-07-14 11:13:50] Download button found for character d7faa090-1450-42df-992c-9164cc84ee33
[2025-07-14 11:13:50] Files before download: 0 for character d7faa090-1450-42df-992c-9164cc84ee33
[2025-07-14 11:13:50] Download button clicked for character d7faa090-1450-42df-992c-9164cc84ee33
[2025-07-14 11:13:50] Waiting for download file for character d7faa090-1450-42df-992c-9164cc84ee33, files before: 0
[2025-07-14 11:13:51] Download timeout for character d7faa090-1450-42df-992c-9164cc84ee33 after 800ms
[2025-07-14 11:13:51] WARNING: Файл не скачался для персонажа d7faa090-1450-42df-992c-9164cc84ee33 (попытка 3)
[2025-07-14 11:13:53] FAILED: Could not download character d7faa090-1450-42df-992c-9164cc84ee33
[2025-07-14 11:13:53] Processing character 21/40: b7d1e1ce-1809-414e-8c2b-dc777d233e63, URL: https://jannyai.com/characters/b7d1e1ce-1809-414e-8c2b-dc777d233e63_character-john-ward
[2025-07-14 11:13:53] Download attempt 1/3 for character b7d1e1ce-1809-414e-8c2b-dc777d233e63
[2025-07-14 11:13:54] Navigated to character page: https://jannyai.com/characters/b7d1e1ce-1809-414e-8c2b-dc777d233e63_character-john-ward
[2025-07-14 11:13:54] Download button found for character b7d1e1ce-1809-414e-8c2b-dc777d233e63
[2025-07-14 11:13:54] Files before download: 0 for character b7d1e1ce-1809-414e-8c2b-dc777d233e63
[2025-07-14 11:13:54] Download button clicked for character b7d1e1ce-1809-414e-8c2b-dc777d233e63
[2025-07-14 11:13:54] Waiting for download file for character b7d1e1ce-1809-414e-8c2b-dc777d233e63, files before: 0
[2025-07-14 11:13:55] New file detected for b7d1e1ce-1809-414e-8c2b-dc777d233e63: /Users/txcslm/~RIDER/JannyAI/JannyAI/bin/Debug/net9.0/temp_downloads/John Ward.card.png, size: 23085 bytes
[2025-07-14 11:13:55] File download confirmed for b7d1e1ce-1809-414e-8c2b-dc777d233e63 - stable size: 23085 bytes
[2025-07-14 11:13:55] Moving file from /Users/txcslm/~RIDER/JannyAI/JannyAI/bin/Debug/net9.0/temp_downloads/John Ward.card.png to /Users/txcslm/~RIDER/JannyAI/JannyAI/bin/Debug/net9.0/jannyai_characters/b7d1e1ce-1809-414e-8c2b-dc777d233e63.png
[2025-07-14 11:13:55] File successfully saved for b7d1e1ce-1809-414e-8c2b-dc777d233e63, size: 23085 bytes
[2025-07-14 11:13:56] Returned to list page after downloading b7d1e1ce-1809-414e-8c2b-dc777d233e63
[2025-07-14 11:13:56] SUCCESS: Character b7d1e1ce-1809-414e-8c2b-dc777d233e63 downloaded successfully
[2025-07-14 11:13:57] Processing character 22/40: cb7de39c-00c3-40f6-8e04-7d6460f5fedc, URL: https://jannyai.com/characters/cb7de39c-00c3-40f6-8e04-7d6460f5fedc_character-nick
[2025-07-14 11:13:57] Download attempt 1/3 for character cb7de39c-00c3-40f6-8e04-7d6460f5fedc
[2025-07-14 11:13:58] Navigated to character page: https://jannyai.com/characters/cb7de39c-00c3-40f6-8e04-7d6460f5fedc_character-nick
[2025-07-14 11:13:58] Download button found for character cb7de39c-00c3-40f6-8e04-7d6460f5fedc
[2025-07-14 11:13:58] Files before download: 0 for character cb7de39c-00c3-40f6-8e04-7d6460f5fedc
[2025-07-14 11:13:58] Download button clicked for character cb7de39c-00c3-40f6-8e04-7d6460f5fedc
[2025-07-14 11:13:58] Waiting for download file for character cb7de39c-00c3-40f6-8e04-7d6460f5fedc, files before: 0
[2025-07-14 11:13:58] New file detected for cb7de39c-00c3-40f6-8e04-7d6460f5fedc: /Users/txcslm/~RIDER/JannyAI/JannyAI/bin/Debug/net9.0/temp_downloads/Nick .card.png, size: 1142121 bytes
[2025-07-14 11:13:59] File download confirmed for cb7de39c-00c3-40f6-8e04-7d6460f5fedc - stable size: 1142121 bytes
[2025-07-14 11:13:59] Moving file from /Users/txcslm/~RIDER/JannyAI/JannyAI/bin/Debug/net9.0/temp_downloads/Nick .card.png to /Users/txcslm/~RIDER/JannyAI/JannyAI/bin/Debug/net9.0/jannyai_characters/cb7de39c-00c3-40f6-8e04-7d6460f5fedc.png
[2025-07-14 11:13:59] File successfully saved for cb7de39c-00c3-40f6-8e04-7d6460f5fedc, size: 1142121 bytes
[2025-07-14 11:14:00] Returned to list page after downloading cb7de39c-00c3-40f6-8e04-7d6460f5fedc
[2025-07-14 11:14:00] SUCCESS: Character cb7de39c-00c3-40f6-8e04-7d6460f5fedc downloaded successfully
[2025-07-14 11:14:00] Processing character 23/40: 61d0b3cd-597c-45b7-891d-7f6fd5af7eae, URL: https://jannyai.com/characters/61d0b3cd-597c-45b7-891d-7f6fd5af7eae_character-nami
[2025-07-14 11:14:00] Download attempt 1/3 for character 61d0b3cd-597c-45b7-891d-7f6fd5af7eae
[2025-07-14 11:14:01] Navigated to character page: https://jannyai.com/characters/61d0b3cd-597c-45b7-891d-7f6fd5af7eae_character-nami
[2025-07-14 11:14:01] Download button found for character 61d0b3cd-597c-45b7-891d-7f6fd5af7eae
[2025-07-14 11:14:01] Files before download: 0 for character 61d0b3cd-597c-45b7-891d-7f6fd5af7eae
[2025-07-14 11:14:02] Download button clicked for character 61d0b3cd-597c-45b7-891d-7f6fd5af7eae
[2025-07-14 11:14:02] Waiting for download file for character 61d0b3cd-597c-45b7-891d-7f6fd5af7eae, files before: 0
[2025-07-14 11:14:02] New file detected for 61d0b3cd-597c-45b7-891d-7f6fd5af7eae: /Users/txcslm/~RIDER/JannyAI/JannyAI/bin/Debug/net9.0/temp_downloads/Nami.card.png, size: 755191 bytes
[2025-07-14 11:14:02] File download confirmed for 61d0b3cd-597c-45b7-891d-7f6fd5af7eae - stable size: 755191 bytes
[2025-07-14 11:14:02] Moving file from /Users/txcslm/~RIDER/JannyAI/JannyAI/bin/Debug/net9.0/temp_downloads/Nami.card.png to /Users/txcslm/~RIDER/JannyAI/JannyAI/bin/Debug/net9.0/jannyai_characters/61d0b3cd-597c-45b7-891d-7f6fd5af7eae.png
[2025-07-14 11:14:02] File successfully saved for 61d0b3cd-597c-45b7-891d-7f6fd5af7eae, size: 755191 bytes
[2025-07-14 11:14:04] Returned to list page after downloading 61d0b3cd-597c-45b7-891d-7f6fd5af7eae
[2025-07-14 11:14:04] SUCCESS: Character 61d0b3cd-597c-45b7-891d-7f6fd5af7eae downloaded successfully
[2025-07-14 11:14:04] Processing character 24/40: 7c633224-d15a-4db9-9651-56195a5653c6, URL: https://jannyai.com/characters/7c633224-d15a-4db9-9651-56195a5653c6_character-draco-malfoy
[2025-07-14 11:14:04] Download attempt 1/3 for character 7c633224-d15a-4db9-9651-56195a5653c6
[2025-07-14 11:14:07] Navigated to character page: https://jannyai.com/characters/7c633224-d15a-4db9-9651-56195a5653c6_character-draco-malfoy
[2025-07-14 11:14:07] Download button found for character 7c633224-d15a-4db9-9651-56195a5653c6
[2025-07-14 11:14:07] Files before download: 0 for character 7c633224-d15a-4db9-9651-56195a5653c6
[2025-07-14 11:14:07] Download button clicked for character 7c633224-d15a-4db9-9651-56195a5653c6
[2025-07-14 11:14:07] Waiting for download file for character 7c633224-d15a-4db9-9651-56195a5653c6, files before: 0
[2025-07-14 11:14:07] New file detected for 7c633224-d15a-4db9-9651-56195a5653c6: /Users/txcslm/~RIDER/JannyAI/JannyAI/bin/Debug/net9.0/temp_downloads/Draco Malfoy.card.png, size: 735789 bytes
[2025-07-14 11:14:08] File download confirmed for 7c633224-d15a-4db9-9651-56195a5653c6 - stable size: 735789 bytes
[2025-07-14 11:14:08] Moving file from /Users/txcslm/~RIDER/JannyAI/JannyAI/bin/Debug/net9.0/temp_downloads/Draco Malfoy.card.png to /Users/txcslm/~RIDER/JannyAI/JannyAI/bin/Debug/net9.0/jannyai_characters/7c633224-d15a-4db9-9651-56195a5653c6.png
[2025-07-14 11:14:08] File successfully saved for 7c633224-d15a-4db9-9651-56195a5653c6, size: 735789 bytes
[2025-07-14 11:14:09] Returned to list page after downloading 7c633224-d15a-4db9-9651-56195a5653c6
[2025-07-14 11:14:09] SUCCESS: Character 7c633224-d15a-4db9-9651-56195a5653c6 downloaded successfully
[2025-07-14 11:14:09] Processing character 25/40: 120c1e50-e362-429e-a4ab-0783c0d7ea34, URL: https://jannyai.com/characters/120c1e50-e362-429e-a4ab-0783c0d7ea34_character-may-d-monde
[2025-07-14 11:14:09] Download attempt 1/3 for character 120c1e50-e362-429e-a4ab-0783c0d7ea34
[2025-07-14 11:14:11] Navigated to character page: https://jannyai.com/characters/120c1e50-e362-429e-a4ab-0783c0d7ea34_character-may-d-monde
[2025-07-14 11:14:11] Download button found for character 120c1e50-e362-429e-a4ab-0783c0d7ea34
[2025-07-14 11:14:11] Files before download: 0 for character 120c1e50-e362-429e-a4ab-0783c0d7ea34
[2025-07-14 11:14:11] Download button clicked for character 120c1e50-e362-429e-a4ab-0783c0d7ea34
[2025-07-14 11:14:11] Waiting for download file for character 120c1e50-e362-429e-a4ab-0783c0d7ea34, files before: 0
[2025-07-14 11:14:11] New file detected for 120c1e50-e362-429e-a4ab-0783c0d7ea34: /Users/txcslm/~RIDER/JannyAI/JannyAI/bin/Debug/net9.0/temp_downloads/May.D.Monde.card.png, size: 590439 bytes
[2025-07-14 11:14:12] File download confirmed for 120c1e50-e362-429e-a4ab-0783c0d7ea34 - stable size: 590439 bytes
[2025-07-14 11:14:12] Moving file from /Users/txcslm/~RIDER/JannyAI/JannyAI/bin/Debug/net9.0/temp_downloads/May.D.Monde.card.png to /Users/txcslm/~RIDER/JannyAI/JannyAI/bin/Debug/net9.0/jannyai_characters/120c1e50-e362-429e-a4ab-0783c0d7ea34.png
[2025-07-14 11:14:12] File successfully saved for 120c1e50-e362-429e-a4ab-0783c0d7ea34, size: 590439 bytes
[2025-07-14 11:14:13] Returned to list page after downloading 120c1e50-e362-429e-a4ab-0783c0d7ea34
[2025-07-14 11:14:13] SUCCESS: Character 120c1e50-e362-429e-a4ab-0783c0d7ea34 downloaded successfully
[2025-07-14 11:14:13] Processing character 26/40: 643de57c-e201-4c82-9a75-7f781ca9f0a5, URL: https://jannyai.com/characters/643de57c-e201-4c82-9a75-7f781ca9f0a5_character-kenma
[2025-07-14 11:14:13] Download attempt 1/3 for character 643de57c-e201-4c82-9a75-7f781ca9f0a5
[2025-07-14 11:14:14] Navigated to character page: https://jannyai.com/characters/643de57c-e201-4c82-9a75-7f781ca9f0a5_character-kenma
[2025-07-14 11:14:15] Download button found for character 643de57c-e201-4c82-9a75-7f781ca9f0a5
[2025-07-14 11:14:15] Files before download: 0 for character 643de57c-e201-4c82-9a75-7f781ca9f0a5
[2025-07-14 11:14:15] Download button clicked for character 643de57c-e201-4c82-9a75-7f781ca9f0a5
[2025-07-14 11:14:15] Waiting for download file for character 643de57c-e201-4c82-9a75-7f781ca9f0a5, files before: 0
[2025-07-14 11:14:15] New file detected for 643de57c-e201-4c82-9a75-7f781ca9f0a5: /Users/txcslm/~RIDER/JannyAI/JannyAI/bin/Debug/net9.0/temp_downloads/Kenma.card.png, size: 202316 bytes
[2025-07-14 11:14:15] File download confirmed for 643de57c-e201-4c82-9a75-7f781ca9f0a5 - stable size: 202316 bytes
[2025-07-14 11:14:15] Moving file from /Users/txcslm/~RIDER/JannyAI/JannyAI/bin/Debug/net9.0/temp_downloads/Kenma.card.png to /Users/txcslm/~RIDER/JannyAI/JannyAI/bin/Debug/net9.0/jannyai_characters/643de57c-e201-4c82-9a75-7f781ca9f0a5.png
[2025-07-14 11:14:15] File successfully saved for 643de57c-e201-4c82-9a75-7f781ca9f0a5, size: 202316 bytes
[2025-07-14 11:14:17] Returned to list page after downloading 643de57c-e201-4c82-9a75-7f781ca9f0a5
[2025-07-14 11:14:17] SUCCESS: Character 643de57c-e201-4c82-9a75-7f781ca9f0a5 downloaded successfully
[2025-07-14 11:14:17] Processing character 27/40: b694f608-7440-4222-b9e9-8130b99c4237, URL: https://jannyai.com/characters/b694f608-7440-4222-b9e9-8130b99c4237_character-spiderman-noir
[2025-07-14 11:14:17] Download attempt 1/3 for character b694f608-7440-4222-b9e9-8130b99c4237
[2025-07-14 11:14:19] Navigated to character page: https://jannyai.com/characters/b694f608-7440-4222-b9e9-8130b99c4237_character-spiderman-noir
[2025-07-14 11:14:19] Download button found for character b694f608-7440-4222-b9e9-8130b99c4237
[2025-07-14 11:14:19] Files before download: 0 for character b694f608-7440-4222-b9e9-8130b99c4237
[2025-07-14 11:14:19] Download button clicked for character b694f608-7440-4222-b9e9-8130b99c4237
[2025-07-14 11:14:19] Waiting for download file for character b694f608-7440-4222-b9e9-8130b99c4237, files before: 0
[2025-07-14 11:14:19] New file detected for b694f608-7440-4222-b9e9-8130b99c4237: /Users/txcslm/~RIDER/JannyAI/JannyAI/bin/Debug/net9.0/temp_downloads/Spiderman Noir.card.png, size: 182704 bytes
[2025-07-14 11:14:20] File download confirmed for b694f608-7440-4222-b9e9-8130b99c4237 - stable size: 182704 bytes
[2025-07-14 11:14:20] Moving file from /Users/txcslm/~RIDER/JannyAI/JannyAI/bin/Debug/net9.0/temp_downloads/Spiderman Noir.card.png to /Users/txcslm/~RIDER/JannyAI/JannyAI/bin/Debug/net9.0/jannyai_characters/b694f608-7440-4222-b9e9-8130b99c4237.png
[2025-07-14 11:14:20] File successfully saved for b694f608-7440-4222-b9e9-8130b99c4237, size: 182704 bytes
[2025-07-14 11:14:21] Returned to list page after downloading b694f608-7440-4222-b9e9-8130b99c4237
[2025-07-14 11:14:21] SUCCESS: Character b694f608-7440-4222-b9e9-8130b99c4237 downloaded successfully
[2025-07-14 11:14:21] Processing character 28/40: cbf7f914-9af3-401e-8fe9-ef0fb7669fea, URL: https://jannyai.com/characters/cbf7f914-9af3-401e-8fe9-ef0fb7669fea_character-ghost-with-piercings
[2025-07-14 11:14:21] Download attempt 1/3 for character cbf7f914-9af3-401e-8fe9-ef0fb7669fea
[2025-07-14 11:14:23] Navigated to character page: https://jannyai.com/characters/cbf7f914-9af3-401e-8fe9-ef0fb7669fea_character-ghost-with-piercings
[2025-07-14 11:14:23] Download button found for character cbf7f914-9af3-401e-8fe9-ef0fb7669fea
[2025-07-14 11:14:23] Files before download: 0 for character cbf7f914-9af3-401e-8fe9-ef0fb7669fea
[2025-07-14 11:14:23] Download button clicked for character cbf7f914-9af3-401e-8fe9-ef0fb7669fea
[2025-07-14 11:14:23] Waiting for download file for character cbf7f914-9af3-401e-8fe9-ef0fb7669fea, files before: 0
[2025-07-14 11:14:23] New file detected for cbf7f914-9af3-401e-8fe9-ef0fb7669fea: /Users/txcslm/~RIDER/JannyAI/JannyAI/bin/Debug/net9.0/temp_downloads/Ghost (With Piercings).card.png, size: 288514 bytes
[2025-07-14 11:14:24] File download confirmed for cbf7f914-9af3-401e-8fe9-ef0fb7669fea - stable size: 288514 bytes
[2025-07-14 11:14:24] Moving file from /Users/txcslm/~RIDER/JannyAI/JannyAI/bin/Debug/net9.0/temp_downloads/Ghost (With Piercings).card.png to /Users/txcslm/~RIDER/JannyAI/JannyAI/bin/Debug/net9.0/jannyai_characters/cbf7f914-9af3-401e-8fe9-ef0fb7669fea.png
[2025-07-14 11:14:24] File successfully saved for cbf7f914-9af3-401e-8fe9-ef0fb7669fea, size: 288514 bytes
[2025-07-14 11:14:25] Returned to list page after downloading cbf7f914-9af3-401e-8fe9-ef0fb7669fea
[2025-07-14 11:14:25] SUCCESS: Character cbf7f914-9af3-401e-8fe9-ef0fb7669fea downloaded successfully
[2025-07-14 11:14:25] Processing character 29/40: d8e9e60d-52ba-4f8a-a095-0f915f518c0b, URL: https://jannyai.com/characters/d8e9e60d-52ba-4f8a-a095-0f915f518c0b_character-mitsuri-kanroji
[2025-07-14 11:14:25] Download attempt 1/3 for character d8e9e60d-52ba-4f8a-a095-0f915f518c0b
[2025-07-14 11:14:27] Navigated to character page: https://jannyai.com/characters/d8e9e60d-52ba-4f8a-a095-0f915f518c0b_character-mitsuri-kanroji
[2025-07-14 11:14:27] Download button found for character d8e9e60d-52ba-4f8a-a095-0f915f518c0b
[2025-07-14 11:14:27] Files before download: 0 for character d8e9e60d-52ba-4f8a-a095-0f915f518c0b
[2025-07-14 11:14:27] Download button clicked for character d8e9e60d-52ba-4f8a-a095-0f915f518c0b
[2025-07-14 11:14:27] Waiting for download file for character d8e9e60d-52ba-4f8a-a095-0f915f518c0b, files before: 0
[2025-07-14 11:14:27] New file detected for d8e9e60d-52ba-4f8a-a095-0f915f518c0b: /Users/txcslm/~RIDER/JannyAI/JannyAI/bin/Debug/net9.0/temp_downloads/Mitsuri kanroji.card.png, size: 752050 bytes
[2025-07-14 11:14:27] File download confirmed for d8e9e60d-52ba-4f8a-a095-0f915f518c0b - stable size: 752050 bytes
[2025-07-14 11:14:27] Moving file from /Users/txcslm/~RIDER/JannyAI/JannyAI/bin/Debug/net9.0/temp_downloads/Mitsuri kanroji.card.png to /Users/txcslm/~RIDER/JannyAI/JannyAI/bin/Debug/net9.0/jannyai_characters/d8e9e60d-52ba-4f8a-a095-0f915f518c0b.png
[2025-07-14 11:14:27] File successfully saved for d8e9e60d-52ba-4f8a-a095-0f915f518c0b, size: 752050 bytes
[2025-07-14 11:14:29] Returned to list page after downloading d8e9e60d-52ba-4f8a-a095-0f915f518c0b
[2025-07-14 11:14:29] SUCCESS: Character d8e9e60d-52ba-4f8a-a095-0f915f518c0b downloaded successfully
[2025-07-14 11:14:29] Processing character 30/40: 21229390-e184-4479-a558-09900c91198e, URL: https://jannyai.com/characters/21229390-e184-4479-a558-09900c91198e_character-raeve-axefell
[2025-07-14 11:14:29] Download attempt 1/3 for character 21229390-e184-4479-a558-09900c91198e
[2025-07-14 11:14:30] Navigated to character page: https://jannyai.com/characters/21229390-e184-4479-a558-09900c91198e_character-raeve-axefell
[2025-07-14 11:14:31] Download button found for character 21229390-e184-4479-a558-09900c91198e
[2025-07-14 11:14:31] Files before download: 0 for character 21229390-e184-4479-a558-09900c91198e
[2025-07-14 11:14:31] Download button clicked for character 21229390-e184-4479-a558-09900c91198e
[2025-07-14 11:14:31] Waiting for download file for character 21229390-e184-4479-a558-09900c91198e, files before: 0
[2025-07-14 11:14:31] New file detected for 21229390-e184-4479-a558-09900c91198e: /Users/txcslm/~RIDER/JannyAI/JannyAI/bin/Debug/net9.0/temp_downloads/Raeve Axefell.card.png, size: 891069 bytes
[2025-07-14 11:14:31] File download confirmed for 21229390-e184-4479-a558-09900c91198e - stable size: 891069 bytes
[2025-07-14 11:14:31] Moving file from /Users/txcslm/~RIDER/JannyAI/JannyAI/bin/Debug/net9.0/temp_downloads/Raeve Axefell.card.png to /Users/txcslm/~RIDER/JannyAI/JannyAI/bin/Debug/net9.0/jannyai_characters/21229390-e184-4479-a558-09900c91198e.png
[2025-07-14 11:14:31] File successfully saved for 21229390-e184-4479-a558-09900c91198e, size: 891069 bytes
[2025-07-14 11:14:33] Returned to list page after downloading 21229390-e184-4479-a558-09900c91198e
[2025-07-14 11:14:33] SUCCESS: Character 21229390-e184-4479-a558-09900c91198e downloaded successfully
[2025-07-14 11:14:33] Processing character 31/40: d9a26d24-761b-4335-9776-c4b16491ff96, URL: https://jannyai.com/characters/d9a26d24-761b-4335-9776-c4b16491ff96_character-levithan
[2025-07-14 11:14:33] Download attempt 1/3 for character d9a26d24-761b-4335-9776-c4b16491ff96
[2025-07-14 11:14:34] Navigated to character page: https://jannyai.com/characters/d9a26d24-761b-4335-9776-c4b16491ff96_character-levithan
[2025-07-14 11:14:35] Download button found for character d9a26d24-761b-4335-9776-c4b16491ff96
[2025-07-14 11:14:35] Files before download: 0 for character d9a26d24-761b-4335-9776-c4b16491ff96
[2025-07-14 11:14:35] Download button clicked for character d9a26d24-761b-4335-9776-c4b16491ff96
[2025-07-14 11:14:35] Waiting for download file for character d9a26d24-761b-4335-9776-c4b16491ff96, files before: 0
[2025-07-14 11:14:35] New file detected for d9a26d24-761b-4335-9776-c4b16491ff96: /Users/txcslm/~RIDER/JannyAI/JannyAI/bin/Debug/net9.0/temp_downloads/Levithan.card.png, size: 268119 bytes
[2025-07-14 11:14:35] File download confirmed for d9a26d24-761b-4335-9776-c4b16491ff96 - stable size: 268119 bytes
[2025-07-14 11:14:35] Moving file from /Users/txcslm/~RIDER/JannyAI/JannyAI/bin/Debug/net9.0/temp_downloads/Levithan.card.png to /Users/txcslm/~RIDER/JannyAI/JannyAI/bin/Debug/net9.0/jannyai_characters/d9a26d24-761b-4335-9776-c4b16491ff96.png
[2025-07-14 11:14:35] File successfully saved for d9a26d24-761b-4335-9776-c4b16491ff96, size: 268119 bytes
[2025-07-14 11:14:37] Returned to list page after downloading d9a26d24-761b-4335-9776-c4b16491ff96
[2025-07-14 11:14:37] SUCCESS: Character d9a26d24-761b-4335-9776-c4b16491ff96 downloaded successfully
[2025-07-14 11:14:37] Processing character 32/40: 108a0827-6e7b-441f-9519-14d6539bbeea, URL: https://jannyai.com/characters/108a0827-6e7b-441f-9519-14d6539bbeea_character-jungkook
[2025-07-14 11:14:37] Download attempt 1/3 for character 108a0827-6e7b-441f-9519-14d6539bbeea
[2025-07-14 11:14:38] Navigated to character page: https://jannyai.com/characters/108a0827-6e7b-441f-9519-14d6539bbeea_character-jungkook
[2025-07-14 11:14:38] Download button found for character 108a0827-6e7b-441f-9519-14d6539bbeea
[2025-07-14 11:14:38] Files before download: 0 for character 108a0827-6e7b-441f-9519-14d6539bbeea
[2025-07-14 11:14:38] Download button clicked for character 108a0827-6e7b-441f-9519-14d6539bbeea
[2025-07-14 11:14:38] Waiting for download file for character 108a0827-6e7b-441f-9519-14d6539bbeea, files before: 0
[2025-07-14 11:14:39] New file detected for 108a0827-6e7b-441f-9519-14d6539bbeea: /Users/txcslm/~RIDER/JannyAI/JannyAI/bin/Debug/net9.0/temp_downloads/Jungkook.card.png, size: 501312 bytes
[2025-07-14 11:14:39] File download confirmed for 108a0827-6e7b-441f-9519-14d6539bbeea - stable size: 501312 bytes
[2025-07-14 11:14:39] Moving file from /Users/txcslm/~RIDER/JannyAI/JannyAI/bin/Debug/net9.0/temp_downloads/Jungkook.card.png to /Users/txcslm/~RIDER/JannyAI/JannyAI/bin/Debug/net9.0/jannyai_characters/108a0827-6e7b-441f-9519-14d6539bbeea.png
[2025-07-14 11:14:39] File successfully saved for 108a0827-6e7b-441f-9519-14d6539bbeea, size: 501312 bytes
[2025-07-14 11:14:41] Returned to list page after downloading 108a0827-6e7b-441f-9519-14d6539bbeea
[2025-07-14 11:14:41] SUCCESS: Character 108a0827-6e7b-441f-9519-14d6539bbeea downloaded successfully
[2025-07-14 11:14:41] Processing character 33/40: 707ee951-bf64-411e-8366-4a0a9b6d2d4e, URL: https://jannyai.com/characters/707ee951-bf64-411e-8366-4a0a9b6d2d4e_character-edgar-valden
[2025-07-14 11:14:41] Download attempt 1/3 for character 707ee951-bf64-411e-8366-4a0a9b6d2d4e
[2025-07-14 11:14:42] Navigated to character page: https://jannyai.com/characters/707ee951-bf64-411e-8366-4a0a9b6d2d4e_character-edgar-valden
[2025-07-14 11:14:42] Download button found for character 707ee951-bf64-411e-8366-4a0a9b6d2d4e
[2025-07-14 11:14:42] Files before download: 0 for character 707ee951-bf64-411e-8366-4a0a9b6d2d4e
[2025-07-14 11:14:42] Download button clicked for character 707ee951-bf64-411e-8366-4a0a9b6d2d4e
[2025-07-14 11:14:42] Waiting for download file for character 707ee951-bf64-411e-8366-4a0a9b6d2d4e, files before: 0
[2025-07-14 11:14:43] Download timeout for character 707ee951-bf64-411e-8366-4a0a9b6d2d4e after 800ms
[2025-07-14 11:14:43] WARNING: Файл не скачался для персонажа 707ee951-bf64-411e-8366-4a0a9b6d2d4e (попытка 1)
[2025-07-14 11:14:45] Download attempt 2/3 for character 707ee951-bf64-411e-8366-4a0a9b6d2d4e
[2025-07-14 11:14:46] Navigated to character page: https://jannyai.com/characters/707ee951-bf64-411e-8366-4a0a9b6d2d4e_character-edgar-valden
[2025-07-14 11:14:46] Download button found for character 707ee951-bf64-411e-8366-4a0a9b6d2d4e
[2025-07-14 11:14:46] Files before download: 0 for character 707ee951-bf64-411e-8366-4a0a9b6d2d4e
[2025-07-14 11:14:46] Download button clicked for character 707ee951-bf64-411e-8366-4a0a9b6d2d4e
[2025-07-14 11:14:46] Waiting for download file for character 707ee951-bf64-411e-8366-4a0a9b6d2d4e, files before: 0
[2025-07-14 11:14:47] Download timeout for character 707ee951-bf64-411e-8366-4a0a9b6d2d4e after 800ms
[2025-07-14 11:14:47] WARNING: Файл не скачался для персонажа 707ee951-bf64-411e-8366-4a0a9b6d2d4e (попытка 2)
[2025-07-14 11:14:48] Download attempt 3/3 for character 707ee951-bf64-411e-8366-4a0a9b6d2d4e
[2025-07-14 11:14:49] Navigated to character page: https://jannyai.com/characters/707ee951-bf64-411e-8366-4a0a9b6d2d4e_character-edgar-valden
[2025-07-14 11:14:49] Download button found for character 707ee951-bf64-411e-8366-4a0a9b6d2d4e
[2025-07-14 11:14:49] Files before download: 0 for character 707ee951-bf64-411e-8366-4a0a9b6d2d4e
[2025-07-14 11:14:49] Download button clicked for character 707ee951-bf64-411e-8366-4a0a9b6d2d4e
[2025-07-14 11:14:49] Waiting for download file for character 707ee951-bf64-411e-8366-4a0a9b6d2d4e, files before: 0
[2025-07-14 11:14:50] Download timeout for character 707ee951-bf64-411e-8366-4a0a9b6d2d4e after 800ms
[2025-07-14 11:14:50] WARNING: Файл не скачался для персонажа 707ee951-bf64-411e-8366-4a0a9b6d2d4e (попытка 3)
[2025-07-14 11:14:52] FAILED: Could not download character 707ee951-bf64-411e-8366-4a0a9b6d2d4e
[2025-07-14 11:14:52] Processing character 34/40: b26b97e7-3d53-4f1a-9073-c5e0cbddf8b3, URL: https://jannyai.com/characters/b26b97e7-3d53-4f1a-9073-c5e0cbddf8b3_character-pasukaru
[2025-07-14 11:14:52] Download attempt 1/3 for character b26b97e7-3d53-4f1a-9073-c5e0cbddf8b3
[2025-07-14 11:14:53] Navigated to character page: https://jannyai.com/characters/b26b97e7-3d53-4f1a-9073-c5e0cbddf8b3_character-pasukaru
[2025-07-14 11:14:53] Download button found for character b26b97e7-3d53-4f1a-9073-c5e0cbddf8b3
[2025-07-14 11:14:53] Files before download: 0 for character b26b97e7-3d53-4f1a-9073-c5e0cbddf8b3
[2025-07-14 11:14:53] Download button clicked for character b26b97e7-3d53-4f1a-9073-c5e0cbddf8b3
[2025-07-14 11:14:53] Waiting for download file for character b26b97e7-3d53-4f1a-9073-c5e0cbddf8b3, files before: 0
[2025-07-14 11:14:54] Download timeout for character b26b97e7-3d53-4f1a-9073-c5e0cbddf8b3 after 800ms
[2025-07-14 11:14:54] WARNING: Файл не скачался для персонажа b26b97e7-3d53-4f1a-9073-c5e0cbddf8b3 (попытка 1)
[2025-07-14 11:14:56] Download attempt 2/3 for character b26b97e7-3d53-4f1a-9073-c5e0cbddf8b3
[2025-07-14 11:14:57] Navigated to character page: https://jannyai.com/characters/b26b97e7-3d53-4f1a-9073-c5e0cbddf8b3_character-pasukaru
[2025-07-14 11:14:57] Download button found for character b26b97e7-3d53-4f1a-9073-c5e0cbddf8b3
[2025-07-14 11:14:57] Files before download: 0 for character b26b97e7-3d53-4f1a-9073-c5e0cbddf8b3
[2025-07-14 11:14:57] Download button clicked for character b26b97e7-3d53-4f1a-9073-c5e0cbddf8b3
[2025-07-14 11:14:57] Waiting for download file for character b26b97e7-3d53-4f1a-9073-c5e0cbddf8b3, files before: 0
[2025-07-14 11:14:58] Download timeout for character b26b97e7-3d53-4f1a-9073-c5e0cbddf8b3 after 800ms
[2025-07-14 11:14:58] WARNING: Файл не скачался для персонажа b26b97e7-3d53-4f1a-9073-c5e0cbddf8b3 (попытка 2)
[2025-07-14 11:14:59] Download attempt 3/3 for character b26b97e7-3d53-4f1a-9073-c5e0cbddf8b3
[2025-07-14 11:15:01] Navigated to character page: https://jannyai.com/characters/b26b97e7-3d53-4f1a-9073-c5e0cbddf8b3_character-pasukaru
[2025-07-14 11:15:01] Download button found for character b26b97e7-3d53-4f1a-9073-c5e0cbddf8b3
[2025-07-14 11:15:01] Files before download: 0 for character b26b97e7-3d53-4f1a-9073-c5e0cbddf8b3
[2025-07-14 11:15:01] Download button clicked for character b26b97e7-3d53-4f1a-9073-c5e0cbddf8b3
[2025-07-14 11:15:01] Waiting for download file for character b26b97e7-3d53-4f1a-9073-c5e0cbddf8b3, files before: 0
[2025-07-14 11:15:02] Download timeout for character b26b97e7-3d53-4f1a-9073-c5e0cbddf8b3 after 800ms
[2025-07-14 11:15:02] WARNING: Файл не скачался для персонажа b26b97e7-3d53-4f1a-9073-c5e0cbddf8b3 (попытка 3)
[2025-07-14 11:15:03] FAILED: Could not download character b26b97e7-3d53-4f1a-9073-c5e0cbddf8b3
[2025-07-14 11:15:03] Processing character 35/40: f24295e0-9c04-419d-84d3-13a56fa67372, URL: https://jannyai.com/characters/f24295e0-9c04-419d-84d3-13a56fa67372_character-jeff-lynne
[2025-07-14 11:15:03] Download attempt 1/3 for character f24295e0-9c04-419d-84d3-13a56fa67372
[2025-07-14 11:15:04] Navigated to character page: https://jannyai.com/characters/f24295e0-9c04-419d-84d3-13a56fa67372_character-jeff-lynne
[2025-07-14 11:15:04] Download button found for character f24295e0-9c04-419d-84d3-13a56fa67372
[2025-07-14 11:15:04] Files before download: 0 for character f24295e0-9c04-419d-84d3-13a56fa67372
[2025-07-14 11:15:04] Download button clicked for character f24295e0-9c04-419d-84d3-13a56fa67372
[2025-07-14 11:15:04] Waiting for download file for character f24295e0-9c04-419d-84d3-13a56fa67372, files before: 0
[2025-07-14 11:15:05] New file detected for f24295e0-9c04-419d-84d3-13a56fa67372: /Users/txcslm/~RIDER/JannyAI/JannyAI/bin/Debug/net9.0/temp_downloads/Jeff Lynne.card.png, size: 41125 bytes
[2025-07-14 11:15:05] File download confirmed for f24295e0-9c04-419d-84d3-13a56fa67372 - stable size: 41125 bytes
[2025-07-14 11:15:05] Moving file from /Users/txcslm/~RIDER/JannyAI/JannyAI/bin/Debug/net9.0/temp_downloads/Jeff Lynne.card.png to /Users/txcslm/~RIDER/JannyAI/JannyAI/bin/Debug/net9.0/jannyai_characters/f24295e0-9c04-419d-84d3-13a56fa67372.png
[2025-07-14 11:15:05] File successfully saved for f24295e0-9c04-419d-84d3-13a56fa67372, size: 41125 bytes
[2025-07-14 11:15:06] Returned to list page after downloading f24295e0-9c04-419d-84d3-13a56fa67372
[2025-07-14 11:15:06] SUCCESS: Character f24295e0-9c04-419d-84d3-13a56fa67372 downloaded successfully
[2025-07-14 11:15:07] Processing character 36/40: e32e1bd8-4b2a-45cc-904a-417f142aa623, URL: https://jannyai.com/characters/e32e1bd8-4b2a-45cc-904a-417f142aa623_character-scaramouche
[2025-07-14 11:15:07] Download attempt 1/3 for character e32e1bd8-4b2a-45cc-904a-417f142aa623
[2025-07-14 11:15:08] Navigated to character page: https://jannyai.com/characters/e32e1bd8-4b2a-45cc-904a-417f142aa623_character-scaramouche
[2025-07-14 11:15:08] Download button found for character e32e1bd8-4b2a-45cc-904a-417f142aa623
[2025-07-14 11:15:08] Files before download: 0 for character e32e1bd8-4b2a-45cc-904a-417f142aa623
[2025-07-14 11:15:08] Download button clicked for character e32e1bd8-4b2a-45cc-904a-417f142aa623
[2025-07-14 11:15:08] Waiting for download file for character e32e1bd8-4b2a-45cc-904a-417f142aa623, files before: 0
[2025-07-14 11:15:08] New file detected for e32e1bd8-4b2a-45cc-904a-417f142aa623: /Users/txcslm/~RIDER/JannyAI/JannyAI/bin/Debug/net9.0/temp_downloads/Scaramouche .card.png, size: 656563 bytes
[2025-07-14 11:15:09] File download confirmed for e32e1bd8-4b2a-45cc-904a-417f142aa623 - stable size: 656563 bytes
[2025-07-14 11:15:09] Moving file from /Users/txcslm/~RIDER/JannyAI/JannyAI/bin/Debug/net9.0/temp_downloads/Scaramouche .card.png to /Users/txcslm/~RIDER/JannyAI/JannyAI/bin/Debug/net9.0/jannyai_characters/e32e1bd8-4b2a-45cc-904a-417f142aa623.png
[2025-07-14 11:15:09] File successfully saved for e32e1bd8-4b2a-45cc-904a-417f142aa623, size: 656563 bytes
[2025-07-14 11:15:10] Returned to list page after downloading e32e1bd8-4b2a-45cc-904a-417f142aa623
[2025-07-14 11:15:10] SUCCESS: Character e32e1bd8-4b2a-45cc-904a-417f142aa623 downloaded successfully
[2025-07-14 11:15:10] Processing character 37/40: 036d5e17-ed8c-4e90-97c4-234b9abeaa2d, URL: https://jannyai.com/characters/036d5e17-ed8c-4e90-97c4-234b9abeaa2d_character-lip-gallagher
[2025-07-14 11:15:10] Download attempt 1/3 for character 036d5e17-ed8c-4e90-97c4-234b9abeaa2d
[2025-07-14 11:15:12] Navigated to character page: https://jannyai.com/characters/036d5e17-ed8c-4e90-97c4-234b9abeaa2d_character-lip-gallagher
[2025-07-14 11:15:12] Download button found for character 036d5e17-ed8c-4e90-97c4-234b9abeaa2d
[2025-07-14 11:15:12] Files before download: 0 for character 036d5e17-ed8c-4e90-97c4-234b9abeaa2d
[2025-07-14 11:15:12] Download button clicked for character 036d5e17-ed8c-4e90-97c4-234b9abeaa2d
[2025-07-14 11:15:12] Waiting for download file for character 036d5e17-ed8c-4e90-97c4-234b9abeaa2d, files before: 0
[2025-07-14 11:15:12] New file detected for 036d5e17-ed8c-4e90-97c4-234b9abeaa2d: /Users/txcslm/~RIDER/JannyAI/JannyAI/bin/Debug/net9.0/temp_downloads/Lip Gallagher .card.png, size: 487466 bytes
[2025-07-14 11:15:13] File download confirmed for 036d5e17-ed8c-4e90-97c4-234b9abeaa2d - stable size: 487466 bytes
[2025-07-14 11:15:13] Moving file from /Users/txcslm/~RIDER/JannyAI/JannyAI/bin/Debug/net9.0/temp_downloads/Lip Gallagher .card.png to /Users/txcslm/~RIDER/JannyAI/JannyAI/bin/Debug/net9.0/jannyai_characters/036d5e17-ed8c-4e90-97c4-234b9abeaa2d.png
[2025-07-14 11:15:13] File successfully saved for 036d5e17-ed8c-4e90-97c4-234b9abeaa2d, size: 487466 bytes
[2025-07-14 11:15:14] Returned to list page after downloading 036d5e17-ed8c-4e90-97c4-234b9abeaa2d
[2025-07-14 11:15:14] SUCCESS: Character 036d5e17-ed8c-4e90-97c4-234b9abeaa2d downloaded successfully
[2025-07-14 11:15:14] Processing character 38/40: eec1ad17-30f0-4ec9-8e17-d2421e76f3d7, URL: https://jannyai.com/characters/eec1ad17-30f0-4ec9-8e17-d2421e76f3d7_character-dohwa-baek
[2025-07-14 11:15:14] Download attempt 1/3 for character eec1ad17-30f0-4ec9-8e17-d2421e76f3d7
[2025-07-14 11:15:15] Navigated to character page: https://jannyai.com/characters/eec1ad17-30f0-4ec9-8e17-d2421e76f3d7_character-dohwa-baek
[2025-07-14 11:15:16] Download button found for character eec1ad17-30f0-4ec9-8e17-d2421e76f3d7
[2025-07-14 11:15:16] Files before download: 0 for character eec1ad17-30f0-4ec9-8e17-d2421e76f3d7
[2025-07-14 11:15:16] Download button clicked for character eec1ad17-30f0-4ec9-8e17-d2421e76f3d7
[2025-07-14 11:15:16] Waiting for download file for character eec1ad17-30f0-4ec9-8e17-d2421e76f3d7, files before: 0
[2025-07-14 11:15:16] New file detected for eec1ad17-30f0-4ec9-8e17-d2421e76f3d7: /Users/txcslm/~RIDER/JannyAI/JannyAI/bin/Debug/net9.0/temp_downloads/Dohwa Baek.card.png, size: 563187 bytes
[2025-07-14 11:15:16] File download confirmed for eec1ad17-30f0-4ec9-8e17-d2421e76f3d7 - stable size: 563187 bytes
[2025-07-14 11:15:16] Moving file from /Users/txcslm/~RIDER/JannyAI/JannyAI/bin/Debug/net9.0/temp_downloads/Dohwa Baek.card.png to /Users/txcslm/~RIDER/JannyAI/JannyAI/bin/Debug/net9.0/jannyai_characters/eec1ad17-30f0-4ec9-8e17-d2421e76f3d7.png
[2025-07-14 11:15:16] File successfully saved for eec1ad17-30f0-4ec9-8e17-d2421e76f3d7, size: 563187 bytes
[2025-07-14 11:15:18] Returned to list page after downloading eec1ad17-30f0-4ec9-8e17-d2421e76f3d7
[2025-07-14 11:15:18] SUCCESS: Character eec1ad17-30f0-4ec9-8e17-d2421e76f3d7 downloaded successfully
[2025-07-14 11:15:18] Processing character 39/40: 4cae97b7-bbf8-4a46-94cd-0308dd2e1326, URL: https://jannyai.com/characters/4cae97b7-bbf8-4a46-94cd-0308dd2e1326_character-gogeta
[2025-07-14 11:15:18] Download attempt 1/3 for character 4cae97b7-bbf8-4a46-94cd-0308dd2e1326
[2025-07-14 11:15:19] Navigated to character page: https://jannyai.com/characters/4cae97b7-bbf8-4a46-94cd-0308dd2e1326_character-gogeta
[2025-07-14 11:15:19] Download button found for character 4cae97b7-bbf8-4a46-94cd-0308dd2e1326
[2025-07-14 11:15:19] Files before download: 0 for character 4cae97b7-bbf8-4a46-94cd-0308dd2e1326
[2025-07-14 11:15:19] Download button clicked for character 4cae97b7-bbf8-4a46-94cd-0308dd2e1326
[2025-07-14 11:15:19] Waiting for download file for character 4cae97b7-bbf8-4a46-94cd-0308dd2e1326, files before: 0
[2025-07-14 11:15:19] New file detected for 4cae97b7-bbf8-4a46-94cd-0308dd2e1326: /Users/txcslm/~RIDER/JannyAI/JannyAI/bin/Debug/net9.0/temp_downloads/Gogeta.card.png, size: 712702 bytes
[2025-07-14 11:15:20] File download confirmed for 4cae97b7-bbf8-4a46-94cd-0308dd2e1326 - stable size: 712702 bytes
[2025-07-14 11:15:20] Moving file from /Users/txcslm/~RIDER/JannyAI/JannyAI/bin/Debug/net9.0/temp_downloads/Gogeta.card.png to /Users/txcslm/~RIDER/JannyAI/JannyAI/bin/Debug/net9.0/jannyai_characters/4cae97b7-bbf8-4a46-94cd-0308dd2e1326.png
[2025-07-14 11:15:20] File successfully saved for 4cae97b7-bbf8-4a46-94cd-0308dd2e1326, size: 712702 bytes
[2025-07-14 11:15:21] Returned to list page after downloading 4cae97b7-bbf8-4a46-94cd-0308dd2e1326
[2025-07-14 11:15:21] SUCCESS: Character 4cae97b7-bbf8-4a46-94cd-0308dd2e1326 downloaded successfully
[2025-07-14 11:15:21] Processing character 40/40: f3434894-968e-4225-b41d-069ef77d041e, URL: https://jannyai.com/characters/f3434894-968e-4225-b41d-069ef77d041e_character-spider-man-ethan-landry
[2025-07-14 11:15:21] Download attempt 1/3 for character f3434894-968e-4225-b41d-069ef77d041e
[2025-07-14 11:15:24] Navigated to character page: https://jannyai.com/characters/f3434894-968e-4225-b41d-069ef77d041e_character-spider-man-ethan-landry
[2025-07-14 11:15:24] Download button found for character f3434894-968e-4225-b41d-069ef77d041e
[2025-07-14 11:15:24] Files before download: 0 for character f3434894-968e-4225-b41d-069ef77d041e
[2025-07-14 11:15:24] Download button clicked for character f3434894-968e-4225-b41d-069ef77d041e
[2025-07-14 11:15:24] Waiting for download file for character f3434894-968e-4225-b41d-069ef77d041e, files before: 0
[2025-07-14 11:15:24] New file detected for f3434894-968e-4225-b41d-069ef77d041e: /Users/txcslm/~RIDER/JannyAI/JannyAI/bin/Debug/net9.0/temp_downloads/Spider-Man!Ethan Landry.card.png, size: 706977 bytes
[2025-07-14 11:15:25] File download confirmed for f3434894-968e-4225-b41d-069ef77d041e - stable size: 706977 bytes
[2025-07-14 11:15:25] Moving file from /Users/txcslm/~RIDER/JannyAI/JannyAI/bin/Debug/net9.0/temp_downloads/Spider-Man!Ethan Landry.card.png to /Users/txcslm/~RIDER/JannyAI/JannyAI/bin/Debug/net9.0/jannyai_characters/f3434894-968e-4225-b41d-069ef77d041e.png
[2025-07-14 11:15:25] File successfully saved for f3434894-968e-4225-b41d-069ef77d041e, size: 706977 bytes
[2025-07-14 11:15:26] Returned to list page after downloading f3434894-968e-4225-b41d-069ef77d041e
[2025-07-14 11:15:26] SUCCESS: Character f3434894-968e-4225-b41d-069ef77d041e downloaded successfully
[2025-07-14 11:15:26] Завершена обработка страницы 21687, обработано персонажей: 37
[2025-07-14 11:15:26] Страница 21687 завершена - обработано: 37, всего: 227
[2025-07-14 11:15:26] Attempting to go to previous page from 21687
[2025-07-14 11:15:26] Navigating to previous page: 21686
[2025-07-14 11:15:34] Successfully navigated to page 21686
[2025-07-14 11:15:35] Начало обработки страницы 21686
[2025-07-14 11:15:35] Грид персонажей загружен на странице 21686
[2025-07-14 11:15:35] Сохранен URL страницы для возврата: https://jannyai.com/?page=21686
[2025-07-14 11:15:35] Processing character 1/40: bb0cccbf-4ebe-44bc-a3d6-dcdc2e4f3d79, URL: https://jannyai.com/characters/bb0cccbf-4ebe-44bc-a3d6-dcdc2e4f3d79_character-zoro
[2025-07-14 11:15:35] Download attempt 1/3 for character bb0cccbf-4ebe-44bc-a3d6-dcdc2e4f3d79
[2025-07-14 11:15:36] Navigated to character page: https://jannyai.com/characters/bb0cccbf-4ebe-44bc-a3d6-dcdc2e4f3d79_character-zoro
[2025-07-14 11:15:37] Download button found for character bb0cccbf-4ebe-44bc-a3d6-dcdc2e4f3d79
[2025-07-14 11:15:37] Files before download: 0 for character bb0cccbf-4ebe-44bc-a3d6-dcdc2e4f3d79
[2025-07-14 11:15:37] Download button clicked for character bb0cccbf-4ebe-44bc-a3d6-dcdc2e4f3d79
[2025-07-14 11:15:37] Waiting for download file for character bb0cccbf-4ebe-44bc-a3d6-dcdc2e4f3d79, files before: 0
[2025-07-14 11:15:37] New file detected for bb0cccbf-4ebe-44bc-a3d6-dcdc2e4f3d79: /Users/txcslm/~RIDER/JannyAI/JannyAI/bin/Debug/net9.0/temp_downloads/Zoro.card.png, size: 50117 bytes
[2025-07-14 11:15:37] File download confirmed for bb0cccbf-4ebe-44bc-a3d6-dcdc2e4f3d79 - stable size: 50117 bytes
[2025-07-14 11:15:37] Moving file from /Users/txcslm/~RIDER/JannyAI/JannyAI/bin/Debug/net9.0/temp_downloads/Zoro.card.png to /Users/txcslm/~RIDER/JannyAI/JannyAI/bin/Debug/net9.0/jannyai_characters/bb0cccbf-4ebe-44bc-a3d6-dcdc2e4f3d79.png
[2025-07-14 11:15:37] File successfully saved for bb0cccbf-4ebe-44bc-a3d6-dcdc2e4f3d79, size: 50117 bytes
[2025-07-14 11:15:39] Returned to list page after downloading bb0cccbf-4ebe-44bc-a3d6-dcdc2e4f3d79
[2025-07-14 11:15:39] SUCCESS: Character bb0cccbf-4ebe-44bc-a3d6-dcdc2e4f3d79 downloaded successfully
[2025-07-14 11:15:39] Processing character 2/40: be3cdfae-fee6-4456-adbf-5c0d6e758641, URL: https://jannyai.com/characters/be3cdfae-fee6-4456-adbf-5c0d6e758641_character-ryan
[2025-07-14 11:15:39] Download attempt 1/3 for character be3cdfae-fee6-4456-adbf-5c0d6e758641
[2025-07-14 11:15:43] Navigated to character page: https://jannyai.com/characters/be3cdfae-fee6-4456-adbf-5c0d6e758641_character-ryan
[2025-07-14 11:15:43] Download button found for character be3cdfae-fee6-4456-adbf-5c0d6e758641
[2025-07-14 11:15:43] Files before download: 0 for character be3cdfae-fee6-4456-adbf-5c0d6e758641
[2025-07-14 11:15:43] Download button clicked for character be3cdfae-fee6-4456-adbf-5c0d6e758641
[2025-07-14 11:15:43] Waiting for download file for character be3cdfae-fee6-4456-adbf-5c0d6e758641, files before: 0
[2025-07-14 11:15:44] New file detected for be3cdfae-fee6-4456-adbf-5c0d6e758641: /Users/txcslm/~RIDER/JannyAI/JannyAI/bin/Debug/net9.0/temp_downloads/ryan .card.png, size: 179539 bytes
[2025-07-14 11:15:44] File download confirmed for be3cdfae-fee6-4456-adbf-5c0d6e758641 - stable size: 179539 bytes
[2025-07-14 11:15:44] Moving file from /Users/txcslm/~RIDER/JannyAI/JannyAI/bin/Debug/net9.0/temp_downloads/ryan .card.png to /Users/txcslm/~RIDER/JannyAI/JannyAI/bin/Debug/net9.0/jannyai_characters/be3cdfae-fee6-4456-adbf-5c0d6e758641.png
[2025-07-14 11:15:44] File successfully saved for be3cdfae-fee6-4456-adbf-5c0d6e758641, size: 179539 bytes
[2025-07-14 11:15:45] Returned to list page after downloading be3cdfae-fee6-4456-adbf-5c0d6e758641
[2025-07-14 11:15:45] SUCCESS: Character be3cdfae-fee6-4456-adbf-5c0d6e758641 downloaded successfully
[2025-07-14 11:15:46] Processing character 3/40: 35fb3d6c-4537-468d-97b0-78040bbdf4ea, URL: https://jannyai.com/characters/35fb3d6c-4537-468d-97b0-78040bbdf4ea_character-blair-soul-eater
[2025-07-14 11:15:46] Download attempt 1/3 for character 35fb3d6c-4537-468d-97b0-78040bbdf4ea
[2025-07-14 11:15:47] Navigated to character page: https://jannyai.com/characters/35fb3d6c-4537-468d-97b0-78040bbdf4ea_character-blair-soul-eater
[2025-07-14 11:15:47] Download button found for character 35fb3d6c-4537-468d-97b0-78040bbdf4ea
[2025-07-14 11:15:47] Files before download: 0 for character 35fb3d6c-4537-468d-97b0-78040bbdf4ea
[2025-07-14 11:15:47] Download button clicked for character 35fb3d6c-4537-468d-97b0-78040bbdf4ea
[2025-07-14 11:15:47] Waiting for download file for character 35fb3d6c-4537-468d-97b0-78040bbdf4ea, files before: 0
[2025-07-14 11:15:47] New file detected for 35fb3d6c-4537-468d-97b0-78040bbdf4ea: /Users/txcslm/~RIDER/JannyAI/JannyAI/bin/Debug/net9.0/temp_downloads/Blair [Soul Eater].card.png, size: 582888 bytes
[2025-07-14 11:15:48] File download confirmed for 35fb3d6c-4537-468d-97b0-78040bbdf4ea - stable size: 582888 bytes
[2025-07-14 11:15:48] Moving file from /Users/txcslm/~RIDER/JannyAI/JannyAI/bin/Debug/net9.0/temp_downloads/Blair [Soul Eater].card.png to /Users/txcslm/~RIDER/JannyAI/JannyAI/bin/Debug/net9.0/jannyai_characters/35fb3d6c-4537-468d-97b0-78040bbdf4ea.png
[2025-07-14 11:15:48] File successfully saved for 35fb3d6c-4537-468d-97b0-78040bbdf4ea, size: 582888 bytes
[2025-07-14 11:15:49] Returned to list page after downloading 35fb3d6c-4537-468d-97b0-78040bbdf4ea
[2025-07-14 11:15:49] SUCCESS: Character 35fb3d6c-4537-468d-97b0-78040bbdf4ea downloaded successfully
[2025-07-14 11:15:49] Processing character 4/40: 96d2625c-b17b-4f98-847d-2ca6211eb8d1, URL: https://jannyai.com/characters/96d2625c-b17b-4f98-847d-2ca6211eb8d1_character-rui-kamishiro
[2025-07-14 11:15:49] Download attempt 1/3 for character 96d2625c-b17b-4f98-847d-2ca6211eb8d1
[2025-07-14 11:15:50] Navigated to character page: https://jannyai.com/characters/96d2625c-b17b-4f98-847d-2ca6211eb8d1_character-rui-kamishiro
[2025-07-14 11:15:50] Download button found for character 96d2625c-b17b-4f98-847d-2ca6211eb8d1
[2025-07-14 11:15:50] Files before download: 0 for character 96d2625c-b17b-4f98-847d-2ca6211eb8d1
[2025-07-14 11:15:51] Download button clicked for character 96d2625c-b17b-4f98-847d-2ca6211eb8d1
[2025-07-14 11:15:51] Waiting for download file for character 96d2625c-b17b-4f98-847d-2ca6211eb8d1, files before: 0
[2025-07-14 11:15:51] New file detected for 96d2625c-b17b-4f98-847d-2ca6211eb8d1: /Users/txcslm/~RIDER/JannyAI/JannyAI/bin/Debug/net9.0/temp_downloads/Rui Kamishiro .card.png, size: 851205 bytes
[2025-07-14 11:15:51] File download confirmed for 96d2625c-b17b-4f98-847d-2ca6211eb8d1 - stable size: 851205 bytes
[2025-07-14 11:15:51] Moving file from /Users/txcslm/~RIDER/JannyAI/JannyAI/bin/Debug/net9.0/temp_downloads/Rui Kamishiro .card.png to /Users/txcslm/~RIDER/JannyAI/JannyAI/bin/Debug/net9.0/jannyai_characters/96d2625c-b17b-4f98-847d-2ca6211eb8d1.png
[2025-07-14 11:15:51] File successfully saved for 96d2625c-b17b-4f98-847d-2ca6211eb8d1, size: 851205 bytes
[2025-07-14 11:15:53] Returned to list page after downloading 96d2625c-b17b-4f98-847d-2ca6211eb8d1
[2025-07-14 11:15:53] SUCCESS: Character 96d2625c-b17b-4f98-847d-2ca6211eb8d1 downloaded successfully
[2025-07-14 11:15:53] Processing character 5/40: 0a1689b2-2ff7-41be-9400-c11698478677, URL: https://jannyai.com/characters/0a1689b2-2ff7-41be-9400-c11698478677_character-knives-millions
[2025-07-14 11:15:53] Download attempt 1/3 for character 0a1689b2-2ff7-41be-9400-c11698478677
[2025-07-14 11:15:54] Navigated to character page: https://jannyai.com/characters/0a1689b2-2ff7-41be-9400-c11698478677_character-knives-millions
[2025-07-14 11:15:54] Download button found for character 0a1689b2-2ff7-41be-9400-c11698478677
[2025-07-14 11:15:54] Files before download: 0 for character 0a1689b2-2ff7-41be-9400-c11698478677
[2025-07-14 11:15:54] Download button clicked for character 0a1689b2-2ff7-41be-9400-c11698478677
[2025-07-14 11:15:54] Waiting for download file for character 0a1689b2-2ff7-41be-9400-c11698478677, files before: 0
[2025-07-14 11:15:54] New file detected for 0a1689b2-2ff7-41be-9400-c11698478677: /Users/txcslm/~RIDER/JannyAI/JannyAI/bin/Debug/net9.0/temp_downloads/Knives Millions.card.png, size: 225571 bytes
[2025-07-14 11:15:55] File download confirmed for 0a1689b2-2ff7-41be-9400-c11698478677 - stable size: 225571 bytes
[2025-07-14 11:15:55] Moving file from /Users/txcslm/~RIDER/JannyAI/JannyAI/bin/Debug/net9.0/temp_downloads/Knives Millions.card.png to /Users/txcslm/~RIDER/JannyAI/JannyAI/bin/Debug/net9.0/jannyai_characters/0a1689b2-2ff7-41be-9400-c11698478677.png
[2025-07-14 11:15:55] File successfully saved for 0a1689b2-2ff7-41be-9400-c11698478677, size: 225571 bytes
[2025-07-14 11:15:56] Returned to list page after downloading 0a1689b2-2ff7-41be-9400-c11698478677
[2025-07-14 11:15:56] SUCCESS: Character 0a1689b2-2ff7-41be-9400-c11698478677 downloaded successfully
[2025-07-14 11:15:56] Processing character 6/40: b7d66c19-6c8d-4292-b34a-2092813c295a, URL: https://jannyai.com/characters/b7d66c19-6c8d-4292-b34a-2092813c295a_character-subject-097
[2025-07-14 11:15:56] Download attempt 1/3 for character b7d66c19-6c8d-4292-b34a-2092813c295a
[2025-07-14 11:15:58] Navigated to character page: https://jannyai.com/characters/b7d66c19-6c8d-4292-b34a-2092813c295a_character-subject-097
[2025-07-14 11:15:58] Download button found for character b7d66c19-6c8d-4292-b34a-2092813c295a
[2025-07-14 11:15:58] Files before download: 0 for character b7d66c19-6c8d-4292-b34a-2092813c295a
[2025-07-14 11:15:58] Download button clicked for character b7d66c19-6c8d-4292-b34a-2092813c295a
[2025-07-14 11:15:58] Waiting for download file for character b7d66c19-6c8d-4292-b34a-2092813c295a, files before: 0
[2025-07-14 11:15:58] New file detected for b7d66c19-6c8d-4292-b34a-2092813c295a: /Users/txcslm/~RIDER/JannyAI/JannyAI/bin/Debug/net9.0/temp_downloads/Subject #097.card.png, size: 239419 bytes
[2025-07-14 11:15:58] File download confirmed for b7d66c19-6c8d-4292-b34a-2092813c295a - stable size: 239419 bytes
[2025-07-14 11:15:58] Moving file from /Users/txcslm/~RIDER/JannyAI/JannyAI/bin/Debug/net9.0/temp_downloads/Subject #097.card.png to /Users/txcslm/~RIDER/JannyAI/JannyAI/bin/Debug/net9.0/jannyai_characters/b7d66c19-6c8d-4292-b34a-2092813c295a.png
[2025-07-14 11:15:58] File successfully saved for b7d66c19-6c8d-4292-b34a-2092813c295a, size: 239419 bytes
[2025-07-14 11:16:00] Returned to list page after downloading b7d66c19-6c8d-4292-b34a-2092813c295a
[2025-07-14 11:16:00] SUCCESS: Character b7d66c19-6c8d-4292-b34a-2092813c295a downloaded successfully
[2025-07-14 11:16:00] Processing character 7/40: 64a77d29-8eee-4d6d-9207-7d5a325a22c7, URL: https://jannyai.com/characters/64a77d29-8eee-4d6d-9207-7d5a325a22c7_character-carmilla
[2025-07-14 11:16:00] Download attempt 1/3 for character 64a77d29-8eee-4d6d-9207-7d5a325a22c7
[2025-07-14 11:16:01] Navigated to character page: https://jannyai.com/characters/64a77d29-8eee-4d6d-9207-7d5a325a22c7_character-carmilla
[2025-07-14 11:16:01] Download button found for character 64a77d29-8eee-4d6d-9207-7d5a325a22c7
[2025-07-14 11:16:01] Files before download: 0 for character 64a77d29-8eee-4d6d-9207-7d5a325a22c7
[2025-07-14 11:16:01] Download button clicked for character 64a77d29-8eee-4d6d-9207-7d5a325a22c7
[2025-07-14 11:16:01] Waiting for download file for character 64a77d29-8eee-4d6d-9207-7d5a325a22c7, files before: 0
[2025-07-14 11:16:02] New file detected for 64a77d29-8eee-4d6d-9207-7d5a325a22c7: /Users/txcslm/~RIDER/JannyAI/JannyAI/bin/Debug/net9.0/temp_downloads/Carmilla .card.png, size: 717637 bytes
[2025-07-14 11:16:02] File download confirmed for 64a77d29-8eee-4d6d-9207-7d5a325a22c7 - stable size: 717637 bytes
[2025-07-14 11:16:02] Moving file from /Users/txcslm/~RIDER/JannyAI/JannyAI/bin/Debug/net9.0/temp_downloads/Carmilla .card.png to /Users/txcslm/~RIDER/JannyAI/JannyAI/bin/Debug/net9.0/jannyai_characters/64a77d29-8eee-4d6d-9207-7d5a325a22c7.png
[2025-07-14 11:16:02] File successfully saved for 64a77d29-8eee-4d6d-9207-7d5a325a22c7, size: 717637 bytes
[2025-07-14 11:16:03] Returned to list page after downloading 64a77d29-8eee-4d6d-9207-7d5a325a22c7
[2025-07-14 11:16:03] SUCCESS: Character 64a77d29-8eee-4d6d-9207-7d5a325a22c7 downloaded successfully
[2025-07-14 11:16:04] Processing character 8/40: d4267bb1-49d5-4d27-881e-7b544eef80b6, URL: https://jannyai.com/characters/d4267bb1-49d5-4d27-881e-7b544eef80b6_character-jayden
[2025-07-14 11:16:04] Download attempt 1/3 for character d4267bb1-49d5-4d27-881e-7b544eef80b6
[2025-07-14 11:16:05] Navigated to character page: https://jannyai.com/characters/d4267bb1-49d5-4d27-881e-7b544eef80b6_character-jayden
[2025-07-14 11:16:05] Download button found for character d4267bb1-49d5-4d27-881e-7b544eef80b6
[2025-07-14 11:16:05] Files before download: 0 for character d4267bb1-49d5-4d27-881e-7b544eef80b6
[2025-07-14 11:16:05] Download button clicked for character d4267bb1-49d5-4d27-881e-7b544eef80b6
[2025-07-14 11:16:05] Waiting for download file for character d4267bb1-49d5-4d27-881e-7b544eef80b6, files before: 0
[2025-07-14 11:16:05] New file detected for d4267bb1-49d5-4d27-881e-7b544eef80b6: /Users/txcslm/~RIDER/JannyAI/JannyAI/bin/Debug/net9.0/temp_downloads/Jayden .card.png, size: 232200 bytes
[2025-07-14 11:16:06] File download confirmed for d4267bb1-49d5-4d27-881e-7b544eef80b6 - stable size: 232200 bytes
[2025-07-14 11:16:06] Moving file from /Users/txcslm/~RIDER/JannyAI/JannyAI/bin/Debug/net9.0/temp_downloads/Jayden .card.png to /Users/txcslm/~RIDER/JannyAI/JannyAI/bin/Debug/net9.0/jannyai_characters/d4267bb1-49d5-4d27-881e-7b544eef80b6.png
[2025-07-14 11:16:06] File successfully saved for d4267bb1-49d5-4d27-881e-7b544eef80b6, size: 232200 bytes
[2025-07-14 11:16:07] Returned to list page after downloading d4267bb1-49d5-4d27-881e-7b544eef80b6
[2025-07-14 11:16:07] SUCCESS: Character d4267bb1-49d5-4d27-881e-7b544eef80b6 downloaded successfully
[2025-07-14 11:16:07] Processing character 9/40: eefce4ff-7be6-44fb-802d-4695e8ecc336, URL: https://jannyai.com/characters/eefce4ff-7be6-44fb-802d-4695e8ecc336_character-aihara-mei
[2025-07-14 11:16:07] Download attempt 1/3 for character eefce4ff-7be6-44fb-802d-4695e8ecc336
[2025-07-14 11:16:08] Navigated to character page: https://jannyai.com/characters/eefce4ff-7be6-44fb-802d-4695e8ecc336_character-aihara-mei
[2025-07-14 11:16:09] Download button found for character eefce4ff-7be6-44fb-802d-4695e8ecc336
[2025-07-14 11:16:09] Files before download: 0 for character eefce4ff-7be6-44fb-802d-4695e8ecc336
[2025-07-14 11:16:09] Download button clicked for character eefce4ff-7be6-44fb-802d-4695e8ecc336
[2025-07-14 11:16:09] Waiting for download file for character eefce4ff-7be6-44fb-802d-4695e8ecc336, files before: 0
[2025-07-14 11:16:09] New file detected for eefce4ff-7be6-44fb-802d-4695e8ecc336: /Users/txcslm/~RIDER/JannyAI/JannyAI/bin/Debug/net9.0/temp_downloads/Aihara Mei.card.png, size: 951468 bytes
[2025-07-14 11:16:09] File download confirmed for eefce4ff-7be6-44fb-802d-4695e8ecc336 - stable size: 951468 bytes
[2025-07-14 11:16:09] Moving file from /Users/txcslm/~RIDER/JannyAI/JannyAI/bin/Debug/net9.0/temp_downloads/Aihara Mei.card.png to /Users/txcslm/~RIDER/JannyAI/JannyAI/bin/Debug/net9.0/jannyai_characters/eefce4ff-7be6-44fb-802d-4695e8ecc336.png
[2025-07-14 11:16:09] File successfully saved for eefce4ff-7be6-44fb-802d-4695e8ecc336, size: 951468 bytes
[2025-07-14 11:16:11] Returned to list page after downloading eefce4ff-7be6-44fb-802d-4695e8ecc336
[2025-07-14 11:16:11] SUCCESS: Character eefce4ff-7be6-44fb-802d-4695e8ecc336 downloaded successfully
[2025-07-14 11:16:11] Processing character 10/40: 0dc56bf2-6db5-4b25-ae2d-79de8fe770d4, URL: https://jannyai.com/characters/0dc56bf2-6db5-4b25-ae2d-79de8fe770d4_character-sanzu
[2025-07-14 11:16:11] Download attempt 1/3 for character 0dc56bf2-6db5-4b25-ae2d-79de8fe770d4
[2025-07-14 11:16:12] Navigated to character page: https://jannyai.com/characters/0dc56bf2-6db5-4b25-ae2d-79de8fe770d4_character-sanzu
[2025-07-14 11:16:12] Download button found for character 0dc56bf2-6db5-4b25-ae2d-79de8fe770d4
[2025-07-14 11:16:12] Files before download: 0 for character 0dc56bf2-6db5-4b25-ae2d-79de8fe770d4
[2025-07-14 11:16:12] Download button clicked for character 0dc56bf2-6db5-4b25-ae2d-79de8fe770d4
[2025-07-14 11:16:12] Waiting for download file for character 0dc56bf2-6db5-4b25-ae2d-79de8fe770d4, files before: 0
[2025-07-14 11:16:12] New file detected for 0dc56bf2-6db5-4b25-ae2d-79de8fe770d4: /Users/txcslm/~RIDER/JannyAI/JannyAI/bin/Debug/net9.0/temp_downloads/Sanzu.card.png, size: 612505 bytes
[2025-07-14 11:16:13] File download confirmed for 0dc56bf2-6db5-4b25-ae2d-79de8fe770d4 - stable size: 612505 bytes
[2025-07-14 11:16:13] Moving file from /Users/txcslm/~RIDER/JannyAI/JannyAI/bin/Debug/net9.0/temp_downloads/Sanzu.card.png to /Users/txcslm/~RIDER/JannyAI/JannyAI/bin/Debug/net9.0/jannyai_characters/0dc56bf2-6db5-4b25-ae2d-79de8fe770d4.png
[2025-07-14 11:16:13] File successfully saved for 0dc56bf2-6db5-4b25-ae2d-79de8fe770d4, size: 612505 bytes
[2025-07-14 11:16:14] Returned to list page after downloading 0dc56bf2-6db5-4b25-ae2d-79de8fe770d4
[2025-07-14 11:16:14] SUCCESS: Character 0dc56bf2-6db5-4b25-ae2d-79de8fe770d4 downloaded successfully
[2025-07-14 11:16:14] Processing character 11/40: 9fce5596-8c50-4cf4-9d25-a982981ce4d2, URL: https://jannyai.com/characters/9fce5596-8c50-4cf4-9d25-a982981ce4d2_character-dylan-lenivy
[2025-07-14 11:16:14] Download attempt 1/3 for character 9fce5596-8c50-4cf4-9d25-a982981ce4d2
[2025-07-14 11:16:16] Navigated to character page: https://jannyai.com/characters/9fce5596-8c50-4cf4-9d25-a982981ce4d2_character-dylan-lenivy
[2025-07-14 11:16:16] Download button found for character 9fce5596-8c50-4cf4-9d25-a982981ce4d2
[2025-07-14 11:16:16] Files before download: 0 for character 9fce5596-8c50-4cf4-9d25-a982981ce4d2
[2025-07-14 11:16:16] Download button clicked for character 9fce5596-8c50-4cf4-9d25-a982981ce4d2
[2025-07-14 11:16:16] Waiting for download file for character 9fce5596-8c50-4cf4-9d25-a982981ce4d2, files before: 0
[2025-07-14 11:16:16] New file detected for 9fce5596-8c50-4cf4-9d25-a982981ce4d2: /Users/txcslm/~RIDER/JannyAI/JannyAI/bin/Debug/net9.0/temp_downloads/Dylan Lenivy.card.png, size: 242878 bytes
[2025-07-14 11:16:17] File download confirmed for 9fce5596-8c50-4cf4-9d25-a982981ce4d2 - stable size: 242878 bytes
[2025-07-14 11:16:17] Moving file from /Users/txcslm/~RIDER/JannyAI/JannyAI/bin/Debug/net9.0/temp_downloads/Dylan Lenivy.card.png to /Users/txcslm/~RIDER/JannyAI/JannyAI/bin/Debug/net9.0/jannyai_characters/9fce5596-8c50-4cf4-9d25-a982981ce4d2.png
[2025-07-14 11:16:17] File successfully saved for 9fce5596-8c50-4cf4-9d25-a982981ce4d2, size: 242878 bytes
[2025-07-14 11:16:18] Returned to list page after downloading 9fce5596-8c50-4cf4-9d25-a982981ce4d2
[2025-07-14 11:16:18] SUCCESS: Character 9fce5596-8c50-4cf4-9d25-a982981ce4d2 downloaded successfully
[2025-07-14 11:16:18] Processing character 12/40: 4b75f8f4-b49f-4576-a161-1c2426ded567, URL: https://jannyai.com/characters/4b75f8f4-b49f-4576-a161-1c2426ded567_character-xavi
[2025-07-14 11:16:18] Download attempt 1/3 for character 4b75f8f4-b49f-4576-a161-1c2426ded567
